id,customer_id_hash,transaction_type,earn_source,points,is_drink_purchase,drink_category,drink_price_jod,reward_id,created_at,expires_at,notes,role
36b1922e0006ddc49188dc7b0b27ed35d82c93d4dc1f45f649ff99909dc21cfd,70d6064fce0f3b2ef339b21edf9a549ee76c9bd381c9d6acce710131c03c921e,earn,Welcome Bonus,10,False,,,,2025-05-02 00:28:00,2025-10-29 00:28:00,Welcome to Raw Smith Circle!,customer
0d095324f374098a38d85ce0df5bb1b8932b06f19d6c989916080f515e78d124,2291349a28cfeb08cfc82c4b6dadf009426b7440f1c9fd833e824cf7955f7bcf,earn,Admin Adjustment (+),10,False,,,,2025-05-02 06:44:43,,Manual point grant,admin
43763d0be8329650131388099529d9f39ae150be40af0ee5608e2d451224446d,60f820ba362cdf9c342011859ceed333e5a1ae423a96d94e86be35cd376f153e,earn,Admin Adjustment (+),5,False,,,,2025-05-02 08:56:31,,Manual point grant,admin
9bf654080022ccdeb3575cd2730134e072eb41198c0a69e9d369c98c1dd1f479,cf673c3606a87b545a21752650d3688ce2bdf6193f2c23c12349e0aa23c95a04,earn,Admin Adjustment (+),10,False,,,,2025-05-02 12:50:07,,Manual point grant,admin
5235021b7fd4a99441d4d079c74a6d537730ac678d4c56aa1dd6f150531f78e2,eacacd00ff11f46719d582facbc7cbe4875e41b9ddd4b81a1838ac3b859ab353,earn,Admin Adjustment (+),10,False,,,,2025-05-02 13:09:18,,Manual point grant,admin
8336e72e5f74b18eb115ca13960cf1f10fe60b6f94730460a633716a31b05aa5,d986d685e1d3a09594b16db3eebf2daef9add0f9ce2a271f39eca9a3970931d7,earn,Admin Adjustment (+),30,False,,,,2025-05-02 13:37:28,,Manual point grant,admin
05f97555d2adbd453405da06528699b7fbfd16aa0200db4cf0a7b4404ad35391,37912de43d9f18b3701a95ddfd0a015a3541651913eeb1d0c84b01637ea6ea4c,earn,Admin Adjustment (+),5,False,,,,2025-05-03 11:56:54,,Manual point grant,admin
eebf5be59a84df921c96aa2dee32f0f72d7571d722b10dc17aedb3b3fc79a227,2291349a28cfeb08cfc82c4b6dadf009426b7440f1c9fd833e824cf7955f7bcf,earn,Admin Adjustment (+),10,False,,,,2025-05-04 06:38:42,,Manual point grant,admin
c907ea38e24c3e8e5b9dbe1a801ccd1946cc8a25cde16b0c66c6a0e3947f66c4,653fe1fc46ebbf17b5f3f8f8e3db7a01f33d401a21f9eebb57c3eb645aa20d7b,earn,Admin Adjustment (+),10,False,,,,2025-05-04 11:07:53,,Manual point grant,admin
943d562e1910e9986998c26a40f304ccab121bc2dfa7d6d88f670a5a85292d18,a5371be890f7605dad814a294a1aa6c890f61a4356f08d30ec0ab9ccf20da0f0,earn,Admin Adjustment (+),10,False,,,,2025-05-04 12:01:11,,Manual point grant,admin
2021b2f3010531311106511fc92f7b315ad56bed0d1311863c2254f1d77577ab,b88d8f57cbf74f97c48bf8e3a7ba52cab430ded920a6bed56278cd278f6b9c69,earn,Admin Adjustment (+),5,False,,,,2025-05-04 13:16:49,,Manual point grant,admin
e8ef2547d2a361b2f3abd51d78eb8b9cff07eb3ad3560c8538f5f3703086e4d2,ac735306a8aa503c7380285f162117b2991cfb026895d51c483d4ce6be2d39ba,earn,Admin Adjustment (+),10,False,,,,2025-05-04 16:30:59,,Manual point grant,admin
afaafa91d5e43a92ed01bc36a7eba31880a16bf3da737807b5f22f5ae770d828,050f2b8c6f0d503728dd5adf1a68e2a72d4b74b90e8d5d854c53df0eb44408e8,earn,Admin Adjustment (+),10,False,,,,2025-05-04 18:32:06,,Manual point grant,admin
bd3e1f3d59d375f583a1a435a8b875f6ee40a21857bca7e2a8bf59e3c4395818,f4e24a75f2e8c69ab9a3c08bcc3a6fa0ed93ff4b986afede1010ca8dd46eec45,earn,Admin Adjustment (+),15,False,,,,2025-05-05 03:42:32,,Manual point grant,admin
02c539850dfd9407b0b85ad48c8ac7bf4711281a28604c47385242f5306da95a,c267d04aa9fa8a039544def2e734d474d5be08ffce0088efbe1c26d4a45fc631,earn,Admin Adjustment (+),10,False,,,,2025-05-05 09:07:34,,Manual point grant,admin
b7d97f82aa747bfe73abddb22608f660950d819e250aed7a530dc06c948570c9,3f6c972319dbbe576cad2270b2237c43289f21ea736d29e0b1f2050d97b129f5,earn,Admin Adjustment (+),10,False,,,,2025-05-05 14:38:49,,Manual point grant,admin
e84d9fd35611b35602f5ef8ac753d9cb6335fcbbe6c5b0bb0f95090a6ba54d39,022ed022d58340abfb9e11fe980e1c419717bd640236544827edbb73995f6c7c,earn,Admin Adjustment (+),15,False,,,,2025-05-05 16:40:39,,Manual point grant,admin
f1d110d54e37ecd8f473ffeb368d61b00632c45d6a4367f664473f21a88f50e5,0c32258e3c936c2eaf222d8868d1d9ec998081e7dfa117e9876902dfed47d3d3,earn,Admin Adjustment (+),25,False,,,,2025-05-06 05:03:12,,Manual point grant,admin
f13e4d661dff713984313c24d91da85e122a302159a20c3f0e2a42699ec330fb,b3eb552de0a0f67f0a71865949650c93e78c8e5a147159e68ea59876a4d0f51b,earn,Admin Adjustment (+),10,False,,,,2025-05-06 10:40:29,,Manual point grant,admin
666e64c3593fd83628f23814cbaff6ee514340b45129ce2f342955517cc3e82c,d747f3147243b1b63899c9a5b0d1853ae4cb9e03f2a86a62241d6363ec4bf033,earn,Admin Adjustment (+),60,False,,,,2025-05-06 14:05:02,,Manual point grant,admin
82dcbeba452ce9749ee508305fe18504d95444fe0b8da3ba10121a1d081ab796,0357267802707d2da53af5c73d2d8f9f671436927ea2eb5b01631f9c418cefe5,earn,Admin Adjustment (+),5,False,,,,2025-05-08 06:24:18,,Manual point grant,admin
1e9248c922bf541977f78a4276662cd4d0e6bae8f167a14144cffc7e5dddc97c,05dd121f492dde883117a525c1df359dd94346399e1e5dc7b69ef0dcb8e00a16,earn,Admin Adjustment (+),10,False,,,,2025-05-08 10:04:22,,Manual point grant,admin
b0f73e3d8f8ead84e3486d5f2ab73ef19e3a94b2979cd8645bf9e5aaea669496,40f1624a0c78a36a80451f1c5cd5483d62c3b60f486f1614d1bfbb9deb45ba37,earn,Admin Adjustment (+),25,False,,,,2025-05-08 12:04:42,,Manual point grant,admin
72b40489560f6f887f2ab8624539d24d56ce72d49e7a143323efa92e17704c56,8c14f6f19e902454ca59e6b18d6c8a2d5340805a65a05dcb237c6f70007011b9,earn,Admin Adjustment (+),10,False,,,,2025-05-08 13:20:36,2025-11-04 13:20:36,Manual point grant,admin
d55abfdf54b46eb35322ece6ac0a53dce3b90b34f1631dfaff8292e6a93c1311,8d810342d3c885aeeb246681e10a8848e4dbd13c9aa1156e30b3888429a7da1c,earn,Admin Adjustment (+),10,False,,,,2025-05-08 14:44:44,,Manual point grant,admin
606d370976240dc86f2aacf88c34a65d6beb3c1c945bb5ddee128f73e994cf7a,88335f2b1fde41da84a59a25f840bd94d4cefcbf99349229e6ad88b821772bd2,earn,Admin Adjustment (+),10,False,,,,2025-05-08 16:39:17,2025-11-04 16:39:17,Manual point grant,admin
20e87c451d33cb9004a5765f6f29f8f2bb22614d8c987fbbe25f5c3ad4d61b10,2291349a28cfeb08cfc82c4b6dadf009426b7440f1c9fd833e824cf7955f7bcf,earn,Admin Adjustment (+),10,False,,,,2025-05-09 12:25:47,2025-11-05 12:25:47,Manual point grant,admin
cb81e2efda3621ee1fe09e07437905920b4685b99c2eed251f95ca602cd64d1b,7161db4f68d71ca261982b752ef99ffd76824da1be1d41e264037e79e551a93c,earn,Admin Adjustment (+),15,False,,,,2025-05-09 13:24:25,,Manual point grant,admin
514f6a8b960eb3f4a93b877e2ac884ab7216bfcaf1014397a1ddeb60c2d7f732,b88d8f57cbf74f97c48bf8e3a7ba52cab430ded920a6bed56278cd278f6b9c69,earn,Admin Adjustment (+),10,False,,,,2025-05-09 14:10:05,,Manual point grant,admin
f7ee772c3e2be29c6a16b8a05d11a2e748b083a8be94ce6f4a7df4b382d99a46,74d79fa48fb9c592ff3cc398610deb3c025465430736e1c628150ea027c3bdf0,earn,Admin Adjustment (+),5,False,,,,2025-05-09 17:51:39,,Manual point grant,admin
bca6ff4c9541a4c46d322a13127f357d44787c87136bcac0f347675d28436a01,572e7bcdc164f282bc44cdcdd67fc5350bcdbc045623a217dcd546578bc6a1fe,earn,Admin Adjustment (+),10,False,,,,2025-05-10 09:49:10,,Manual point grant,admin
1a186e88615e669e4d000fce569b3ae8d63b1c33643aad55685ba50e236e9b02,0c32258e3c936c2eaf222d8868d1d9ec998081e7dfa117e9876902dfed47d3d3,earn,Admin Adjustment (+),25,False,,,,2025-05-10 09:59:03,,Manual point grant,admin
fec4db6cb1dcdf2d9f752ddb665764ceb48e2941e89cdd6e7be7754b2f063477,3b57545e04f252b6574ff70a85305f629244a20f77211f89c920854cd92ad3b2,earn,Admin Adjustment (+),15,False,,,,2025-05-10 12:34:30,,Manual point grant,admin
886e33a610be6302ed7b0e2fc5fc3751fd92cc113d4ceddbd4f801472ef386c5,f8bf4184ac4772f1e5b1619f281e19c104eb941ea082c23e1a12a4356e87a6bf,earn,Admin Adjustment (+),60,False,,,,2025-05-10 14:00:45,,Manual point grant,admin
8cbfe79e1896c98066da6b842eb8bad43a3eb54bf9b33588d902e3cb6ded1a5f,dc6c6ed3352b9e3131a29fbc4a0de86324d4d853fd7f3075c7c85cb287a757af,earn,Admin Adjustment (+),30,False,,,,2025-05-10 17:08:44,,Manual point grant,admin
3e25b22b193801e32159f5e05f39cf06cc357d282d0c302ccf0255b7a0f17769,60f820ba362cdf9c342011859ceed333e5a1ae423a96d94e86be35cd376f153e,earn,Admin Adjustment (+),10,False,,,,2025-05-10 17:56:52,,Manual point grant,admin
32ca11c55a432e7ae7be74d2f95fbe6e81848d54493b1a145251c8a7a31b46ce,2291349a28cfeb08cfc82c4b6dadf009426b7440f1c9fd833e824cf7955f7bcf,earn,Admin Adjustment (+),10,False,,,,2025-05-10 18:39:58,,Manual point grant,admin
18b3eac67ef01b334f35462826821908ca666300c0f1f71a55fb695215125bf5,c16d69c03bf20932e60535de01303a169e4464bb000a79431ceb098d1522524f,earn,Admin Adjustment (+),10,False,,,,2025-05-11 08:10:01,,Manual point grant,admin
2fc13b7a71f9276b4d40554f922b5d897efb634cb7b82c6433b69180fcd8c1a5,51119a3455dc32a4bad89096840853f1f847e76e80d0b2744adb54305f3310a5,earn,Admin Adjustment (+),20,False,,,,2025-05-12 00:42:24,,Manual point grant,admin
38f4c51d5a048705f25979286cb44f722ce2a7ddc00f1dd359d53414d945d6a6,7161db4f68d71ca261982b752ef99ffd76824da1be1d41e264037e79e551a93c,earn,Admin Adjustment (+),10,False,,,,2025-05-12 09:45:03,,Manual point grant,admin
9fe76ef327f8784ad6c88e6a194307d3fb80a3e2a7402bd0d111f60a1e0e332a,51119a3455dc32a4bad89096840853f1f847e76e80d0b2744adb54305f3310a5,earn,Admin Adjustment (+),5,False,,,,2025-05-12 11:26:17,,Manual point grant,admin
a2efae51579ea083b59bf78792ce43d6eed76e7b4072bdf998e8856738313102,ac735306a8aa503c7380285f162117b2991cfb026895d51c483d4ce6be2d39ba,earn,Admin Adjustment (+),10,False,,,,2025-05-12 12:24:18,,Manual point grant,admin
bd2d7c38c31b95d0fd79eb47c79bd9a22671e4d85ecfea6dcbf9f26b8e5116e9,cffe157722e96ff5b189a894d08326c3ace0f2d79c90daa012e141b17fb264f2,earn,Admin Adjustment (+),10,False,,,,2025-05-13 09:35:45,2025-11-09 09:35:45,Manual point grant,admin
2f59002dc0917c9beef76cad1d456d4060286bf1a70777a4079e20a7cd50be52,d986d685e1d3a09594b16db3eebf2daef9add0f9ce2a271f39eca9a3970931d7,earn,Admin Adjustment (+),40,False,,,,2025-05-14 12:37:46,,Manual point grant,admin
6a70e21ec6a60c23ddf6ad49c94e4b1990a548b9a3cd9cb0b9fa889e88e17e62,00facca840129191d923ccec896fb5384a007e008cb3b14c573fac8b7374c92b,earn,Admin Adjustment (+),10,False,,,,2025-05-14 13:53:10,,Manual point grant,admin
80f63f5ecb20d719393b6db3c9ad6c2886cab8e3b16d086ba83fe92a8f611176,f0d16cd473be8fb9ea54491cdffea34070e84b4f082f8112ace8ffaf4497db30,earn,Welcome Bonus,10,False,,,,2025-05-15 00:17:00,2025-11-11 00:17:00,Welcome to Raw Smith Circle!,customer
93e880aea97ba2c7963405e165fa1a3d52929b6d943a5f847064caac49cfa57e,0c32258e3c936c2eaf222d8868d1d9ec998081e7dfa117e9876902dfed47d3d3,earn,Welcome Bonus,10,False,,,,2025-05-15 00:35:00,2025-11-11 00:35:00,Welcome to Raw Smith Circle!,customer
13ef5ce0794d1b1fe6855edb2599165cec62df6e912d5ac6a3dafb3aaadf6bab,9a7112834a9a5f55b6a98974a27226f1072a02576b624f726cff1b55f0d64a05,earn,Welcome Bonus,10,False,,,,2025-05-15 00:36:00,2025-11-11 00:36:00,Welcome to Raw Smith Circle!,customer
f7de05019733e6479cfd0024d89fa27f91c5d2c666cafc0834d3042167dee2b0,d79455d8c89ad399900fcc9eea1e23b91f83e9ec360b9247ea3bda261c466d7a,earn,Welcome Bonus,10,False,,,,2025-05-15 00:38:00,2025-11-11 00:38:00,Welcome to Raw Smith Circle!,customer
2b875405e69cd88239155b3c06572b9bfcf4c5f1feb73a1f336aaad13499dd85,4e8f08b7cb2e67109b6dcdd38c09a91c31fe5dd67d7f0a71c6875f57ec3246d7,earn,Welcome Bonus,10,False,,,,2025-05-15 00:48:00,2025-11-11 00:48:00,Welcome to Raw Smith Circle!,customer
20184da88b67fda7f157f200b25c7c143b499b41d4d6694e9c20269fcb8e6434,57a16dd38a34440b086de09867b479499e5917de5eddbb837fdd1152bd0b6bef,earn,Admin Adjustment (+),10,False,,,,2025-05-15 08:14:07,,Manual point grant,admin
908299709635516fe83ab87c4e642fcf8de9981ac321d534127737017ec040b6,dd821bb8c29de15afe7e2e73810f8e9b72bb1852e57faa3746e8b00411a09f89,earn,Admin Adjustment (+),15,False,,,,2025-05-15 08:59:39,,Manual point grant,admin
298532a23f4083c7af02ee07c9dc166fba031c8f843a883e336e571a519f6822,653fe1fc46ebbf17b5f3f8f8e3db7a01f33d401a21f9eebb57c3eb645aa20d7b,earn,Welcome Bonus,10,False,,,,2025-05-16 00:09:00,2025-11-12 00:09:00,Welcome to Raw Smith Circle!,customer
ec2d7e121c6ead8b21e14aa8cf82064478d0c9668fb96924b46e98213a435b64,40f1624a0c78a36a80451f1c5cd5483d62c3b60f486f1614d1bfbb9deb45ba37,earn,Welcome Bonus,10,False,,,,2025-05-16 00:10:00,2025-11-12 00:10:00,Welcome to Raw Smith Circle!,customer
7aa966c15fb57adefca9ab8b6a0901cce67acb9d1c27f326861f680e81825ce8,a5371be890f7605dad814a294a1aa6c890f61a4356f08d30ec0ab9ccf20da0f0,earn,Welcome Bonus,10,False,,,,2025-05-16 00:16:00,2025-11-12 00:16:00,Welcome to Raw Smith Circle!,customer
b365e5a67a79adbf9803a11df083a909081c0bb844e7959642d40c56755c39d8,7d05a042bca1664d46ffb3e0cc7e61805072a66609f037e5716bd9acef69babd,earn,Welcome Bonus,10,False,,,,2025-05-16 00:17:00,2025-11-12 00:17:00,Welcome to Raw Smith Circle!,customer
c773877c348cb7215464c6c380f8e36cc7cf334238de6c0ce573b10ec09927b8,b3eb552de0a0f67f0a71865949650c93e78c8e5a147159e68ea59876a4d0f51b,earn,Welcome Bonus,10,False,,,,2025-05-16 00:48:00,2025-11-12 00:48:00,Welcome to Raw Smith Circle!,customer
a7adea375cd95e6a22ddc9d3a41bc7116d488811eb4181ddd558e57f650e3e45,0c32258e3c936c2eaf222d8868d1d9ec998081e7dfa117e9876902dfed47d3d3,earn,Admin Adjustment (+),75,False,,,,2025-05-16 13:45:57,,Manual point grant,admin
e9853297ba399f3eda7ace2ab6a3fed05123106be351362d30b7a91b291aa82b,a1cdac58029cf6218fe5b23cf198576b9086cb60ab708be06f8a374ff3f918d0,earn,Admin Adjustment (+),15,False,,,,2025-05-16 15:06:33,,Manual point grant,admin
9a9b4975353a8686b567a3459174a4afd9f3243486ff30b3aeb5e6b049d34d1c,99464bc01aa23b70b8852bce183f82600a9ba496baa75ec28f0f3cf506b6b565,earn,Welcome Bonus,10,False,,,,2025-05-17 00:30:00,2025-11-13 00:30:00,Welcome to Raw Smith Circle!,customer
8136dc66826ca2a37785e800a4a31e7666ef74d3d9755fe631193399bcab3be5,16228fddcff0f24423896b57abc14d55b7b3e5487eefd5983a569d60f8a2e20b,earn,Welcome Bonus,10,False,,,,2025-05-17 00:42:00,2025-11-13 00:42:00,Welcome to Raw Smith Circle!,customer
3f85dd8dfd6b1184cbd3d38f4ba4b8fb82e78b2e3efab194eb151ed668594cfc,c16d69c03bf20932e60535de01303a169e4464bb000a79431ceb098d1522524f,earn,Welcome Bonus,10,False,,,,2025-05-17 00:59:00,2025-11-13 00:59:00,Welcome to Raw Smith Circle!,customer
fde4d20092a2d7adedda8c42dbc227bf80a40ca1a849a3e2ec14d642b789aa46,99cfc4f3a317d79c15d51bb16746f35a8cbe4520ec185b5d959a39ca27000e27,earn,Welcome Bonus,10,False,,,,2025-05-18 00:14:00,2025-11-14 00:14:00,Welcome to Raw Smith Circle!,customer
16850ef5e73aee289f2792b9825f86a202e6e520540f2c0e191b0f733af6a5f0,1f9d54a188fcd94550daacc43881fd1a41e22cae4b7c13b13cc00221dfd20c9b,earn,Welcome Bonus,10,False,,,,2025-05-18 00:26:00,2025-11-14 00:26:00,Welcome to Raw Smith Circle!,customer
11b4580c8cea1c3c1d6c35b6ce90c9314060b37cd0fb2d77b705513d6d55ea48,74721417059728ab56643221bf8e92feb4a74cd869f0aa9e5f41f99dca27b9ef,earn,Welcome Bonus,10,False,,,,2025-05-18 00:32:00,2025-11-14 00:32:00,Welcome to Raw Smith Circle!,customer
b2cce59cd7f6432e84ebc3f287c83a6bbbcafa4cfdf43b2822b6815c6e8ee4dc,d986d685e1d3a09594b16db3eebf2daef9add0f9ce2a271f39eca9a3970931d7,earn,Welcome Bonus,10,False,,,,2025-05-18 00:42:00,2025-11-14 00:42:00,Welcome to Raw Smith Circle!,customer
a1ae445f63f4206fd93b4a1c5f74b56f28a6bdf8aaa1339a60a5c3a6c6d1a887,aeefb81c6584d4bfd9694a7ddd1defe10a5895a46d0ecc5b646067494f6cbf6a,earn,Welcome Bonus,10,False,,,,2025-05-18 00:57:00,2025-11-14 00:57:00,Welcome to Raw Smith Circle!,customer
5d632ca574041acc65befbfe9e7c81c5c09f7d86f64d44414771fb8bd3ecd113,d2358ef73786472dd117291391a151f5a4db970e99b1f3cd23874d25f912037c,earn,Admin Adjustment (+),10,False,,,,2025-05-18 07:20:20,,Manual point grant,admin
9d49a84f202d409c6f5b635acf03e0e535cac25822051c6797c49b071d01fa52,18e0783433151e660326d8275aee7875e5ca604f77102896bb9cc94e9e47d4ef,earn,Admin Adjustment (+),10,False,,,,2025-05-18 08:00:24,,Manual point grant,admin
2fdf5bf648c88289a131444bb2c21e15ddc06999ae87ccd09227301bec1909d7,f01b52ebb7c94bef7ebcd01c064f3196c99fceda251c71f3fdb357f4225f22f1,earn,Admin Adjustment (+),75,False,,,,2025-05-18 08:57:15,,Manual point grant,admin
d36b1f8d39d5995860e6fc03e4120c23936f359a25a21aef0b84639f574326d5,18faf257ba6922a03804d8b32bc48b9e8d8dc3529f3c98c32e8461e6ea1333f9,earn,Welcome Bonus,10,False,,,,2025-05-19 00:21:00,2025-11-15 00:21:00,Welcome to Raw Smith Circle!,customer
c09d5c61cc8c306c0b8ac87c5f149b122878e0fdc74bcda2da8720ea2683fb1b,d700ea1d09479e0c5c125481375ae85f31c8de99a0ad054f8005b5e6c0fac837,earn,Admin Adjustment (+),5,False,,,,2025-05-19 11:27:52,,Manual point grant,admin
8dea4c6dcb43fc0d78ac286c7a02d7275bfd770fa5f394534f5198b4aff59fb5,00facca840129191d923ccec896fb5384a007e008cb3b14c573fac8b7374c92b,earn,Admin Adjustment (+),10,False,,,,2025-05-19 14:49:19,,Manual point grant,admin
9e2e3dfd3acc4ee4f866aaf5639757c0b75a768af89172221d72dca0d4bf8849,11ae86aba7f28445816f46815e200899c986babd632684da1494df16240af3d8,earn,Admin Adjustment (+),5,False,,,,2025-05-19 16:22:07,,Manual point grant,admin
36d696997ca6c6066bdd786e778889722edfddd7a4b3690f8eee427e82137b57,9653cb15d827e7dc146a46287914dc88a793e63354a0e5f311b41ef714df0ed3,earn,Welcome Bonus,10,False,,,,2025-05-20 00:46:00,2025-11-16 00:46:00,Welcome to Raw Smith Circle!,customer
9aec7501a209e7e36044cc4079aa1ecc418ccd6f28ed44955c8dd52e62ffb97c,f01b52ebb7c94bef7ebcd01c064f3196c99fceda251c71f3fdb357f4225f22f1,earn,Admin Adjustment (+),10,False,,,,2025-05-20 06:42:08,,Manual point grant,admin
a6899c5acf46b71ecd33923d403fc99570eee899a900e53a2a90c38d11dd3c46,7c144b48c34b5be9b0353ecf7d80d6c511438672ffb9c2eda096f89cc2d315ca,earn,Admin Adjustment (+),25,False,,,,2025-05-20 09:24:04,,Manual point grant,admin
9c9e08e73c071aae107130148770b8f8f2c91ae41009c9a0a488193297b25b82,1a279da7e2eb06a63ad367041b3aa35c78f4f3b9b1219f923ac38d1eb24a97d0,earn,Admin Adjustment (+),60,False,,,,2025-05-20 10:04:17,,Manual point grant,admin
fd889a0462cd839621184c288d88bccd500207bbe467153f316b1cdcd7bb9e8b,7c3ed7730f0ca83a853404ec99d01be8ce4f75980f76d47d2b76d6bc1b87549e,earn,Admin Adjustment (+),20,False,,,,2025-05-20 11:14:39,,Manual point grant,admin
2831d28d59a169eec251df3c4713b8d658ad0472e056e7d9de6db405460108a1,c097c34b1b28826e60f005af382b66c8c1d0c83dd812669ce00dea7ec79b33ff,earn,Admin Adjustment (+),20,False,,,,2025-05-20 13:49:37,,Manual point grant,admin
cf5ec06479ef4df756e59fef343fc2408c07db9f105d2f8fde729c715828fcd1,9b33e3d0c4ff628e166b7efb8fd55c09cba3e063f6495d33fbca3ad8ee2c6d1e,earn,Admin Adjustment (+),5,False,,,,2025-05-20 15:05:00,,Manual point grant,admin
8edb85041de185b4011a2a97a1f91ff887061a9b6668f42f0e75ea3af2bf8bad,7d05a042bca1664d46ffb3e0cc7e61805072a66609f037e5716bd9acef69babd,earn,Admin Adjustment (+),60,False,,,,2025-05-20 18:33:02,,Manual point grant,admin
7b5314db4440e48231d8a9e5115e44f8ae526af79523df2702073f03941e1ef7,e3914c679e96f5cef589fd98b1e1c254b760909e351f0ff3d90787effc0da8cf,earn,Welcome Bonus,10,False,,,,2025-05-21 00:37:00,2025-11-17 00:37:00,Welcome to Raw Smith Circle!,customer
2a04d0816929fc339d01fe0161f771647930a853c19fc3dfedb725a47b1c5313,a1cdac58029cf6218fe5b23cf198576b9086cb60ab708be06f8a374ff3f918d0,earn,Welcome Bonus,10,False,,,,2025-05-21 00:57:00,2025-11-17 00:57:00,Welcome to Raw Smith Circle!,customer
cf4c4f599e3cf44e04c2956e0ae5b4a7d359517d3419825877da21889dad691a,8c14f6f19e902454ca59e6b18d6c8a2d5340805a65a05dcb237c6f70007011b9,earn,Welcome Bonus,10,False,,,,2025-05-21 00:59:00,2025-11-17 00:59:00,Welcome to Raw Smith Circle!,customer
9a5dab222b4291f28e82f3411bac8c323f657eb9b806191fce96caa330c214b8,00facca840129191d923ccec896fb5384a007e008cb3b14c573fac8b7374c92b,earn,Admin Adjustment (+),10,False,,,,2025-05-21 10:02:46,2025-11-17 10:02:46,Manual point grant,admin
0491fc24415b710aa60306db094947ee9d8f8f5dd55cb7795624edeca6ae95c8,579da5019dd74d0aaef5b375021936697054dc4c4698d8b5969f3c53ac3cc368,earn,Admin Adjustment (+),25,False,,,,2025-05-21 19:55:53,,Manual point grant,admin
d41835029806c43c71cde69890147d53db89cb6029366159b4924c90a06515ad,7d0b62c3a1ff147bf8df871d63bc1ba74c525eaa78e0bcb1bac46b882a79ebf4,earn,Welcome Bonus,10,False,,,,2025-05-22 00:05:00,2025-11-18 00:05:00,Welcome to Raw Smith Circle!,customer
cc246a765504572307239721523b864cb1cda12ff43d53e23d0bb7501830e630,cbe0cc2e3c71af739591c458f36d5c2a2bda23b5721a0dcaee07fe735823b2a6,earn,Welcome Bonus,10,False,,,,2025-05-22 00:14:00,2025-11-18 00:14:00,Welcome to Raw Smith Circle!,customer
f7068040a92fcfaf93d7f2afe6dff4fecb2809de0887026c0bfe0026441581c8,00facca840129191d923ccec896fb5384a007e008cb3b14c573fac8b7374c92b,earn,Welcome Bonus,10,False,,,,2025-05-22 00:18:00,2025-11-18 00:18:00,Welcome to Raw Smith Circle!,customer
677364fe54723bba8ceedc19001101b97b92c8d034f7947a2902383781ab9e46,a4fbc9f143f6ee8eb80376a4effb15d38007085da39db72ce12ab61755d05dde,earn,Admin Adjustment (+),5,False,,,,2025-05-22 08:22:46,,Manual point grant,admin
aa1f819506bcb23d238545e7172f5f5b65af4d4ee5ff2b35a153ba9c124ed3d3,7702f6059a627113cde3f3ceae8b7655a5a2d2d03b3495de3f637e55532c1a10,earn,Admin Adjustment (+),10,False,,,,2025-05-22 09:28:50,,Manual point grant,admin
9a79f66304dd2b291805444735134a7ba3ac0609b6cfa5f6beebc12733851b23,de9e8dc68138654cadf078b09d7e41c1636e36acb67588623256eb403dc550b3,earn,Admin Adjustment (+),5,False,,,,2025-05-22 12:48:09,,Manual point grant,admin
5b61bb4691da1cf8c7973c1e153b4fcbae1ff975fd66bba2af712286bb79bf8c,5aa8946ed0ff7a5ff3eabfb04fe8cbe66df66a7d449363e6f5b4ab201f2373bf,earn,Welcome Bonus,10,False,,,,2025-05-23 00:03:00,2025-11-19 00:03:00,Welcome to Raw Smith Circle!,customer
4d7a15f2b864da7edc73fd403889c4a36a23ca2aa2150ee4f00e317fb5a6f158,d700ea1d09479e0c5c125481375ae85f31c8de99a0ad054f8005b5e6c0fac837,earn,Welcome Bonus,10,False,,,,2025-05-23 00:15:00,2025-11-19 00:15:00,Welcome to Raw Smith Circle!,customer
66ab863fbffe7d447c3160bb059904e539cce9c3e2defd9cad207103e8ded7af,56c2f8cce00fd45a61a60543335abb2cb666f70f6db54c3d3722d1b86c6379b2,earn,Welcome Bonus,10,False,,,,2025-05-23 00:21:00,2025-11-19 00:21:00,Welcome to Raw Smith Circle!,customer
f70fe033b0d9ad36cb04e1175df613a799d500762e3461fe7fdbad54e2e253de,e702380378174949186afa51af1c6110f2ff0a27d8b84fa830047d7481284181,earn,Welcome Bonus,10,False,,,,2025-05-23 00:26:00,2025-11-19 00:26:00,Welcome to Raw Smith Circle!,customer
452458b18388c3f9111d40dabd1b6284d12bf5e9078261ebf289001ea55bee79,74d79fa48fb9c592ff3cc398610deb3c025465430736e1c628150ea027c3bdf0,earn,Welcome Bonus,10,False,,,,2025-05-23 00:52:00,2025-11-19 00:52:00,Welcome to Raw Smith Circle!,customer
07d1ea258146e4357d1a2c9672f2568d24a84f70b912019dfd6449e430e4387b,7edb25ef492ac294827760a4fc1a5c66010b5cd8b76e0f30642dec26f58522b1,earn,Welcome Bonus,10,False,,,,2025-05-23 00:53:00,2025-11-19 00:53:00,Welcome to Raw Smith Circle!,customer
3e79398a9b876aa60bea0f2d58eb8abe7a604e857c5c17e1f4f9e6e739282bbf,f0d16cd473be8fb9ea54491cdffea34070e84b4f082f8112ace8ffaf4497db30,earn,Admin Adjustment (+),10,False,,,,2025-05-23 08:41:50,,Manual point grant,admin
6cf4318e6e79e0fc43970b2cb16b7fd188b243a1cc8c30b4944a35e5e7a60e8d,c16d69c03bf20932e60535de01303a169e4464bb000a79431ceb098d1522524f,earn,Admin Adjustment (+),5,False,,,,2025-05-23 11:22:13,,Manual point grant,admin
5d192be0a13a5c43ce2ae3cde06ebae86c6008ca5414e8ab2bcd967237088080,c16d69c03bf20932e60535de01303a169e4464bb000a79431ceb098d1522524f,earn,Admin Adjustment (+),10,False,,,,2025-05-23 11:25:46,,Manual point grant,admin
609d3fa5d6b4256775a8b8ea52f0cacfc41d7443bed13c12c51b2d3844653624,00facca840129191d923ccec896fb5384a007e008cb3b14c573fac8b7374c92b,earn,Admin Adjustment (+),15,False,,,,2025-05-23 11:58:20,,Manual point grant,admin
94dad8d65bb311a3935dd3f45966ba6d81f1dd2a0f40c44282814a2eda2fdeaf,dd772f66d8b80d454d7f9876c419d88afce0403af3ae67742bf4227f723a55eb,earn,Admin Adjustment (+),10,False,,,,2025-05-23 17:36:32,,Manual point grant,admin
4959c10b4f30b8ef7119a61e3979f4f7e5ade885b824d995052402587abf2c68,579da5019dd74d0aaef5b375021936697054dc4c4698d8b5969f3c53ac3cc368,earn,Welcome Bonus,10,False,,,,2025-05-24 00:04:00,2025-11-20 00:04:00,Welcome to Raw Smith Circle!,customer
209e218838f2e8be184b6b305e7ca93a1454f61d61ac2a2f107f30d79e2c1bb9,28ad6ca3fb0e2f5d50e7e1c1b3e1c6a4279f9c58c0aaeaa1b6f2a6a24d4c1c0a,earn,Welcome Bonus,10,False,,,,2025-05-24 00:50:00,2025-11-20 00:50:00,Welcome to Raw Smith Circle!,customer
f2a80e0a8cc1e4c59bf159134afb2062eb3b56ab8d47f7775a2398c8b9b020ae,d2358ef73786472dd117291391a151f5a4db970e99b1f3cd23874d25f912037c,earn,Welcome Bonus,10,False,,,,2025-05-24 00:50:00,2025-11-20 00:50:00,Welcome to Raw Smith Circle!,customer
3351f16b89ed3ea2fc7f812fb1fbee2ca16bdd4fb7cafdd3a44f0e55cc3c1174,7161db4f68d71ca261982b752ef99ffd76824da1be1d41e264037e79e551a93c,earn,Admin Adjustment (+),10,False,,,,2025-05-24 06:05:35,,Manual point grant,admin
567a263f989d7bb901dcee5b64574a66f4bb1b2760f41a0ed935f64b9e62447c,cbe0cc2e3c71af739591c458f36d5c2a2bda23b5721a0dcaee07fe735823b2a6,earn,Admin Adjustment (+),10,False,,,,2025-05-24 06:50:53,,Manual point grant,admin
853563907088c325089e84f0ec62498da00f9ef20f762ad8ff16ee7eb5a4527d,b88d8f57cbf74f97c48bf8e3a7ba52cab430ded920a6bed56278cd278f6b9c69,earn,Admin Adjustment (+),10,False,,,,2025-05-24 11:05:04,2025-11-20 11:05:04,Manual point grant,admin
392b60149d82191ba18f858b6e480187a2e83564c2ce9ca4324a94f3d0c3bd51,6a4579783621b55ff9a27b1dcb5d8247ab21e53fc5d407a9765944089e86255a,earn,Admin Adjustment (+),10,False,,,,2025-05-24 11:18:34,,Manual point grant,admin
910c61ea714ff7bbd915baf706440b1b802a74dde7fa057d92b29fa6da29f0a1,bf4b607c8335801c9337eeb434891608aa61266b18764b77dd87a6c4771325ad,earn,Admin Adjustment (+),5,False,,,,2025-05-24 11:54:15,2025-11-20 11:54:15,Manual point grant,admin
90c52aaee6c68507e315d7cd481c542d58e0bb141aa2731fa35ed08e21cad2ce,74d79fa48fb9c592ff3cc398610deb3c025465430736e1c628150ea027c3bdf0,earn,Admin Adjustment (+),30,False,,,,2025-05-24 14:39:16,,Manual point grant,admin
929dc703e47da05d0268a43855a54f02f06d406ada4124c9219b2aafda8698f5,60f820ba362cdf9c342011859ceed333e5a1ae423a96d94e86be35cd376f153e,earn,Admin Adjustment (+),5,False,,,,2025-05-24 16:19:28,,Manual point grant,admin
713b925c7436720c66830ea8923b719cae0385d100c42560522e11ddb1f4f1d9,01ce66bda34d8522fd5b741f0c5f0b877dbd89826e89c99d6d41947db2e53bcd,earn,Admin Adjustment (+),20,False,,,,2025-05-24 23:52:12,,Manual point grant,admin
e646bb66a01a2c43b9d271faefd85dc1f06cbdd9033de5aee4f190b745fc9a5d,d986d685e1d3a09594b16db3eebf2daef9add0f9ce2a271f39eca9a3970931d7,earn,Admin Adjustment (+),10,False,,,,2025-05-25 02:17:43,,Manual point grant,admin
75bab3a214bdf6b02f550d1dc04eb073ee41467c529dfb8b2411a7f40f678133,7f20a8a48ed409b531f0dd06fd9d397a3a47dfa41c0d9f2985def03238da47fe,earn,Admin Adjustment (+),10,False,,,,2025-05-25 05:34:11,,Manual point grant,admin
a6af88ecb853b43607c5a3e9944e8168e90340b07be6a8da3f07744ced7f6981,308c7ac0094cc2b1137bc1aa0a796f5e144026ab28fef033092f468dbed0479a,earn,Admin Adjustment (+),10,False,,,,2025-05-25 07:16:41,,Manual point grant,admin
e16d235832ad8427cb4b0c4dd5ffc7326bb0972e6fc0c6e8822defdf24e532f3,f4e24a75f2e8c69ab9a3c08bcc3a6fa0ed93ff4b986afede1010ca8dd46eec45,earn,Admin Adjustment (+),10,False,,,,2025-05-25 08:41:01,,Manual point grant,admin
f0ae357e1022bf3cfcc14dcd5e4864070a1f32394f5d695ac99e6719042405df,d8a445a8a703626ee87d750c6bd46b37ed04a4faa642741f4bd2695e85bf8132,earn,Welcome Bonus,10,False,,,,2025-05-26 00:54:00,2025-11-22 00:54:00,Welcome to Raw Smith Circle!,customer
c8e28232f16a2cd9e7c06b6ef164126414e5c5967696ad970992f20236e9bf86,b25ed1750aae5ef9500d96b7397194edd2a695e75a3cc7ee271f2117a10ed547,earn,Admin Adjustment (+),10,False,,,,2025-05-26 10:04:38,,Manual point grant,admin
23c907520d916d05fb8bf5e7d0c46a78d912caab7180559e6d7e793fbc611686,fb812e987eeb88cda1a9d54159fa441826c866053835948a5ba9682e1999413e,earn,Admin Adjustment (+),50,False,,,,2025-05-26 11:56:52,,Manual point grant,admin
a0193ab19f867f6dcccb01c5083767e6bb074885a874bfd3a92a692c81f64c49,cf673c3606a87b545a21752650d3688ce2bdf6193f2c23c12349e0aa23c95a04,earn,Welcome Bonus,10,False,,,,2025-05-27 00:21:00,2025-11-23 00:21:00,Welcome to Raw Smith Circle!,customer
b731025b7e687df625b5663d538fb901ae34ad8ff4c5a28f8d8ff24c01dcf115,7b1b3d6c19f2ea5ab9ea59cb8109ba2970fce623d064648dbdf6f25d2bad6f3e,earn,Welcome Bonus,10,False,,,,2025-05-27 00:44:00,2025-11-23 00:44:00,Welcome to Raw Smith Circle!,customer
dca5a001d60faa029ae83840939fa1608900943c71d78df4d7a34943ed999ae3,1805cd18b610d4f0e9dd4aeac99d83d76551e1ac8e5495dcafe14397d94cb774,earn,Admin Adjustment (+),10,False,,,,2025-05-27 11:34:02,,Manual point grant,admin
a89c1d33336f06ab2938eb3f4f023c05aee54e73c65eeb7e45db05d16cab3b22,40f1624a0c78a36a80451f1c5cd5483d62c3b60f486f1614d1bfbb9deb45ba37,earn,Admin Adjustment (+),15,False,,,,2025-05-27 14:44:38,,Manual point grant,admin
9af0280f42ea9a2ae45431b3cd33ff0633a398f10bea03fef6240fb1346ab6a7,40f1624a0c78a36a80451f1c5cd5483d62c3b60f486f1614d1bfbb9deb45ba37,earn,Admin Adjustment (+),10,False,,,,2025-05-27 21:41:52,,Manual point grant,admin
55d954c46c819c85a4e415388d674eb6d8f34c7034885d34235210b4bb5f25f1,dc32e655c2abd3b8221175d18034d3be52f2142319021c4950ee84d4de1ae8eb,earn,Admin Adjustment (+),10,False,,,,2025-05-28 08:08:54,,Manual point grant,admin
ab1a2ce7334dd08dff263f1c873c9317d726ab67276113da70c5187708d00d5d,99cfc4f3a317d79c15d51bb16746f35a8cbe4520ec185b5d959a39ca27000e27,earn,Admin Adjustment (+),10,False,,,,2025-05-28 09:42:04,,Manual point grant,admin
46563ce8742ed1aa4f1d5514a0a2b28d3a2aba7487a8d1790de746f884500ddc,ca2e6dcd996ce770aa74ad3bd0272d9d3994fb6b7c5946a3f612592cba3777cc,earn,Admin Adjustment (+),10,False,,,,2025-05-28 10:37:19,,Manual point grant,admin
2fc432e89432fcf927afd49f4a84f93ef7b8cb230229fc45a359b25ef8975b17,e1e94359f6c372cc51698dc8090790cc62bffa2d3e602b1003c3d819a9c94bcc,earn,Welcome Bonus,10,False,,,,2025-05-29 00:15:00,2025-11-25 00:15:00,Welcome to Raw Smith Circle!,customer
2752595766479b99b91179fd11b38deb94a89346f147b884b0cb36c8b7308e95,7161db4f68d71ca261982b752ef99ffd76824da1be1d41e264037e79e551a93c,earn,Welcome Bonus,10,False,,,,2025-05-29 00:36:00,2025-11-25 00:36:00,Welcome to Raw Smith Circle!,customer
38f2caf1b6e86dde7caa470a9298e112a01c7d71dd05df28f9936dcb2768e6a6,b3eb552de0a0f67f0a71865949650c93e78c8e5a147159e68ea59876a4d0f51b,earn,Admin Adjustment (+),5,False,,,,2025-05-29 03:36:53,,Manual point grant,admin
12678e9d603822919702ec2232a6743ada3ce0bc42a1d708c5fd4747216b4a00,16228fddcff0f24423896b57abc14d55b7b3e5487eefd5983a569d60f8a2e20b,earn,Admin Adjustment (+),20,False,,,,2025-05-29 15:21:15,,Manual point grant,admin
169f4b1ad1acf536f5f7da223ddbb2cd3834eec94057e288c10e069cf8fa15da,0b967561b4dbe706e7b417df39203cdc52fbd9bd2d83dbf54ddec980282fb3b8,earn,Referral,25,False,,,,2025-05-29 15:54:31,,Referral bonus,customer
1288baf38c308a1ddeafb473d70dafa925c8deb0946e055547f09b3fc29014ce,7f20a8a48ed409b531f0dd06fd9d397a3a47dfa41c0d9f2985def03238da47fe,earn,Admin Adjustment (+),25,False,,,,2025-05-29 16:53:33,,Manual point grant,admin
1b385cf16131d8ae40f32dce3daea47da23799215f3acac03e6e36b1bbf43124,d986d685e1d3a09594b16db3eebf2daef9add0f9ce2a271f39eca9a3970931d7,earn,Admin Adjustment (+),10,False,,,,2025-05-30 08:10:14,2025-11-26 08:10:14,Manual point grant,admin
6a11ae999f2236e742712b7d5df1c2565c28dae7f99f3b45aa2d450029b9f310,cffe157722e96ff5b189a894d08326c3ace0f2d79c90daa012e141b17fb264f2,earn,Admin Adjustment (+),10,False,,,,2025-05-30 16:37:16,,Manual point grant,admin
10722ff2ff956022f9b769c0ea2b30debc53d102d518e66111e1f97bca6ecf95,bf4b607c8335801c9337eeb434891608aa61266b18764b77dd87a6c4771325ad,earn,Admin Adjustment (+),10,False,,,,2025-05-31 04:54:38,,Manual point grant,admin
73d34f54a635d2dced19af8796ea8299b48ca36e21ab1c8a3e5b04424b1d1aa2,5aa8946ed0ff7a5ff3eabfb04fe8cbe66df66a7d449363e6f5b4ab201f2373bf,earn,Admin Adjustment (+),5,False,,,,2025-05-31 11:37:30,,Manual point grant,admin
3575e725c1fd63cda6e1f82ee6fc831e6364610bdccbeb3a111d3703370eee52,18faf257ba6922a03804d8b32bc48b9e8d8dc3529f3c98c32e8461e6ea1333f9,earn,Admin Adjustment (+),10,False,,,,2025-05-31 13:19:46,,Manual point grant,admin
732fe1976b89c633ea28d0680b87d626fd2b82af88ed85d422940f81644d630a,9b33e3d0c4ff628e166b7efb8fd55c09cba3e063f6495d33fbca3ad8ee2c6d1e,earn,Admin Adjustment (+),10,False,,,,2025-05-31 13:52:46,,Manual point grant,admin
dd49028c3446aba021da74cfb6bc3635e50c12cbc931da627aa9d555a1dca25f,0b967561b4dbe706e7b417df39203cdc52fbd9bd2d83dbf54ddec980282fb3b8,earn,Admin Adjustment (+),20,False,,,,2025-05-31 14:15:51,,Manual point grant,admin
8cfceed1943d189fbed80637421218ff89121d0e8d573380de6b929d0d94eafc,dc6c6ed3352b9e3131a29fbc4a0de86324d4d853fd7f3075c7c85cb287a757af,earn,Admin Adjustment (+),10,False,,,,2025-05-31 16:15:16,,Manual point grant,admin
efcb9fb0ac1db69fcad87fe8a0e6d43700bd6a1f7b7bfcd9e5a230617ba5b8e4,7d05a042bca1664d46ffb3e0cc7e61805072a66609f037e5716bd9acef69babd,earn,Admin Adjustment (+),10,False,,,,2025-05-31 16:24:43,,Manual point grant,admin
4b2f68943de0289c80edcacf9a76f3c055a759a5d43443852cf51158a04f428a,be1aad7c39153d80b4dd75798707b71b580047835c21a489c0a0126ebfb55be9,earn,Welcome Bonus,10,False,,,,2025-06-01 00:45:00,2025-11-28 00:45:00,Welcome to Raw Smith Circle!,customer
37ed5e83c1b34f9318ae12ea127d942130615e01df8e8162a9aab5fbda9e9af4,717023e64628bfa50667d42670d426b7b1475cee28e5bff20c7a9b5b0dfd126d,earn,Admin Adjustment (+),15,False,,,,2025-06-01 05:28:46,,Manual point grant,admin
c1b6452f83dafd93507c127de7ea46b99eca9ad2706ecb8f1ecdeba5d9c0847a,a4fbc9f143f6ee8eb80376a4effb15d38007085da39db72ce12ab61755d05dde,earn,Admin Adjustment (+),10,False,,,,2025-06-01 11:31:49,,Manual point grant,admin
0956b8d4e6e6f15193519b7c8f8c1ae62fee4c22b668e09560912d804d840afa,642bad0b05be35764601abff87218350023d8b72a07b7c1ba32e3b4abd1e9474,earn,Admin Adjustment (+),5,False,,,,2025-06-02 00:38:25,,Manual point grant,admin
c984ce35a72f7465025cb35fdc55e62fd6eecfc43dd289b3ab20631a2accaa4e,ff22ad5a83e32595594b8d9221d109d7f9bec6519d772860d8222301e54ddf94,earn,Welcome Bonus,10,False,,,,2025-06-02 00:41:00,2025-11-29 00:41:00,Welcome to Raw Smith Circle!,customer
235015008cef968c2fdf4a5ae22f5a7d09f3a202bd22631e2a67b0287db702e7,1213d29819e36ac0d6e1ec2b8d7c2e0314e88983bdd54ec3dd41870668d0c48c,earn,Admin Adjustment (+),10,False,,,,2025-06-02 21:31:55,,Manual point grant,admin
b10b93b1c106d27040e94ee9294fb73c6323c1eda05bf23cf36b690ba25bb9ba,ee2481bc6f2f4b41078ff49382af16c7dc168d31746d14ef31e3b9642861bd11,earn,Welcome Bonus,10,False,,,,2025-06-03 01:00:00,2025-11-30 01:00:00,Welcome to Raw Smith Circle!,customer
b4d7480af0646c2d666bcf3b54de1392b5ddf7ba4201ddd0fd1d4d2f97a32368,050f2b8c6f0d503728dd5adf1a68e2a72d4b74b90e8d5d854c53df0eb44408e8,redeem,Redemption,-100,False,,,2300562cdbefd09dc81a88309109acdf348b126d4815761a1d9bfada8fd9e1c3,2025-06-03 08:41:42,,Redeemed: Free Pastry with Drink,customer
d050702c5f8cd15bd971461db3b686cefa0a827bd5cf48116b4122bda36e430b,6721da032907a59aaed29f5d51f8533e84421989cc78a29cc0de7de9feed4b30,earn,Admin Adjustment (+),5,False,,,,2025-06-03 12:13:51,,Manual point grant,admin
e3f9e4e1f17584c4b1aa1e097240f2a2abb5e82e774064cbd23e7bbd40e7844c,18e0783433151e660326d8275aee7875e5ca604f77102896bb9cc94e9e47d4ef,earn,Admin Adjustment (+),20,False,,,,2025-06-03 12:47:03,,Manual point grant,admin
c4fa92eb1dc7a2a347a54fdefa44e371f925a4dd819e884a4243057dd585b2db,050f2b8c6f0d503728dd5adf1a68e2a72d4b74b90e8d5d854c53df0eb44408e8,earn,Admin Adjustment (+),20,False,,,,2025-06-03 12:57:05,,Manual point grant,admin
ce0ec100344a05f5e665b2fcdb587a1fea39bcb6978473e38ad7b629b8e1b213,653fe1fc46ebbf17b5f3f8f8e3db7a01f33d401a21f9eebb57c3eb645aa20d7b,redeem,Redemption,-150,False,,,efb97d5834959df9244650f15eb648a0700f4b38db57a9b969b71f3255e2378d,2025-06-03 14:55:50,,Redeemed: Free Espresso Drink,customer
d5799fc9149d8e2906b9c11d1ed49306f078fb341f8764a40f91fea33e951147,a5371be890f7605dad814a294a1aa6c890f61a4356f08d30ec0ab9ccf20da0f0,earn,Admin Adjustment (+),30,False,,,,2025-06-03 19:30:35,2025-11-30 19:30:35,Manual point grant,admin
bd92fc7a7915b08e7233f55f4cc7c1300faee00088535ee4b5cd9456a508cea8,a1cdac58029cf6218fe5b23cf198576b9086cb60ab708be06f8a374ff3f918d0,earn,Admin Adjustment (+),60,False,,,,2025-06-04 08:07:37,,Manual point grant,admin
68816c695d84a35043f0a67f012809bb8d5166eb9fa719697bb74d251095c671,716508881a407b64153e43cb1ab1746ea81e187da69e3bc769c9cb11232d19d3,earn,Welcome Bonus,10,False,,,,2025-06-05 00:18:00,2025-12-02 00:18:00,Welcome to Raw Smith Circle!,customer
2428e79e1729acc1e6b4b166942068a8a5ba590fbb66abd23bfc9484336260e0,a1cdac58029cf6218fe5b23cf198576b9086cb60ab708be06f8a374ff3f918d0,earn,Admin Adjustment (+),10,False,,,,2025-06-05 08:07:00,,Manual point grant,admin
6caeecd1287d317f6a06b3d3a243509167e33ee5ea1c6cee3849a473c1abadbb,28ad6ca3fb0e2f5d50e7e1c1b3e1c6a4279f9c58c0aaeaa1b6f2a6a24d4c1c0a,earn,Admin Adjustment (+),60,False,,,,2025-06-05 11:20:16,,Manual point grant,admin
22683cc727ef7af6aa370baae82d88fa019a9fffc95d986e92a53da8039b3439,42684987372e043ce2ef6fe8153facba96b2fc87da58eb8ee534cfa812400cdd,earn,Admin Adjustment (+),10,False,,,,2025-06-05 12:29:08,,Manual point grant,admin
275239a6885c62092ce8d0bf3a5707f2fe88265753f0846a39e8deb81f98b298,0c32258e3c936c2eaf222d8868d1d9ec998081e7dfa117e9876902dfed47d3d3,redeem,Redemption,-100,False,,,2300562cdbefd09dc81a88309109acdf348b126d4815761a1d9bfada8fd9e1c3,2025-06-05 12:30:18,,Redeemed: Free Pastry with Drink,customer
44b2c1164d09f7d046b7447be54524f60118cd6d3b2fc88fe890ca79e25f3da4,3f6c972319dbbe576cad2270b2237c43289f21ea736d29e0b1f2050d97b129f5,earn,Admin Adjustment (+),10,False,,,,2025-06-05 12:55:13,,Manual point grant,admin
1308fe71264bd674962c4df59ea20bb9e39b1288b5f823e8718ca002937ee28c,aa67e8edc3ea2d76eb3a365d66a98091c2b42488f3287aa89253db78111d0d16,earn,Welcome Bonus,10,False,,,,2025-06-06 00:25:00,2025-12-03 00:25:00,Welcome to Raw Smith Circle!,customer
805a2d9521c96570fd4247a677dc68131af3839ecece221801666bb07eab5184,f4e24a75f2e8c69ab9a3c08bcc3a6fa0ed93ff4b986afede1010ca8dd46eec45,earn,Admin Adjustment (+),5,False,,,,2025-06-06 05:23:26,,Manual point grant,admin
3b139335b44b05531eabbca5725f573cf057c5cc8fb1517cc2999bd8171524cd,985e37ed1203d2c3e899f6b5d184406e82bee8fdbe45c24c33ecf19b43bb5a23,earn,Admin Adjustment (+),10,False,,,,2025-06-06 09:17:28,,Manual point grant,admin
38794714429576f6f806efc3ff2d3f56ba1b798c6c6c0d26a254d03a16d7e54e,050f2b8c6f0d503728dd5adf1a68e2a72d4b74b90e8d5d854c53df0eb44408e8,earn,Admin Adjustment (+),10,False,,,,2025-06-07 00:55:32,,Manual point grant,admin
06b76998e581b98b19e84ebc2917584352d1dd9954eca15569e74588c807a7b5,18faf257ba6922a03804d8b32bc48b9e8d8dc3529f3c98c32e8461e6ea1333f9,earn,Admin Adjustment (+),10,False,,,,2025-06-07 08:01:44,,Manual point grant,admin
e5f56a1c410ab66c192bf29c72572b9a3d9ae65b43fa8e7e6c7156883209c234,5ff297505eb54e620fc7c62f3a353e5a08864a3f2d8cdd8fdd76cf13f7f7e175,earn,Admin Adjustment (+),10,False,,,,2025-06-07 12:50:21,,Manual point grant,admin
f060811cc2125d1e7dd43a5c2e5a92d4a0c1e1ec217bfcad723782a662b0825d,050f2b8c6f0d503728dd5adf1a68e2a72d4b74b90e8d5d854c53df0eb44408e8,earn,Welcome Bonus,10,False,,,,2025-06-08 00:11:00,2025-12-05 00:11:00,Welcome to Raw Smith Circle!,customer
402a9e611401bef3d5a140927cd9b60def4e1bfd4cff0f3922e8e6ca1f6426d8,b25ed1750aae5ef9500d96b7397194edd2a695e75a3cc7ee271f2117a10ed547,earn,Welcome Bonus,10,False,,,,2025-06-08 00:16:00,2025-12-05 00:16:00,Welcome to Raw Smith Circle!,customer
a7b1421a12c0b1c66881a6c20d2725205882f32d05488bd912aa7e4ec3d5521e,0d3408992aa5cde329676d42510ce925946ad6241a2ea928fb54547f83f443c7,earn,Welcome Bonus,10,False,,,,2025-06-08 00:30:00,2025-12-05 00:30:00,Welcome to Raw Smith Circle!,customer
52c259fb5e53c57730399baa8255778ce6c27101f7c07e8c432a8a51e3b315a8,18faf257ba6922a03804d8b32bc48b9e8d8dc3529f3c98c32e8461e6ea1333f9,earn,Admin Adjustment (+),10,False,,,,2025-06-08 08:20:36,,Manual point grant,admin
cfc61779e146d9202a894c59cbe8ee44589d5e458df1e97aec824b83fae14200,cbe0cc2e3c71af739591c458f36d5c2a2bda23b5721a0dcaee07fe735823b2a6,earn,Admin Adjustment (+),5,False,,,,2025-06-08 12:53:35,,Manual point grant,admin
8071bad3063799a1b5d6fa298200756f70556ccd7f8a4aa30c61d7555c9411d3,7ec6fb1835b771b8b73e8514527baa91b0fa1d870c1339c011f74930e9a5d037,earn,Welcome Bonus,10,False,,,,2025-06-09 00:47:00,2025-12-06 00:47:00,Welcome to Raw Smith Circle!,customer
98cd40336e09c1cf57af2a571071e1b345dd7423fe91e8968a8acc7ee9128f85,7ec6fb1835b771b8b73e8514527baa91b0fa1d870c1339c011f74930e9a5d037,earn,Admin Adjustment (+),10,False,,,,2025-06-09 09:05:38,2025-12-06 09:05:38,Manual point grant,admin
18d1509ec543fe7285b29cae03734cd363fddbf6745008c64ee483dc0d0a4dc8,050f2b8c6f0d503728dd5adf1a68e2a72d4b74b90e8d5d854c53df0eb44408e8,earn,Admin Adjustment (+),15,False,,,,2025-06-09 12:09:13,,Manual point grant,admin
721e893a7d8a57121052bb2ea9a8358ac1bab3ac7e580cc7001a478f89c5b43f,9b33e3d0c4ff628e166b7efb8fd55c09cba3e063f6495d33fbca3ad8ee2c6d1e,earn,Admin Adjustment (+),5,False,,,,2025-06-09 13:31:10,,Manual point grant,admin
e829951dc4f9d9c396114143030929b07c95ccde8d7ee25c0a8c9b4a6898bf22,cf673c3606a87b545a21752650d3688ce2bdf6193f2c23c12349e0aa23c95a04,earn,Admin Adjustment (+),10,False,,,,2025-06-09 15:04:34,,Manual point grant,admin
86538e4121173eddfb2ac6ee0fa8d36190d335dbba509e38ab274e8160713e33,18faf257ba6922a03804d8b32bc48b9e8d8dc3529f3c98c32e8461e6ea1333f9,earn,Admin Adjustment (+),60,False,,,,2025-06-09 16:35:27,,Manual point grant,admin
c746d9e25a78b4d8fee6750f6206e2e0f2b024459acaed4a0a48af909f7c1dfa,dc32e655c2abd3b8221175d18034d3be52f2142319021c4950ee84d4de1ae8eb,redeem,Redemption,-150,False,,,efb97d5834959df9244650f15eb648a0700f4b38db57a9b969b71f3255e2378d,2025-06-09 17:02:05,,Redeemed: Free Espresso Drink,customer
0f4df6d799571a0cc4a242be46ad7a30770539415f19eab5d249c01ae2b3556a,0ff90bc0bbcd2b800a55694239163c64632fef53a7f77980481e8563aec9c938,earn,Welcome Bonus,10,False,,,,2025-06-10 00:11:00,2025-12-07 00:11:00,Welcome to Raw Smith Circle!,customer
8b6f00d00c9de1e3e6eb429de173ec66a2fb46e4305d5fe9f70eaeba6bf7ae17,cfe3f41fc069725a0fb1b207ad08a68e9d3719c6e4f6a8e62d6eb49ccda99f8f,earn,Welcome Bonus,10,False,,,,2025-06-10 00:35:00,2025-12-07 00:35:00,Welcome to Raw Smith Circle!,customer
13d02c4f9a935e2088fc1049ea61bfdbf8ab0af23f4876b01793fd8909fae2ad,40f1624a0c78a36a80451f1c5cd5483d62c3b60f486f1614d1bfbb9deb45ba37,earn,Admin Adjustment (+),5,False,,,,2025-06-10 06:40:06,2025-12-07 06:40:06,Manual point grant,admin
8be440b91b6e609ac7d0b7ba78d18157db6c14a32a2622ab26d134b3084a322d,18e0783433151e660326d8275aee7875e5ca604f77102896bb9cc94e9e47d4ef,earn,Admin Adjustment (+),5,False,,,,2025-06-10 06:57:35,,Manual point grant,admin
29777c4893038c89282dd42cb4fea5ce7bfa65c429c47f1c798f7d305cfbbced,308c7ac0094cc2b1137bc1aa0a796f5e144026ab28fef033092f468dbed0479a,earn,Admin Adjustment (+),5,False,,,,2025-06-10 10:41:20,,Manual point grant,admin
4f7b4b7ce86a68a2b87c4397ed33430a62b9876d0752df42b49aee49064591d5,050f2b8c6f0d503728dd5adf1a68e2a72d4b74b90e8d5d854c53df0eb44408e8,earn,Admin Adjustment (+),5,False,,,,2025-06-10 12:55:33,,Manual point grant,admin
82f4bd687bf5912a095cc3942d37710bb90d70bd4e9d5446a5d1ccc2106a9be0,7fa9eb2ec3e00b5dc8b54be4d43f2f2298fef33ec1652b514a90f8b56b71a24c,earn,Admin Adjustment (+),5,False,,,,2025-06-10 16:34:23,,Manual point grant,admin
e4710dad101a82cb3057e4d5408eb66e5fd472d646c4726c8a7407f3e31aeab4,28ad6ca3fb0e2f5d50e7e1c1b3e1c6a4279f9c58c0aaeaa1b6f2a6a24d4c1c0a,earn,Admin Adjustment (+),5,False,,,,2025-06-10 23:19:18,,Manual point grant,admin
3d4dac3d890f30c2e4be4ff2feecb77e553d916bdf668460bf668626816604fa,fb812e987eeb88cda1a9d54159fa441826c866053835948a5ba9682e1999413e,earn,Admin Adjustment (+),15,False,,,,2025-06-11 08:05:29,,Manual point grant,admin
0440aec43c08861731a76935693ebe195f37aeb9555bd1497bd5e4dc0cecc832,a5371be890f7605dad814a294a1aa6c890f61a4356f08d30ec0ab9ccf20da0f0,earn,Admin Adjustment (+),15,False,,,,2025-06-11 13:11:20,,Manual point grant,admin
c7be415905b723520a33b551b68ff64937dd3cf0ff98222515e8a71f750d8fbb,7ec6fb1835b771b8b73e8514527baa91b0fa1d870c1339c011f74930e9a5d037,earn,Admin Adjustment (+),60,False,,,,2025-06-11 13:49:59,,Manual point grant,admin
9eb58be38d8583891c09b8c1c50338273aeaa1584fdef0ff08353e4a8702fecd,00facca840129191d923ccec896fb5384a007e008cb3b14c573fac8b7374c92b,earn,Admin Adjustment (+),10,False,,,,2025-06-11 17:52:54,,Manual point grant,admin
471dc7eb2b2cfa337e9bc1721e85857a7161e328ff121cd26195043186d08fbd,f4e24a75f2e8c69ab9a3c08bcc3a6fa0ed93ff4b986afede1010ca8dd46eec45,earn,Drink Purchase,3,True,espresso,1.5,,2025-06-11 20:36:47,2025-12-08 20:36:47,Drink purchase points,customer
726b88c7db9f35257764274b5da34c3232dacf9d9c9b8bf288f722b3e02eec75,05dd121f492dde883117a525c1df359dd94346399e1e5dc7b69ef0dcb8e00a16,earn,Admin Adjustment (+),10,False,,,,2025-06-12 04:12:21,,Manual point grant,admin
a09305f33c2ae77161bec0322449c5a15427bc17556c9f39f868c0229c0bb47a,99cfc4f3a317d79c15d51bb16746f35a8cbe4520ec185b5d959a39ca27000e27,earn,Admin Adjustment (+),5,False,,,,2025-06-12 06:02:26,,Manual point grant,admin
6048d07de1df1825c55c880dfc09385d769ecb37368bbaa8a9dc284369af846b,c16d69c03bf20932e60535de01303a169e4464bb000a79431ceb098d1522524f,earn,Admin Adjustment (+),10,False,,,,2025-06-12 07:55:18,,Manual point grant,admin
c6e94caeb326a18d863281ed2c12a7108957bf5ed2cf5ef4afd1a74536734474,f3bb8899e697661ae401fbd9ec148c5b80304f629874a722084496b638f19f80,earn,Admin Adjustment (+),5,False,,,,2025-06-12 09:55:19,,Manual point grant,admin
707644a81a2a15837b43d7ac849e994fc085484f5387b15d4574895be7ce9caf,7fa9eb2ec3e00b5dc8b54be4d43f2f2298fef33ec1652b514a90f8b56b71a24c,earn,Admin Adjustment (+),10,False,,,,2025-06-12 13:16:11,,Manual point grant,admin
04c25511da6a9c202077a3809089d75dace40d122024491f1e92e47e64ae93cc,1a279da7e2eb06a63ad367041b3aa35c78f4f3b9b1219f923ac38d1eb24a97d0,earn,Admin Adjustment (+),10,False,,,,2025-06-12 13:28:15,,Manual point grant,admin
f30b6077ca25e166777b89005f99bf9924bc0d0e54032527f97479aff0cd78cc,572e7bcdc164f282bc44cdcdd67fc5350bcdbc045623a217dcd546578bc6a1fe,earn,Admin Adjustment (+),30,False,,,,2025-06-12 16:49:12,,Manual point grant,admin
512bbe33f002815ee8f1df3b63a33ef3521c35204ed3e9f189bfc8763bbf18a7,dc32e655c2abd3b8221175d18034d3be52f2142319021c4950ee84d4de1ae8eb,earn,Admin Adjustment (+),5,False,,,,2025-06-12 23:26:22,2025-12-09 23:26:22,Manual point grant,admin
742d7617dd77d3ee79de71f1194315fbc1e5f952ca8f38f7c2cd82add45ce585,dc6c6ed3352b9e3131a29fbc4a0de86324d4d853fd7f3075c7c85cb287a757af,earn,Welcome Bonus,10,False,,,,2025-06-13 00:39:00,2025-12-10 00:39:00,Welcome to Raw Smith Circle!,customer
8247472151282d1b2d7e01d5334acbc09a6f509303330a93b29eda8c5e1b83b9,5ab5af6760cc81a45e5fb460f87628ec681c0f692d2db63c9831f2f018c8d301,earn,Welcome Bonus,10,False,,,,2025-06-13 00:41:00,2025-12-10 00:41:00,Welcome to Raw Smith Circle!,customer
b367a3672917df86821923b13b27a93d171d4298267c27396397de0c2f6dc3a4,7702f6059a627113cde3f3ceae8b7655a5a2d2d03b3495de3f637e55532c1a10,earn,Admin Adjustment (+),20,False,,,,2025-06-13 08:12:41,,Manual point grant,admin
d9fdc9f39f2c666600f5390cc51a867263319009ea2509cafcc26e175c15e114,a7ba72bd68a4caa4afda5f062409afde37657f402fed81d6466b62612a2f068d,earn,Admin Adjustment (+),30,False,,,,2025-06-13 09:49:37,,Manual point grant,admin
2f08f796bae41449c70e5bb5e2413aa5f4ff9ce43d6b1c53734ce49cac7d4231,cbe0cc2e3c71af739591c458f36d5c2a2bda23b5721a0dcaee07fe735823b2a6,redeem,Redemption,-150,False,,,efb97d5834959df9244650f15eb648a0700f4b38db57a9b969b71f3255e2378d,2025-06-13 12:44:38,,Redeemed: Free Espresso Drink,customer
4c2b5a2841ba860a92b66e5afb8480d8ca860b95eb81382c69d9da73190c944f,2d662ad03bcb6c818ea8cff3a82baf6d6208981b53b710e1eedf824b354f3251,earn,Admin Adjustment (+),10,False,,,,2025-06-13 14:38:56,,Manual point grant,admin
57fa3783a3900190871ed63be0e9d1ad1f73bc8000cef0ad2f22099983e466d3,f9ff7c7e27af59b96c83183989918180009bd55e71cd170745412d047e1d4572,earn,Welcome Bonus,10,False,,,,2025-06-14 00:05:00,2025-12-11 00:05:00,Welcome to Raw Smith Circle!,customer
9a62174b5f7123a1143c056792f08a776a01e66d860202b5ba509488e36e0a7b,f5b20136157c0cff8c5ea61346789079efb90608cc2ec788e421a96b8c3ce866,earn,Welcome Bonus,10,False,,,,2025-06-14 00:42:00,2025-12-11 00:42:00,Welcome to Raw Smith Circle!,customer
8a52570d62839252fe7fb1dc14a1e85b8ddd06e68d7e118a669e8713cc65af33,9b33e3d0c4ff628e166b7efb8fd55c09cba3e063f6495d33fbca3ad8ee2c6d1e,earn,Admin Adjustment (+),10,False,,,,2025-06-14 08:39:38,2025-12-11 08:39:38,Manual point grant,admin
88da2ba30183cd9820e5e68a43c6fcb8443e255cc40b2a06fb82ff208c60df27,a5371be890f7605dad814a294a1aa6c890f61a4356f08d30ec0ab9ccf20da0f0,earn,Admin Adjustment (+),10,False,,,,2025-06-14 08:45:24,,Manual point grant,admin
48e59b45d80a5ba4a1cf7a2fb3340ba82354e116c9e09bae7cc68afce3d4e87a,dc6c6ed3352b9e3131a29fbc4a0de86324d4d853fd7f3075c7c85cb287a757af,earn,Admin Adjustment (+),25,False,,,,2025-06-14 12:04:24,,Manual point grant,admin
370c469a445b249e7dfcc8fc17d06a7cfb5377f9597af138175378ab44ca8ec4,fb812e987eeb88cda1a9d54159fa441826c866053835948a5ba9682e1999413e,earn,Admin Adjustment (+),20,False,,,,2025-06-14 12:24:22,,Manual point grant,admin
53609f528560cc45a99be92d710536e4e3284af4c011e9f585222dc9b4ba2b13,63f9ca8eecff6cf8bae22e99fc1baf7bad5ef05deeef50040eaed5d8b8dd14f5,earn,Admin Adjustment (+),200,False,,,,2025-06-15 00:27:12,,Manual point grant,admin
80679a56e270a0499587cffe32d15e1b2c73e2455282c7f28aa2312c13214989,8d810342d3c885aeeb246681e10a8848e4dbd13c9aa1156e30b3888429a7da1c,earn,Admin Adjustment (+),100,False,,,,2025-06-15 10:24:28,,Manual point grant,admin
7cc154ad12898f29a6fe6fa25dfb7b4800d654e8cdeb138555c1aee2abeed5d7,05dd121f492dde883117a525c1df359dd94346399e1e5dc7b69ef0dcb8e00a16,earn,Admin Adjustment (+),10,False,,,,2025-06-15 12:14:37,2025-12-12 12:14:37,Manual point grant,admin
cd400f509795dc827ae79ce52614b4aa14c64e9e2e878537f33e52cdceeb8a49,dc6c6ed3352b9e3131a29fbc4a0de86324d4d853fd7f3075c7c85cb287a757af,earn,Admin Adjustment (+),20,False,,,,2025-06-15 12:43:05,,Manual point grant,admin
244dd5e4f605b58882ed6cd2be3adfa797bd507ab6bc556c30008ac42c776a6d,096b691e36b25b51cdc7ca7caa1d79e52af75cdf6ecca1617e5a5cba64abce7a,earn,Admin Adjustment (+),5,False,,,,2025-06-15 16:28:05,,Manual point grant,admin
b82f294048057b62aad534c08b8971af24e967c4696e3d0737ff9f46be9eede2,2e8f0e76c882f5903f22ccf95aa653083fffbe09cb425883ad0cb59769e08f3a,earn,Admin Adjustment (+),60,False,,,,2025-06-16 07:26:31,,Manual point grant,admin
b120d9196763bab1449c2179ac074f65fc866a7dcdebcd5cc59aca76178d8712,d986d685e1d3a09594b16db3eebf2daef9add0f9ce2a271f39eca9a3970931d7,redeem,Redemption,-350,False,,,92510d23838b482e119ef2e012bc2ed5e233c1c0cd5e4dc24c997539db2b9fb2,2025-06-16 09:03:07,,Redeemed: 250g Single-Origin Beans,customer
7b832b074ce5925f1927cd7b615b2c885bce2c5ccf8c4f46bf9532aafc9d6f13,16228fddcff0f24423896b57abc14d55b7b3e5487eefd5983a569d60f8a2e20b,earn,Admin Adjustment (+),25,False,,,,2025-06-16 13:42:42,2025-12-13 13:42:42,Manual point grant,admin
e58243cad7df8831f53838c2fd2e1cf75d163ad7ce51d7202edb87bf9e99ba08,d0d2247cdf00c6beeb2f658e7d1141d9319f85a4e57acd15ecfa6aa0f1d14b31,earn,Admin Adjustment (+),5,False,,,,2025-06-16 16:36:41,,Manual point grant,admin
68f8fc5f858e92ea95b44b9b61832bba165e333e0927087148e158c4230d2ade,cfe3f41fc069725a0fb1b207ad08a68e9d3719c6e4f6a8e62d6eb49ccda99f8f,earn,Admin Adjustment (+),10,False,,,,2025-06-16 18:38:02,,Manual point grant,admin
30a49ddd7ec5cc5112edbe9a6e4a87210322b58f305a0549fc40fe86811d8f53,716508881a407b64153e43cb1ab1746ea81e187da69e3bc769c9cb11232d19d3,earn,Admin Adjustment (+),5,False,,,,2025-06-17 07:04:32,,Manual point grant,admin
3f14c059133886bf250f9927439355849548f9973c496c4647fa623834c5c811,60f820ba362cdf9c342011859ceed333e5a1ae423a96d94e86be35cd376f153e,earn,Admin Adjustment (+),25,False,,,,2025-06-17 14:49:53,,Manual point grant,admin
8109ad87cb7d9b5dc0924f8dfa31e008805a2e1fb344b4cbff9b0002b1b87644,d986d685e1d3a09594b16db3eebf2daef9add0f9ce2a271f39eca9a3970931d7,earn,Admin Adjustment (+),10,False,,,,2025-06-17 16:36:57,,Manual point grant,admin
fde4c2cbf1dae14571ae83474b60cbaa3b4482d5b10bfc89ddc01db5b3c3d602,7f20a8a48ed409b531f0dd06fd9d397a3a47dfa41c0d9f2985def03238da47fe,earn,Welcome Bonus,10,False,,,,2025-06-18 00:44:00,2025-12-15 00:44:00,Welcome to Raw Smith Circle!,customer
d20749d970f35a772c44a3919ead3ea66b7f12bc8e68d2f3656a76019e9bdbbc,8c46df8646b7b4acc556a362e4c74cd36cf157cf5effb3868952c22adacdeb57,earn,Welcome Bonus,10,False,,,,2025-06-18 00:45:00,2025-12-15 00:45:00,Welcome to Raw Smith Circle!,customer
82dfbdc42d1349472da312bef322e573a8c4adff5d7256f9a0dd61d3b60af816,096b691e36b25b51cdc7ca7caa1d79e52af75cdf6ecca1617e5a5cba64abce7a,earn,Welcome Bonus,10,False,,,,2025-06-18 01:00:00,2025-12-15 01:00:00,Welcome to Raw Smith Circle!,customer
9dc6677d252423ef722f01599f5f7b9882a70cad3fad97fe5852f6b54c13b69a,2cb88112fa7ad53e58327912695ffccac99701b4b668913b7cc20291fea7490b,earn,Admin Adjustment (+),10,False,,,,2025-06-18 01:25:07,2025-12-15 01:25:07,Manual point grant,admin
74aa87861e4a519da590875c99af68b345ff55d0f9b7ad7dc83789389f2d4cce,2291349a28cfeb08cfc82c4b6dadf009426b7440f1c9fd833e824cf7955f7bcf,earn,Admin Adjustment (+),50,False,,,,2025-06-18 08:01:25,,Manual point grant,admin
9e1249bba6cc20210b26a1ebe3cf7ea134d8c72fbf816c0650da05c5696180b9,3b57545e04f252b6574ff70a85305f629244a20f77211f89c920854cd92ad3b2,earn,Admin Adjustment (+),15,False,,,,2025-06-18 09:25:41,,Manual point grant,admin
a0de3130d14b83b35943766b543f92983cc0be5b22843fd872e88b33e9c942b7,99cfc4f3a317d79c15d51bb16746f35a8cbe4520ec185b5d959a39ca27000e27,earn,Admin Adjustment (+),25,False,,,,2025-06-18 09:52:44,,Manual point grant,admin
64206611c712967d199ac8b668af1985b2d503e3d2e472257300b9d72522c055,8c46df8646b7b4acc556a362e4c74cd36cf157cf5effb3868952c22adacdeb57,earn,Admin Adjustment (+),25,False,,,,2025-06-18 10:21:48,,Manual point grant,admin
23f48e8fcf8b546414564c78b6f11a0d8bf5a03514cfb3a0b325070f700fac07,f3bb8899e697661ae401fbd9ec148c5b80304f629874a722084496b638f19f80,earn,Admin Adjustment (+),5,False,,,,2025-06-18 13:46:38,,Manual point grant,admin
55b17b0ca3726f0b8d581ac7d515c6e15835393dbc3f73931131b5c97f5a9d4d,dd821bb8c29de15afe7e2e73810f8e9b72bb1852e57faa3746e8b00411a09f89,earn,Admin Adjustment (+),15,False,,,,2025-06-19 09:43:28,2025-12-16 09:43:28,Manual point grant,admin
827c81c5f70a5d83d92c5bd180959f4f67e391b2cd0f14d14c948e3c48650586,7c144b48c34b5be9b0353ecf7d80d6c511438672ffb9c2eda096f89cc2d315ca,earn,Admin Adjustment (+),60,False,,,,2025-06-19 12:46:40,,Manual point grant,admin
3810bfc203383da92aef35073d803cab387719927a4a8227673c58b478363935,716508881a407b64153e43cb1ab1746ea81e187da69e3bc769c9cb11232d19d3,earn,Admin Adjustment (+),25,False,,,,2025-06-19 14:09:05,,Manual point grant,admin
efd324b48bef9a3268534d084461d2146f443d245416a0b03ffc833b77a64b1e,9a7112834a9a5f55b6a98974a27226f1072a02576b624f726cff1b55f0d64a05,earn,Admin Adjustment (+),20,False,,,,2025-06-20 14:25:02,,Manual point grant,admin
79f06389bb3b53f9fb23f8e4200ec563a43972bc3a1f129ab854bb3ed6d9f6d7,a5371be890f7605dad814a294a1aa6c890f61a4356f08d30ec0ab9ccf20da0f0,earn,Admin Adjustment (+),10,False,,,,2025-06-20 14:47:32,,Manual point grant,admin
281c828ebec75aebe4e27db16cc82cdb30a632d2b9af12ae0995006fbe0822f2,1a279da7e2eb06a63ad367041b3aa35c78f4f3b9b1219f923ac38d1eb24a97d0,earn,Admin Adjustment (+),15,False,,,,2025-06-20 14:50:20,,Manual point grant,admin
ec97509a306cd0cc4b062df1373d7d35e7d77d96a8e1fd5bb22db22a394834fb,b25ed1750aae5ef9500d96b7397194edd2a695e75a3cc7ee271f2117a10ed547,earn,Admin Adjustment (+),15,False,,,,2025-06-21 09:18:05,,Manual point grant,admin
b4b150b850b9246014d13ac1c9ee71a0c7a6941bf2417b5c96fe782c3a171af7,dffedc0fbf486a8edadc0acf3efff1fde41025d2995bc9a1207f6cc1030e413c,earn,Admin Adjustment (+),5,False,,,,2025-06-21 09:22:57,,Manual point grant,admin
e9eccd24a33444b390e050a662d5a11fd3b2fad1da5da74da0e88bfbb796b2e7,096b691e36b25b51cdc7ca7caa1d79e52af75cdf6ecca1617e5a5cba64abce7a,earn,Admin Adjustment (+),5,False,,,,2025-06-21 11:12:08,2025-12-18 11:12:08,Manual point grant,admin
a7d44e2248977bb4061799567e666605609567f92eef948b648ac1730b7c7245,9b33e3d0c4ff628e166b7efb8fd55c09cba3e063f6495d33fbca3ad8ee2c6d1e,earn,Admin Adjustment (+),20,False,,,,2025-06-21 13:18:26,,Manual point grant,admin
25c104f5453c9439a89a80c216017fc2071ff83c4b0746a5339f732f017d2889,dd821bb8c29de15afe7e2e73810f8e9b72bb1852e57faa3746e8b00411a09f89,earn,Admin Adjustment (+),20,False,,,,2025-06-21 19:24:19,,Manual point grant,admin
dd0cde914c5a3ed528eb55d1cb20f6a5d94aab26695fb8bd14f9d60ee40ca0bf,ac4dd5c873d610b7ef11984a7fd205b868e0091d5dff6dc7c7fa8d3099290f87,earn,Welcome Bonus,10,False,,,,2025-06-22 00:18:00,2025-12-19 00:18:00,Welcome to Raw Smith Circle!,customer
002d6361ceafb5193fefd5dc7b2a577cfab5ec1f54fb2ab764d2526e29593f7f,2e8f0e76c882f5903f22ccf95aa653083fffbe09cb425883ad0cb59769e08f3a,earn,Welcome Bonus,10,False,,,,2025-06-22 00:43:00,2025-12-19 00:43:00,Welcome to Raw Smith Circle!,customer
e0292acc62f2976f4cb020ed1a81a00087d61887d5ea39cf4203d04b00194984,cffe157722e96ff5b189a894d08326c3ace0f2d79c90daa012e141b17fb264f2,earn,Admin Adjustment (+),10,False,,,,2025-06-22 10:34:52,,Manual point grant,admin
d269fef0f112df48ce4e4d35c35711e87d0f47c32d0fa3cc8d6ffa32d8ee2488,a5371be890f7605dad814a294a1aa6c890f61a4356f08d30ec0ab9ccf20da0f0,earn,Admin Adjustment (+),20,False,,,,2025-06-22 12:35:43,,Manual point grant,admin
e2acf1dc22439984414c833150fb013df205b0ea6d109f5add035caea40e0ca3,28ad6ca3fb0e2f5d50e7e1c1b3e1c6a4279f9c58c0aaeaa1b6f2a6a24d4c1c0a,earn,Admin Adjustment (+),20,False,,,,2025-06-22 15:43:17,,Manual point grant,admin
f3d757b6f9b6dbd76c02608e3a9d94b9b2543665b1f0f47266abdd2a9728641b,9653cb15d827e7dc146a46287914dc88a793e63354a0e5f311b41ef714df0ed3,earn,Drink Purchase,6,True,milk,3.0,,2025-06-23 03:59:59,2025-12-20 03:59:59,Drink purchase points,customer
8cf2a14b64edf8f59e785547217e116e29722e93f7911cc887f4b3ff9b442e7a,6536f04b74a6f14f258abf47c13ff4fd7140979a23eacc193dd59f1f6209362c,earn,Admin Adjustment (+),10,False,,,,2025-06-23 10:22:25,,Manual point grant,admin
950c4e4ac84431f3b8702a4811d8648e18786cb8e31ab8967e8b2230541831c6,36541d3088d1da623542db32f95508753393c9eedddf79e697d99f973c7a6869,earn,Drink Purchase,3,True,espresso,1.5,,2025-06-23 11:14:59,2025-12-20 11:14:59,Drink purchase points,customer
ccef718e7226c827143be8a1c92d8fc7742503fd21546a92d11e6a160767a999,51119a3455dc32a4bad89096840853f1f847e76e80d0b2744adb54305f3310a5,earn,Admin Adjustment (+),5,False,,,,2025-06-23 11:50:55,,Manual point grant,admin
ac321ce1cb425b2985f6c6a56931b43389749fb635dd995c69269eaed494e8e3,b3eb552de0a0f67f0a71865949650c93e78c8e5a147159e68ea59876a4d0f51b,earn,Admin Adjustment (+),15,False,,,,2025-06-23 12:49:58,,Manual point grant,admin
656cdcc405195e5611a61546df8c5f55d035edd82e5e5b502bdc0addb4b45d51,308c7ac0094cc2b1137bc1aa0a796f5e144026ab28fef033092f468dbed0479a,earn,Admin Adjustment (+),20,False,,,,2025-06-23 14:02:24,,Manual point grant,admin
d8c8e8a667f31060a79de54bb572e38efd6f9951e41ff27c831a3a23756f5d9c,050f2b8c6f0d503728dd5adf1a68e2a72d4b74b90e8d5d854c53df0eb44408e8,earn,Admin Adjustment (+),25,False,,,,2025-06-23 16:36:15,,Manual point grant,admin
7742f2a3902a1c11ed28c607e133cd6ae830aeed5a707f24bd830101acbed93d,2d662ad03bcb6c818ea8cff3a82baf6d6208981b53b710e1eedf824b354f3251,earn,Admin Adjustment (+),15,False,,,,2025-06-23 18:49:07,,Manual point grant,admin
876a759553bbad52062fce6fe255b28236408933301eb481b465b0d1b1c6c140,d79455d8c89ad399900fcc9eea1e23b91f83e9ec360b9247ea3bda261c466d7a,earn,Admin Adjustment (+),20,False,,,,2025-06-24 01:51:42,,Manual point grant,admin
debc914fdbfe1d93bf8988aafb25ed3fa8815b2629f6a1938ffebeb16165d6f6,d986d685e1d3a09594b16db3eebf2daef9add0f9ce2a271f39eca9a3970931d7,earn,Admin Adjustment (+),10,False,,,,2025-06-24 08:07:45,,Manual point grant,admin
9511f7a4950ef6bf3bce15a77813f8f209a07cc96432ae79bfb16dd987f03724,dc6c6ed3352b9e3131a29fbc4a0de86324d4d853fd7f3075c7c85cb287a757af,earn,Admin Adjustment (+),15,False,,,,2025-06-24 11:43:39,,Manual point grant,admin
dc5a16470bba58380ebdef13d85cb2f2458bbc685f0c5bde533dd4977fc0d36c,a7ba72bd68a4caa4afda5f062409afde37657f402fed81d6466b62612a2f068d,earn,Admin Adjustment (+),10,False,,,,2025-06-24 12:02:54,,Manual point grant,admin
7653f7508f78ad317b93debf334710944d4b85c1dee76a7b0f4c53ae55e0bbf5,ff22ad5a83e32595594b8d9221d109d7f9bec6519d772860d8222301e54ddf94,earn,Admin Adjustment (+),25,False,,,,2025-06-24 23:48:09,,Manual point grant,admin
bc81a493868287416a7b9dae335066f314bbee9e69644c10ef5f338c3d620e52,308c7ac0094cc2b1137bc1aa0a796f5e144026ab28fef033092f468dbed0479a,earn,Admin Adjustment (+),40,False,,,,2025-06-25 10:03:51,,Manual point grant,admin
0b1b7bd579890104d9068811b43968397dd972db51c9829d90fb54fde1c12e0d,7b1b3d6c19f2ea5ab9ea59cb8109ba2970fce623d064648dbdf6f25d2bad6f3e,earn,Admin Adjustment (+),15,False,,,,2025-06-25 12:06:56,,Manual point grant,admin
d1027998a77ace4dcb06b4e749151810eb5cc44a6d81adcfff2286f089d64fd1,aeefb81c6584d4bfd9694a7ddd1defe10a5895a46d0ecc5b646067494f6cbf6a,earn,Admin Adjustment (+),50,False,,,,2025-06-25 12:15:21,,Manual point grant,admin
9773d9aaa4e4523770ee5329a3cbfad8cac46336ccc9d2a8d883e729a673b5a2,fbc0fbaf9f7c1db7e8d8e0635efdb459cb2101912aced06504fa8b084dacdbdf,earn,Admin Adjustment (+),10,False,,,,2025-06-25 14:26:19,,Manual point grant,admin
a9d484e16e01e9583c6d7d7317cd30c01a0c5de7d0983d284dce628ac2e216a8,d700ea1d09479e0c5c125481375ae85f31c8de99a0ad054f8005b5e6c0fac837,earn,Admin Adjustment (+),10,False,,,,2025-06-25 18:20:54,,Manual point grant,admin
be8eee22c08cb04214e99ec198762a29b86a8b86a7798126f1dc536d369a11a6,a7ba72bd68a4caa4afda5f062409afde37657f402fed81d6466b62612a2f068d,earn,Welcome Bonus,10,False,,,,2025-06-26 00:14:00,2025-12-23 00:14:00,Welcome to Raw Smith Circle!,customer
ebcd3ff699ec77ca1eba7df28e3f45be287ba9041f67d35f81d47d3add9db858,cbe0cc2e3c71af739591c458f36d5c2a2bda23b5721a0dcaee07fe735823b2a6,earn,Admin Adjustment (+),25,False,,,,2025-06-26 00:16:38,,Manual point grant,admin
2f48d942ae9ce181e4d8731024f6cfac259040caf2919d83d35e952b4e30c6a9,dd821bb8c29de15afe7e2e73810f8e9b72bb1852e57faa3746e8b00411a09f89,earn,Admin Adjustment (+),5,False,,,,2025-06-26 07:53:43,,Manual point grant,admin
e41ed20c565f6e3f11cc29691e84f0d5f8bf7167d6a0045592a82cf53aa47a2a,63f9ca8eecff6cf8bae22e99fc1baf7bad5ef05deeef50040eaed5d8b8dd14f5,earn,Admin Adjustment (+),20,False,,,,2025-06-26 10:08:39,,Manual point grant,admin
77fb362cfb0d696269e9923c3f1745ece7e1f127780bc1932c05c58f593d6c3e,9653cb15d827e7dc146a46287914dc88a793e63354a0e5f311b41ef714df0ed3,earn,Admin Adjustment (+),25,False,,,,2025-06-26 10:50:16,,Manual point grant,admin
9d5b096e5239ac1365fd864b0d4a0848a3e9e730a0ad054485b72e5abd88274e,7d05a042bca1664d46ffb3e0cc7e61805072a66609f037e5716bd9acef69babd,earn,Admin Adjustment (+),30,False,,,,2025-06-26 14:38:05,,Manual point grant,admin
309e5b3fd7682cbb0e8d5cbfbeb2c06d1fda89808c461ca1145b66af6896a8c5,de9e8dc68138654cadf078b09d7e41c1636e36acb67588623256eb403dc550b3,earn,Admin Adjustment (+),10,False,,,,2025-06-26 15:05:08,,Manual point grant,admin
d0d362a44449c905acc2beb8985df79845050262fba157e79585fd24d8e8671a,d986d685e1d3a09594b16db3eebf2daef9add0f9ce2a271f39eca9a3970931d7,earn,Admin Adjustment (+),15,False,,,,2025-06-26 17:01:07,,Manual point grant,admin
e70bd97b87164432417de3572ece2f9db1a18173f998f46aec7a3a2704ccacd1,1a279da7e2eb06a63ad367041b3aa35c78f4f3b9b1219f923ac38d1eb24a97d0,earn,Welcome Bonus,10,False,,,,2025-06-27 00:11:00,2025-12-24 00:11:00,Welcome to Raw Smith Circle!,customer
d5cf9eb6f577011ca98ded69a3a062ce19518c42230084685b9c0fef1a890422,6dac106c43be786560dae9ffa4fec30a00275f8c3649e643a67745a6f526de90,earn,Welcome Bonus,10,False,,,,2025-06-27 00:23:00,2025-12-24 00:23:00,Welcome to Raw Smith Circle!,customer
38ef3108da2222f48a17fa970eff4790c71806af6e174b573c4de9d4034a77fc,3b57545e04f252b6574ff70a85305f629244a20f77211f89c920854cd92ad3b2,earn,Welcome Bonus,10,False,,,,2025-06-27 00:24:00,2025-12-24 00:24:00,Welcome to Raw Smith Circle!,customer
cb22614fade237c92a5da70c052e7998c96a0e556bd53ca1c6ba751f9d38b537,4e8f08b7cb2e67109b6dcdd38c09a91c31fe5dd67d7f0a71c6875f57ec3246d7,earn,Admin Adjustment (+),50,False,,,,2025-06-27 11:35:05,,Manual point grant,admin
ca9b9749ce5eb3c92297c1f891ce40f69921a576c99ab98fcd8e82162841bd76,a734429f3fcdeb38381762d96a077a27f7c318985c7ada699c45410650ff13c1,earn,Welcome Bonus,10,False,,,,2025-06-28 00:24:00,2025-12-25 00:24:00,Welcome to Raw Smith Circle!,customer
19d8ef0d29ebae5744c405ef3f2be3d2b030edfbdcc9e3ca73992ae04ea07355,dc6c6ed3352b9e3131a29fbc4a0de86324d4d853fd7f3075c7c85cb287a757af,earn,Admin Adjustment (+),10,False,,,,2025-06-28 07:33:43,,Manual point grant,admin
3b3ca7e690ad14134850b58a393a02bbc3efe9638d77c96f7f8c7ec82ba14b65,3f6c972319dbbe576cad2270b2237c43289f21ea736d29e0b1f2050d97b129f5,earn,Admin Adjustment (+),5,False,,,,2025-06-28 09:24:49,,Manual point grant,admin
0fbd557a1affa1d066fd03e5cac5bc0116739a5f16485b2688a482aa2e4e2d31,40f1624a0c78a36a80451f1c5cd5483d62c3b60f486f1614d1bfbb9deb45ba37,earn,Admin Adjustment (+),15,False,,,,2025-06-28 09:49:44,,Manual point grant,admin
dcf767e93c7ca54be66081c34e143acb0541275d9e382958763022c0ec025cf0,9b33e3d0c4ff628e166b7efb8fd55c09cba3e063f6495d33fbca3ad8ee2c6d1e,earn,Admin Adjustment (+),40,False,,,,2025-06-28 12:26:10,,Manual point grant,admin
5d12108269082c62bbb754c46f9a28a9462e0bd464f18e58ffeb20f21b393d8a,00facca840129191d923ccec896fb5384a007e008cb3b14c573fac8b7374c92b,earn,Admin Adjustment (+),15,False,,,,2025-06-28 12:42:05,,Manual point grant,admin
f8cf1b5408cc2f4eb26b959c25c82f88397d3d8371fb73e5db8338cef15bd1cd,ca2e6dcd996ce770aa74ad3bd0272d9d3994fb6b7c5946a3f612592cba3777cc,earn,Admin Adjustment (+),25,False,,,,2025-06-28 13:37:21,,Manual point grant,admin
7930ff02290cf0e9f4c89e8a4b9f3a4a985be757d5caae8f5b9b2143c6460aec,022ed022d58340abfb9e11fe980e1c419717bd640236544827edbb73995f6c7c,earn,Referral,25,False,,,,2025-06-28 14:30:40,,Referral bonus,customer
405cf5991d5efeec45f0ac4a5e4eab5dd21369af32f65a6fefa845dffa0112c2,fb812e987eeb88cda1a9d54159fa441826c866053835948a5ba9682e1999413e,earn,Admin Adjustment (+),25,False,,,,2025-06-28 14:35:55,,Manual point grant,admin
5aecb8366aed8c48758bd0e488288970ef18d40ce3d286974d079c1d1d4a967d,a7ba72bd68a4caa4afda5f062409afde37657f402fed81d6466b62612a2f068d,earn,Admin Adjustment (+),5,False,,,,2025-06-28 18:25:10,,Manual point grant,admin
e176a780f60da8d08a96dd921db959a44cf6a22eedbe70630642a3191acae262,18e0783433151e660326d8275aee7875e5ca604f77102896bb9cc94e9e47d4ef,earn,Admin Adjustment (+),25,False,,,,2025-06-29 10:11:21,,Manual point grant,admin
8ffe046034223591e75d2c6392f2546e3c9d1b30fe164377d57b2c199065d088,fbc0fbaf9f7c1db7e8d8e0635efdb459cb2101912aced06504fa8b084dacdbdf,earn,Admin Adjustment (+),20,False,,,,2025-06-29 10:19:14,,Manual point grant,admin
a2c302a2ae4d650ed3e04675f8dfc5729a5fdf0720051e38f02952b578eaf033,0c32258e3c936c2eaf222d8868d1d9ec998081e7dfa117e9876902dfed47d3d3,earn,Admin Adjustment (+),20,False,,,,2025-06-29 12:00:00,,Manual point grant,admin
3b41d92b33584fcd97844fb54f08e05999047433397abe744f94643f185e5d59,be1aad7c39153d80b4dd75798707b71b580047835c21a489c0a0126ebfb55be9,earn,Admin Adjustment (+),20,False,,,,2025-06-29 13:18:42,,Manual point grant,admin
ee8487463a702a2c6232613a14c85a58cc032dc0ca43da23c39b34055fa9fae8,cffe157722e96ff5b189a894d08326c3ace0f2d79c90daa012e141b17fb264f2,earn,Admin Adjustment (+),10,False,,,,2025-06-29 14:04:34,2025-12-26 14:04:34,Manual point grant,admin
2d20f869194ce272666775786285603a49bb5929caa9485f237b73d36aa11200,a7289bd8b1618463665127e90d6a93a0833404d4ff535505af69a36320ab4d66,earn,Admin Adjustment (+),5,False,,,,2025-06-29 19:02:28,,Manual point grant,admin
79bf6db9b1882ea00100111abf682178e2a3d2dff09d0f6b48089b1d206d2596,a7ba72bd68a4caa4afda5f062409afde37657f402fed81d6466b62612a2f068d,earn,Admin Adjustment (+),5,False,,,,2025-06-30 13:10:20,2025-12-27 13:10:20,Manual point grant,admin
721d5610426cf32bd25a2c27326212d8af0191dced8122a161802e6caffb5cde,3b57545e04f252b6574ff70a85305f629244a20f77211f89c920854cd92ad3b2,earn,Admin Adjustment (+),5,False,,,,2025-06-30 19:25:01,,Manual point grant,admin
465f2c24c513a89c0eb5ffe9f0e4cf6f50e9e38a14731cc980719f0b407bf67c,fb812e987eeb88cda1a9d54159fa441826c866053835948a5ba9682e1999413e,earn,Admin Adjustment (+),10,False,,,,2025-06-30 19:38:34,,Manual point grant,admin
9939dc3f325c04adb6bd68c7771c01c2bd26d799523f9e44a84723f9144c24df,ac735306a8aa503c7380285f162117b2991cfb026895d51c483d4ce6be2d39ba,earn,Admin Adjustment (+),10,False,,,,2025-07-01 12:36:11,,Manual point grant,admin
bdb2cf150e1f1075ad7f0f014ca83735444a21a1ea51bfa62a1c2345c2acafde,6a778f53e276b2e56dd531c6bca9a51c7cc4921ba36b011e76d67052f353b9d8,earn,Welcome Bonus,10,False,,,,2025-07-02 00:30:00,2025-12-29 00:30:00,Welcome to Raw Smith Circle!,customer
a1517f628678c5cbe421871432076dd7b51372c47dd47b91cdd902eca724d39d,f3bb8899e697661ae401fbd9ec148c5b80304f629874a722084496b638f19f80,earn,Welcome Bonus,10,False,,,,2025-07-02 00:41:00,2025-12-29 00:41:00,Welcome to Raw Smith Circle!,customer
f87a43cbf39e57dd91dc7ab5ae630bcf0ab63565b75314d74baa9a211c7bde9b,dd772f66d8b80d454d7f9876c419d88afce0403af3ae67742bf4227f723a55eb,earn,Welcome Bonus,10,False,,,,2025-07-02 00:54:00,2025-12-29 00:54:00,Welcome to Raw Smith Circle!,customer
622138ea094811eb79e2137cf9b1a1d53cd3f31446705a337edf8cfa115e8f2b,7d05a042bca1664d46ffb3e0cc7e61805072a66609f037e5716bd9acef69babd,earn,Admin Adjustment (+),20,False,,,,2025-07-02 11:21:03,,Manual point grant,admin
03e9185c191a3964d86e03508fd5e7702bff1abb0cf2d81bd44249afd239e267,6a4579783621b55ff9a27b1dcb5d8247ab21e53fc5d407a9765944089e86255a,earn,Admin Adjustment (+),50,False,,,,2025-07-02 12:10:45,,Manual point grant,admin
391d6c5b440b1a7da89a3beb7cb72b5c2f8e9e02e991e731950c5e294815a070,0220f9d60e2ad771878c31761d837751815766ad45871aebd6c4275a613e03da,earn,Admin Adjustment (+),5,False,,,,2025-07-02 12:45:55,,Manual point grant,admin
184fe29ec86ff55cbbc0d497a36586c5927ff15b0cfc4894e6ad0dc8806aeb5b,08e79d8d15491b3daa13f49786087a0d2cbc82161b48a7a07d87b80ff819edd2,earn,Admin Adjustment (+),5,False,,,,2025-07-02 14:25:28,,Manual point grant,admin
d9f665b548c1c55b763c884a0259941ba9b122b0e04c2d65053c39f88efebf78,ff22ad5a83e32595594b8d9221d109d7f9bec6519d772860d8222301e54ddf94,earn,Admin Adjustment (+),15,False,,,,2025-07-02 23:22:56,,Manual point grant,admin
e0977bdb8fb9e0ffb7479020586e121e50c632f2662b9ccfee5f36d0ea68112c,8f46906077cdc01e64701068a736a4f7317074feb7bce366347647f8d5f05ef8,earn,Welcome Bonus,10,False,,,,2025-07-03 00:18:00,2025-12-30 00:18:00,Welcome to Raw Smith Circle!,customer
1cbaf942e3de24359df2e868ec92b9021327d729f75c5762ab6f60669764f7e3,b88d8f57cbf74f97c48bf8e3a7ba52cab430ded920a6bed56278cd278f6b9c69,earn,Welcome Bonus,10,False,,,,2025-07-03 00:25:00,2025-12-30 00:25:00,Welcome to Raw Smith Circle!,customer
0cfc7d498d881ba2e58ed4e6da8219479d616f57a5ed8a1cb19e8fcbefc69f34,7702f6059a627113cde3f3ceae8b7655a5a2d2d03b3495de3f637e55532c1a10,earn,Admin Adjustment (+),15,False,,,,2025-07-03 01:42:19,,Manual point grant,admin
aa57409eddce450296ece27b0a34e9ce1b432ea8c2eb81306596a1d18c9a06fc,a734429f3fcdeb38381762d96a077a27f7c318985c7ada699c45410650ff13c1,earn,Admin Adjustment (+),25,False,,,,2025-07-03 10:32:35,,Manual point grant,admin
d479bbde24860ba202dfbfaccfaeee71a204e83be0630680ad93d322ee46cd7c,0ff90bc0bbcd2b800a55694239163c64632fef53a7f77980481e8563aec9c938,earn,Admin Adjustment (+),15,False,,,,2025-07-03 11:05:18,,Manual point grant,admin
4970dcbb5ae9348ef9b4e80a22a02719fe968cb915df3c09c0fe1160d76d3c3f,2e8f0e76c882f5903f22ccf95aa653083fffbe09cb425883ad0cb59769e08f3a,earn,Admin Adjustment (+),10,False,,,,2025-07-03 15:01:07,,Manual point grant,admin
6d423740b57a863f708218181d8e95bcc2bc25bc7492f52bcaa1c0800934c7b5,cbe0cc2e3c71af739591c458f36d5c2a2bda23b5721a0dcaee07fe735823b2a6,earn,Admin Adjustment (+),10,False,,,,2025-07-03 15:38:16,,Manual point grant,admin
106530fc91c44fc1bb24e0e031ff0647834287da066df40e17618ffd9e291dfb,dc6c6ed3352b9e3131a29fbc4a0de86324d4d853fd7f3075c7c85cb287a757af,earn,Admin Adjustment (+),20,False,,,,2025-07-03 15:50:30,,Manual point grant,admin
317473af033dce0c9333d1623761d58c68618b8dc7069f1fefe5659f06ed2a5f,99cfc4f3a317d79c15d51bb16746f35a8cbe4520ec185b5d959a39ca27000e27,earn,Admin Adjustment (+),60,False,,,,2025-07-03 18:20:31,,Manual point grant,admin
42e5f12e0e1cf2126815edbdf7860cfdc59b3afc96ace78e615ad44cc1524622,559248929aa6e8251c834ed1db41ff37f7ef7b784370f2d4554115fefa90b428,earn,Welcome Bonus,10,False,,,,2025-07-04 00:07:00,2025-12-31 00:07:00,Welcome to Raw Smith Circle!,customer
d35d7fa1dabc693625583225f9822499dc122d176c23b927b6f41b91a10c04a6,2e8f0e76c882f5903f22ccf95aa653083fffbe09cb425883ad0cb59769e08f3a,earn,Admin Adjustment (+),5,False,,,,2025-07-04 09:27:20,2025-12-31 09:27:20,Manual point grant,admin
71759b27a0e07eebb0cc439b8d265a79f615d5b073b832e16d185f57b9568139,01ce66bda34d8522fd5b741f0c5f0b877dbd89826e89c99d6d41947db2e53bcd,earn,Admin Adjustment (+),10,False,,,,2025-07-04 10:06:15,,Manual point grant,admin
6a142f78c471806581b3dfcb05ed9995b2f586e7485958791cfce92b21e680a2,c234f4a55eb264722cb6de6e74e84f7fd0c43d832542ff18b54c256b5bd9366e,earn,Drink Purchase,6,True,milk,3.0,,2025-07-04 10:07:05,2025-12-31 10:07:05,Drink purchase points,customer
00a5ba1361be0d56b3f03fa0fc3aa79ecca6eed8246e3a434e808421af5120aa,d8d4653fb0ad5f95a7cc63d642fbfc2bc98b15ba4697a85c9d53f893497da8ec,earn,Admin Adjustment (+),60,False,,,,2025-07-04 12:21:53,2025-12-31 12:21:53,Manual point grant,admin
eeace2ffafb22005feb524aa682c973e92cfb5a1767ce19292e819047ea902c1,40f24b2d0ca1cb8fd46e6d33f43dda4fdc0db00236d1aaf36c83118ad27f0700,earn,Admin Adjustment (+),10,False,,,,2025-07-04 15:20:21,,Manual point grant,admin
cdf717555904ab3f3239ed8c9b9bac86992cba2bc0404429de440ed1815cf762,56c2f8cce00fd45a61a60543335abb2cb666f70f6db54c3d3722d1b86c6379b2,earn,Admin Adjustment (+),20,False,,,,2025-07-04 21:34:10,,Manual point grant,admin
d5961f2ecdb76a89d6b12ec1b4865b94a1496f4c1ae6c444898fa726b3d5e203,25df2f1d5b8b23ef368fb24cab9daf584d896ed46a2301a8562844be9a7aecc2,earn,Welcome Bonus,10,False,,,,2025-07-05 00:15:00,2026-01-01 00:15:00,Welcome to Raw Smith Circle!,customer
4ec9ac0dc8746d25f042cef7d14e05e46ab6793ecaa7b084ac6aa68893b2e3d6,fce25078c347b266cc2e7e7ef0da120edc4ef324fb5da918f43d4e419893270c,earn,Welcome Bonus,10,False,,,,2025-07-05 00:56:00,2026-01-01 00:56:00,Welcome to Raw Smith Circle!,customer
0de7f3a6ba78b7f441f02fae8da197b0dd503b3314eaafc39479a1299abf8df5,cffe157722e96ff5b189a894d08326c3ace0f2d79c90daa012e141b17fb264f2,earn,Welcome Bonus,10,False,,,,2025-07-06 00:55:00,2026-01-02 00:55:00,Welcome to Raw Smith Circle!,customer
225623f7cd3674413f4a7a88c44e12a971402de13fa66f2f42189ee3529e0232,e1e94359f6c372cc51698dc8090790cc62bffa2d3e602b1003c3d819a9c94bcc,earn,Admin Adjustment (+),20,False,,,,2025-07-06 09:45:02,,Manual point grant,admin
f2a969fd9e42fc3509e5fe4c8c5eba39a15735a913bab1991dcb695799fbfeaf,022ed022d58340abfb9e11fe980e1c419717bd640236544827edbb73995f6c7c,earn,Admin Adjustment (+),5,False,,,,2025-07-06 11:09:01,,Manual point grant,admin
9be9290acdc72cd0a4e8e8fa5a6787d93580afce7ecff1324411c0c318eb0a1a,308c7ac0094cc2b1137bc1aa0a796f5e144026ab28fef033092f468dbed0479a,earn,Admin Adjustment (+),5,False,,,,2025-07-06 12:20:46,,Manual point grant,admin
f9b36e67cf4995bc8eba2b2eb4b0d196eec5418d7238344d52e059a43c68eabf,37912de43d9f18b3701a95ddfd0a015a3541651913eeb1d0c84b01637ea6ea4c,earn,Admin Adjustment (+),60,False,,,,2025-07-06 13:36:43,,Manual point grant,admin
702714cdf746a7f2a138a5f16a529f69004261a31ef86e853e9b31a42d86f424,d0d2247cdf00c6beeb2f658e7d1141d9319f85a4e57acd15ecfa6aa0f1d14b31,earn,Admin Adjustment (+),15,False,,,,2025-07-06 17:44:57,,Manual point grant,admin
825da35cd8934c431effcdc31b43574a26d7f228ec24ca9943e52a3c67164f75,1805cd18b610d4f0e9dd4aeac99d83d76551e1ac8e5495dcafe14397d94cb774,earn,Admin Adjustment (+),50,False,,,,2025-07-07 02:53:16,,Manual point grant,admin
a4e295cb0a345abd6a0ea2f9376b377b78eda1411d36982e36997dc2626f2376,5f44c132f8640bfe6c97267e5bb2b6e0b7243a8c7eb05a3b61f4feefa92103a9,earn,Admin Adjustment (+),30,False,,,,2025-07-07 06:59:28,,Manual point grant,admin
ea878aced6201ffcbf505602b5a5289996fd653e5226d367c93b1571439fcf6f,a4fbc9f143f6ee8eb80376a4effb15d38007085da39db72ce12ab61755d05dde,earn,Admin Adjustment (+),30,False,,,,2025-07-07 09:02:24,,Manual point grant,admin
713e7ed0783fe664efabe0ea9c215d6e9083e329967b0171cd5ca4ab6b3e67ae,653fe1fc46ebbf17b5f3f8f8e3db7a01f33d401a21f9eebb57c3eb645aa20d7b,earn,Admin Adjustment (+),10,False,,,,2025-07-07 13:18:43,,Manual point grant,admin
21e9017a82a53745e587e21d51ba85a89728e204fb064eaa80595e48ac436ff7,56c2f8cce00fd45a61a60543335abb2cb666f70f6db54c3d3722d1b86c6379b2,earn,Admin Adjustment (+),5,False,,,,2025-07-07 16:23:43,,Manual point grant,admin
091f4f0624de277236eb567bf479a2a7acd3af81099051550b02547d48edd2f8,7d05a042bca1664d46ffb3e0cc7e61805072a66609f037e5716bd9acef69babd,earn,Admin Adjustment (+),25,False,,,,2025-07-07 17:10:58,,Manual point grant,admin
4674891370a6dcd5d4deda4636730a0148427e0f937cf4ba2d3db9c7b821eb4a,8c46df8646b7b4acc556a362e4c74cd36cf157cf5effb3868952c22adacdeb57,earn,Admin Adjustment (+),10,False,,,,2025-07-07 19:25:27,,Manual point grant,admin
8837b1b30ebb89fd7837b9ffec0dfe90c321432aea3b1f889a0eb666fbcbcec6,60f820ba362cdf9c342011859ceed333e5a1ae423a96d94e86be35cd376f153e,earn,Welcome Bonus,10,False,,,,2025-07-08 00:06:00,2026-01-04 00:06:00,Welcome to Raw Smith Circle!,customer
d9963d28e03175ef83a883df8e3bfa96a76610cc5756cab3922eda1611d0e6d1,7d05a042bca1664d46ffb3e0cc7e61805072a66609f037e5716bd9acef69babd,earn,Admin Adjustment (+),5,False,,,,2025-07-08 07:25:36,,Manual point grant,admin
6d732158dbb0f24315bc7d9248503e478e747e058e6970c5825bbbd358b0524f,dc32e655c2abd3b8221175d18034d3be52f2142319021c4950ee84d4de1ae8eb,earn,Admin Adjustment (+),10,False,,,,2025-07-08 12:30:24,2026-01-04 12:30:24,Manual point grant,admin
4e5f2a1832f17b7e515fdce49f6c26e5499adf862424391a40da92c12a09e055,653fe1fc46ebbf17b5f3f8f8e3db7a01f33d401a21f9eebb57c3eb645aa20d7b,earn,Admin Adjustment (+),10,False,,,,2025-07-08 14:37:05,,Manual point grant,admin
3fc4ea488c648f1f4b9a9faeaefe5344e702cc674283c6ba2bfd8109850d3909,2e8f0e76c882f5903f22ccf95aa653083fffbe09cb425883ad0cb59769e08f3a,earn,Admin Adjustment (+),10,False,,,,2025-07-09 11:51:56,,Manual point grant,admin
7f92bc99eaf229311197723851b8c1156abcf709ab6c26018144984a02c08223,022ed022d58340abfb9e11fe980e1c419717bd640236544827edbb73995f6c7c,earn,Admin Adjustment (+),30,False,,,,2025-07-09 13:25:17,,Manual point grant,admin
6299ba5075c640d36cd8b159f2097c6ca97caddcf385a259cf2f0138743a431a,a1cdac58029cf6218fe5b23cf198576b9086cb60ab708be06f8a374ff3f918d0,earn,Admin Adjustment (+),60,False,,,,2025-07-09 19:34:28,,Manual point grant,admin
5b28e4e6a78a05f530f1cb967d1d81cfa3583ca45c615094df8926ceb46cbdf9,b555f79fe8fa80ebedb33445d9cfd14bb6b4f4f1a4a4766cd9f444f7f88ebbf4,earn,Welcome Bonus,10,False,,,,2025-07-10 00:19:00,2026-01-06 00:19:00,Welcome to Raw Smith Circle!,customer
00560d9d01b04218232274b3ef00ff0c16564406ce0bde5c37f72b8a78a15781,bb7f9ee8f1fe2a813527d65e461a94e3464130acb90db65a1ca9c29a0fdac23f,earn,Welcome Bonus,10,False,,,,2025-07-10 00:50:00,2026-01-06 00:50:00,Welcome to Raw Smith Circle!,customer
e62cab95702b252d95d410fbbb318eecb36964c316c8fefe5a79c78da20f7f69,f3bb8899e697661ae401fbd9ec148c5b80304f629874a722084496b638f19f80,earn,Admin Adjustment (+),5,False,,,,2025-07-10 10:20:49,,Manual point grant,admin
fd8b38eed95c276f371658742a400f341af74bfa3593740dd0a98fbec1823fe0,ca2e6dcd996ce770aa74ad3bd0272d9d3994fb6b7c5946a3f612592cba3777cc,earn,Admin Adjustment (+),20,False,,,,2025-07-10 12:56:35,,Manual point grant,admin
1ea0ae698f4d965551e02adb6ac940f7868a77afd5875998e0168ad5a4720e46,cfe3f41fc069725a0fb1b207ad08a68e9d3719c6e4f6a8e62d6eb49ccda99f8f,earn,Admin Adjustment (+),10,False,,,,2025-07-10 13:50:50,,Manual point grant,admin
c54f9b23cd81b316f99436f9a241fd30058af5e69cc2e375e64b1cf480aefee4,bf4b607c8335801c9337eeb434891608aa61266b18764b77dd87a6c4771325ad,earn,Welcome Bonus,10,False,,,,2025-07-11 00:15:00,2026-01-07 00:15:00,Welcome to Raw Smith Circle!,customer
dc14f4dfc8241c576ebf53c0deb8b1a22846f96d20a37d3c22e8b0611ce5af7a,dd821bb8c29de15afe7e2e73810f8e9b72bb1852e57faa3746e8b00411a09f89,earn,Welcome Bonus,10,False,,,,2025-07-11 00:43:00,2026-01-07 00:43:00,Welcome to Raw Smith Circle!,customer
28e3108e1aa35333c7667ef72d0eb80a1e2780dfa6b0e1ac3f8c1a90985082bd,88335f2b1fde41da84a59a25f840bd94d4cefcbf99349229e6ad88b821772bd2,earn,Admin Adjustment (+),5,False,,,,2025-07-11 03:15:30,,Manual point grant,admin
a42842fa18da9bd4fad05189bd60f510de486c8060ed24cdb0517ca33d42c943,f5b20136157c0cff8c5ea61346789079efb90608cc2ec788e421a96b8c3ce866,earn,Admin Adjustment (+),10,False,,,,2025-07-11 07:26:02,,Manual point grant,admin
c6d7fd562b1037d86a0206769f5b492e57a4102f3993deb8cf1215252a9e8f6f,a7289bd8b1618463665127e90d6a93a0833404d4ff535505af69a36320ab4d66,earn,Admin Adjustment (+),40,False,,,,2025-07-11 08:44:36,2026-01-07 08:44:36,Manual point grant,admin
1b59063f9ce430809ee98ea45558194d94d0125d7dc0c37bd1b633a0304e619f,7d05a042bca1664d46ffb3e0cc7e61805072a66609f037e5716bd9acef69babd,earn,Admin Adjustment (+),10,False,,,,2025-07-11 11:40:51,,Manual point grant,admin
7baae62a6398e579fe4d954e979e9edcb55c5747736712b0ad2ff2e3822dd90a,a7ba72bd68a4caa4afda5f062409afde37657f402fed81d6466b62612a2f068d,earn,Admin Adjustment (+),10,False,,,,2025-07-11 19:25:44,,Manual point grant,admin
84d47b5a4b2365c46f9c41cb1bb638649b060c85b7eb0f4084e9caf99bcf72d4,a5371be890f7605dad814a294a1aa6c890f61a4356f08d30ec0ab9ccf20da0f0,earn,Admin Adjustment (+),10,False,,,,2025-07-11 20:29:43,,Manual point grant,admin
da8597db9936709fab6df7217e830c3dcb9d3315b4ce3eb0092f87084f815210,8d810342d3c885aeeb246681e10a8848e4dbd13c9aa1156e30b3888429a7da1c,earn,Welcome Bonus,10,False,,,,2025-07-12 00:03:00,2026-01-08 00:03:00,Welcome to Raw Smith Circle!,customer
7d3938291553d40dba645b298f08ed63dae767d9f47841bc2f3039bcb1f390aa,60f820ba362cdf9c342011859ceed333e5a1ae423a96d94e86be35cd376f153e,earn,Admin Adjustment (+),10,False,,,,2025-07-12 07:03:38,,Manual point grant,admin
ee12b5498ff8d9a0b0d3f56084580804113d09e7a50effd5ac1844cfa3c9d9f8,d747f3147243b1b63899c9a5b0d1853ae4cb9e03f2a86a62241d6363ec4bf033,earn,Admin Adjustment (+),100,False,,,,2025-07-12 10:00:25,,Manual point grant,admin
530798587523a77d86f1bbe639bbb2fcd62938f4eded996441953325c5bfb20e,18faf257ba6922a03804d8b32bc48b9e8d8dc3529f3c98c32e8461e6ea1333f9,earn,Admin Adjustment (+),5,False,,,,2025-07-12 19:18:57,,Manual point grant,admin
2b654e585644fbda1758d8f3579a39cce0bd43d4ba23f7ffe1dcd882189aa900,5f44c132f8640bfe6c97267e5bb2b6e0b7243a8c7eb05a3b61f4feefa92103a9,earn,Welcome Bonus,10,False,,,,2025-07-13 00:05:00,2026-01-09 00:05:00,Welcome to Raw Smith Circle!,customer
e2b85e4297874c7775ad1886b15086b3aac680041c16a0237f341e5325bfb203,308c7ac0094cc2b1137bc1aa0a796f5e144026ab28fef033092f468dbed0479a,earn,Admin Adjustment (+),10,False,,,,2025-07-13 09:33:42,,Manual point grant,admin
df92ce89fdd8183accd5c4e8bf81e09aefbb1d86c7b78bce7dd6baeddf057176,7d05a042bca1664d46ffb3e0cc7e61805072a66609f037e5716bd9acef69babd,earn,Admin Adjustment (+),75,False,,,,2025-07-13 12:49:44,,Manual point grant,admin
e233172680f4c82906971bd5e1ad77c2775c5c6cdef9af5fc688dfcaa17da827,308c7ac0094cc2b1137bc1aa0a796f5e144026ab28fef033092f468dbed0479a,earn,Admin Adjustment (+),25,False,,,,2025-07-13 14:19:59,,Manual point grant,admin
e96bfde5c7d2a4a6acbed87c15314b36db8413451da4ef195cef104cbb3f9437,c267d04aa9fa8a039544def2e734d474d5be08ffce0088efbe1c26d4a45fc631,earn,Admin Adjustment (+),5,False,,,,2025-07-13 14:20:38,,Manual point grant,admin
715f814a5e1d64f95aa85c1fd5c15c044d4775dfdcf1bca8b177a1ddd00a8b8c,60f820ba362cdf9c342011859ceed333e5a1ae423a96d94e86be35cd376f153e,earn,Admin Adjustment (+),15,False,,,,2025-07-13 14:52:21,2026-01-09 14:52:21,Manual point grant,admin
46c001b6571a7e31a6fdca227e283d360b6581cd28470ff440fc32a9ef467cac,fb812e987eeb88cda1a9d54159fa441826c866053835948a5ba9682e1999413e,earn,Admin Adjustment (+),10,False,,,,2025-07-14 10:51:31,,Manual point grant,admin
dfaa0609daf0e25b149c6e532662829206b5340d7c541d15a8ac5027753cb6fc,a5371be890f7605dad814a294a1aa6c890f61a4356f08d30ec0ab9ccf20da0f0,earn,Admin Adjustment (+),25,False,,,,2025-07-15 07:54:02,,Manual point grant,admin
c3aa520a74866e2d739e73148e941c0260b3482c47591df537faacb9ffd84a1c,0c32258e3c936c2eaf222d8868d1d9ec998081e7dfa117e9876902dfed47d3d3,earn,Admin Adjustment (+),20,False,,,,2025-07-15 11:49:39,,Manual point grant,admin
20388ab450f4512daf0b604bf453cf33e8beae1b77f3e7c9438ebc00ae0e4575,0d3408992aa5cde329676d42510ce925946ad6241a2ea928fb54547f83f443c7,earn,Admin Adjustment (+),10,False,,,,2025-07-15 12:05:25,,Manual point grant,admin
775d902a39b429fe8157fde839118d856c19e4cc90ba6cb79d56f979c0407d16,60f820ba362cdf9c342011859ceed333e5a1ae423a96d94e86be35cd376f153e,earn,Admin Adjustment (+),10,False,,,,2025-07-15 15:23:59,2026-01-11 15:23:59,Manual point grant,admin
f1db257805e4cf889f19733a4ab62477187b4ae9ab0ab4d06c38cfb499be79fd,7725c475d921457bf4697659afd55bc6ab1b8370e203066a9b80e8b0ecc976f6,earn,Admin Adjustment (+),10,False,,,,2025-07-15 16:19:13,,Manual point grant,admin
07c75a3ff7570322bca84d895f2d8a1060aa34f93ce0bd8c77c85c0248206f73,050f2b8c6f0d503728dd5adf1a68e2a72d4b74b90e8d5d854c53df0eb44408e8,earn,Admin Adjustment (+),5,False,,,,2025-07-15 18:02:39,,Manual point grant,admin
83b3bc05883a0e5ddaf2482e9f3efabb68aefa26c79e2d0df28bbaa19294b6ca,9a7112834a9a5f55b6a98974a27226f1072a02576b624f726cff1b55f0d64a05,earn,Admin Adjustment (+),15,False,,,,2025-07-15 19:09:16,,Manual point grant,admin
893c29ae8b3ac706155edeab5826f1967558ab2f1970ae836402aeb086a92e61,022ed022d58340abfb9e11fe980e1c419717bd640236544827edbb73995f6c7c,earn,Welcome Bonus,10,False,,,,2025-07-16 00:46:00,2026-01-12 00:46:00,Welcome to Raw Smith Circle!,customer
06d44640183cec3c83d842d649b75b8298bf6bbcef881ec316bd9ed582af4ec0,9b33e3d0c4ff628e166b7efb8fd55c09cba3e063f6495d33fbca3ad8ee2c6d1e,earn,Admin Adjustment (+),10,False,,,,2025-07-16 08:57:54,,Manual point grant,admin
14153c3c93b4bdda33af6863ffc6fa8e739f85bdf9ece02452c53f42d473625e,2291349a28cfeb08cfc82c4b6dadf009426b7440f1c9fd833e824cf7955f7bcf,earn,Admin Adjustment (+),20,False,,,,2025-07-16 09:02:36,,Manual point grant,admin
e85030ddc0644b966cb165709e00c19ea127d77965838a91a9ad98adc1e45634,579da5019dd74d0aaef5b375021936697054dc4c4698d8b5969f3c53ac3cc368,earn,Admin Adjustment (+),300,False,,,,2025-07-16 09:08:01,2026-01-12 09:08:01,Manual point grant,admin
0b6c35c2a19c0ca97eb4e453b84e397de5be248c911f48b0fbfeff608892f1b3,de9e8dc68138654cadf078b09d7e41c1636e36acb67588623256eb403dc550b3,earn,Admin Adjustment (+),20,False,,,,2025-07-16 09:52:47,,Manual point grant,admin
d9554e63f4fb63e2d518cfcbe933a5a215133534cd40e23bf705e5d2fe272366,28ad6ca3fb0e2f5d50e7e1c1b3e1c6a4279f9c58c0aaeaa1b6f2a6a24d4c1c0a,earn,Admin Adjustment (+),30,False,,,,2025-07-16 11:39:50,2026-01-12 11:39:50,Manual point grant,admin
4da7e3fdbd42a51525948091252c41d98435a9b917fb374754068bc213207b4e,3f6c972319dbbe576cad2270b2237c43289f21ea736d29e0b1f2050d97b129f5,earn,Admin Adjustment (+),30,False,,,,2025-07-16 11:58:09,,Manual point grant,admin
e19af85378eef235e157a94286cf424c28fe9f9af8886d20c400a10e55224213,c097c34b1b28826e60f005af382b66c8c1d0c83dd812669ce00dea7ec79b33ff,earn,Admin Adjustment (+),20,False,,,,2025-07-16 12:48:42,,Manual point grant,admin
ab2312b4998b467f5336e15e05b3e8517f2e3790c28782bbbc4a8852898adae7,dc6c6ed3352b9e3131a29fbc4a0de86324d4d853fd7f3075c7c85cb287a757af,earn,Admin Adjustment (+),5,False,,,,2025-07-16 13:09:44,,Manual point grant,admin
be5504ee50830a4085799e7ba53058042ede5637f91a9ee62c3b9256cbede05c,51119a3455dc32a4bad89096840853f1f847e76e80d0b2744adb54305f3310a5,earn,Admin Adjustment (+),75,False,,,,2025-07-16 20:21:23,,Manual point grant,admin
21e8acc40f741fc611b42073ab06d299fe497e57ba955ce8d54d290e87851d24,dc6c6ed3352b9e3131a29fbc4a0de86324d4d853fd7f3075c7c85cb287a757af,earn,Admin Adjustment (+),5,False,,,,2025-07-16 21:02:17,,Manual point grant,admin
951db91bdfbc67658ec77b5c8c21b6d6d4be19e40988069f8137bcf789ca9681,d93fbc85257c4367a197bfa2585ef581a41b8ac58589f0e5d49ddca1f29ae30d,redeem,Redemption,-200,False,,,43b50b09854a2f536862716ce9c04e3b0c3c7815c478d869c1e8ad1264fd5f6a,2025-07-16 23:44:27,,Redeemed: Raw Smith Merch Tote,customer
b83d58fe4809bd06ffdd24107828e4cfd8838d8b9b08e6697dd02dcb32b0c9d9,f8bf4184ac4772f1e5b1619f281e19c104eb941ea082c23e1a12a4356e87a6bf,earn,Admin Adjustment (+),10,False,,,,2025-07-17 06:03:23,,Manual point grant,admin
206bdc9ba12bdb83988202718ce84485ed6254a80327b27b1d1702243ee1e2ce,de9e8dc68138654cadf078b09d7e41c1636e36acb67588623256eb403dc550b3,earn,Admin Adjustment (+),10,False,,,,2025-07-17 15:17:12,,Manual point grant,admin
dfc89a1c7ad751df91af27b76c3a5cafdada25e4ca7baf700e7a601f8cafae38,a7289bd8b1618463665127e90d6a93a0833404d4ff535505af69a36320ab4d66,earn,Admin Adjustment (+),20,False,,,,2025-07-17 15:24:07,,Manual point grant,admin
36bdb2a9089bf3d197db6b72eb688f0fd105e1f8ad8fb5545c59ee3da807678c,7d05a042bca1664d46ffb3e0cc7e61805072a66609f037e5716bd9acef69babd,earn,Admin Adjustment (+),5,False,,,,2025-07-18 13:38:03,,Manual point grant,admin
a6ca629cdd47591c8987e7d8399d4e5518c0f8a1ace96702a018fdcf8f5a0baa,f0d16cd473be8fb9ea54491cdffea34070e84b4f082f8112ace8ffaf4497db30,earn,Admin Adjustment (+),10,False,,,,2025-07-18 14:08:19,,Manual point grant,admin
fd614a9a356b371091fb191ca3a2afebd8ef69698eb57fb7ec41d1fd5e7cf643,a4fbc9f143f6ee8eb80376a4effb15d38007085da39db72ce12ab61755d05dde,earn,Admin Adjustment (+),75,False,,,,2025-07-18 17:56:26,,Manual point grant,admin
3f95f21e509c724ba1e3026476d0235fa5d8152591e4122d66abe7322d53e193,ac735306a8aa503c7380285f162117b2991cfb026895d51c483d4ce6be2d39ba,earn,Welcome Bonus,10,False,,,,2025-07-19 00:13:00,2026-01-15 00:13:00,Welcome to Raw Smith Circle!,customer
9121cbfea538627f71b7acbf856fdc4aa15fb9f203ee2e6c7f8ff7c4880f5bf8,a1cdac58029cf6218fe5b23cf198576b9086cb60ab708be06f8a374ff3f918d0,earn,Admin Adjustment (+),10,False,,,,2025-07-19 06:20:29,,Manual point grant,admin
e7dd80bec4dd4099f68e95b4a2b2610e37cf0d374edc4b8d01e8e14d82630639,b3eb552de0a0f67f0a71865949650c93e78c8e5a147159e68ea59876a4d0f51b,earn,Admin Adjustment (+),25,False,,,,2025-07-19 10:54:32,,Manual point grant,admin
647b965ed6a27f081562a09b6b10d7f427c9e6d958e64188810db919d8c784c1,08e79d8d15491b3daa13f49786087a0d2cbc82161b48a7a07d87b80ff819edd2,earn,Admin Adjustment (+),10,False,,,,2025-07-19 15:59:07,,Manual point grant,admin
51681b37f386ba84155b0dfe4183ac00f9e65fcdac2afc17f6cd9c55e6307df1,28ad6ca3fb0e2f5d50e7e1c1b3e1c6a4279f9c58c0aaeaa1b6f2a6a24d4c1c0a,earn,Admin Adjustment (+),10,False,,,,2025-07-20 00:31:54,,Manual point grant,admin
6827365381c0975312b72b95035c3f61381447783ae3b1fa5f153647cfa4f28c,2d662ad03bcb6c818ea8cff3a82baf6d6208981b53b710e1eedf824b354f3251,earn,Admin Adjustment (+),10,False,,,,2025-07-20 12:15:23,,Manual point grant,admin
2e999fa75fa95e211ca841a6fd2d0322d6d3965415c7418e26d502262c1eb5fc,7f20a8a48ed409b531f0dd06fd9d397a3a47dfa41c0d9f2985def03238da47fe,earn,Admin Adjustment (+),5,False,,,,2025-07-20 12:20:01,,Manual point grant,admin
c4bb9ad84621ee9607779f1d5da524d3ef9bced6b63bbc4543b45819affdc7ff,572e7bcdc164f282bc44cdcdd67fc5350bcdbc045623a217dcd546578bc6a1fe,earn,Admin Adjustment (+),150,False,,,,2025-07-20 12:48:03,,Manual point grant,admin
08d8d64680e3b1b342242bdbb8877f3ca655bf025e8c7a7aaa33058de8756c3f,37912de43d9f18b3701a95ddfd0a015a3541651913eeb1d0c84b01637ea6ea4c,earn,Admin Adjustment (+),10,False,,,,2025-07-20 13:45:07,2026-01-16 13:45:07,Manual point grant,admin
7cda1432120ba6c41f8ad11cf437f5f6beff0eb3002a90e59efde89ce617f3d1,5ff297505eb54e620fc7c62f3a353e5a08864a3f2d8cdd8fdd76cf13f7f7e175,earn,Admin Adjustment (+),15,False,,,,2025-07-20 17:55:55,,Manual point grant,admin
8d69d2464b9f8ab11e5b6d3310b57b43d9922b95c67983c0df5008132aa32a51,a734429f3fcdeb38381762d96a077a27f7c318985c7ada699c45410650ff13c1,earn,Admin Adjustment (+),60,False,,,,2025-07-20 23:26:02,,Manual point grant,admin
8c3f5fae5c4db75baf04035a646c194970d57d7dd1b4b905a88459263c8581af,f8bf4184ac4772f1e5b1619f281e19c104eb941ea082c23e1a12a4356e87a6bf,earn,Admin Adjustment (+),20,False,,,,2025-07-20 23:54:48,,Manual point grant,admin
75cb489fee3b3c71b8e1543d8cb7cef5b97693b674ac76647d5b0f42760df812,1a279da7e2eb06a63ad367041b3aa35c78f4f3b9b1219f923ac38d1eb24a97d0,earn,Admin Adjustment (+),5,False,,,,2025-07-21 07:06:00,,Manual point grant,admin
ebe7900291cb2af3e8c497fb48982314dad96f1f44aac92ba9b32a1acf6a3079,a1cdac58029cf6218fe5b23cf198576b9086cb60ab708be06f8a374ff3f918d0,earn,Admin Adjustment (+),5,False,,,,2025-07-21 07:28:45,,Manual point grant,admin
029966811f31c4dddf206ee88cfd104b4ffb1c5ff9e2a62b180cb61bc0a267b8,3f6c972319dbbe576cad2270b2237c43289f21ea736d29e0b1f2050d97b129f5,earn,Admin Adjustment (+),5,False,,,,2025-07-21 11:05:23,,Manual point grant,admin
fb54eb227305d061c2ee9306cfb9ee2c216d889eba769e7f85f015151cc65b24,00facca840129191d923ccec896fb5384a007e008cb3b14c573fac8b7374c92b,earn,Admin Adjustment (+),10,False,,,,2025-07-21 12:10:36,2026-01-17 12:10:36,Manual point grant,admin
ba94db3a8d2435aca969e715d367dc04a23b70b16fcba948d17a8aa324259c0a,00facca840129191d923ccec896fb5384a007e008cb3b14c573fac8b7374c92b,earn,Admin Adjustment (+),10,False,,,,2025-07-21 12:39:54,,Manual point grant,admin
69daf10af854d1001cadb516d0709210f8da452aaa7494d3bbd4ac543d71fb2d,2e8f0e76c882f5903f22ccf95aa653083fffbe09cb425883ad0cb59769e08f3a,earn,Admin Adjustment (+),5,False,,,,2025-07-21 14:41:23,,Manual point grant,admin
66635124941c0c4fac71145307186a3409c45461884e16f6e72cd4cb40c4ec03,a7ba72bd68a4caa4afda5f062409afde37657f402fed81d6466b62612a2f068d,earn,Admin Adjustment (+),10,False,,,,2025-07-21 14:57:41,,Manual point grant,admin
a8ab7629a27d674e8edf2e6db324e2e1db03c2eab29fc42bb155c542b58cc345,559248929aa6e8251c834ed1db41ff37f7ef7b784370f2d4554115fefa90b428,earn,Admin Adjustment (+),5,False,,,,2025-07-21 20:52:20,2026-01-17 20:52:20,Manual point grant,admin
0ef7673052ac12614e9752511c066cd230377cd32ad7e40098dc723830389ae9,0220f9d60e2ad771878c31761d837751815766ad45871aebd6c4275a613e03da,earn,Welcome Bonus,10,False,,,,2025-07-22 00:37:00,2026-01-18 00:37:00,Welcome to Raw Smith Circle!,customer
25ae81436cc515449c4e824fb29f1e987861d52a8d7a552ef598da3a64e09c52,c16d69c03bf20932e60535de01303a169e4464bb000a79431ceb098d1522524f,earn,Admin Adjustment (+),5,False,,,,2025-07-22 05:24:24,,Manual point grant,admin
a95af003bacaff9b8b134838a45fd06e89100a2e9c887da35f247d33316980ba,579da5019dd74d0aaef5b375021936697054dc4c4698d8b5969f3c53ac3cc368,earn,Admin Adjustment (+),25,False,,,,2025-07-22 07:11:47,,Manual point grant,admin
b5e8bbe0833df4f2438ea01ed0d2318890a089a50c9bc831b923f5afa711b067,57a16dd38a34440b086de09867b479499e5917de5eddbb837fdd1152bd0b6bef,earn,Admin Adjustment (+),20,False,,,,2025-07-22 08:23:37,,Manual point grant,admin
998d21c106a651b196fd0d9a2578893c3f0c6e76df9707e541a90d3626a04a73,7edb25ef492ac294827760a4fc1a5c66010b5cd8b76e0f30642dec26f58522b1,earn,Admin Adjustment (+),25,False,,,,2025-07-22 11:05:09,,Manual point grant,admin
d3b83a853dff3f4ab3962e19302539f2a83af098f91cbdb81c3808c677c9af91,cffe157722e96ff5b189a894d08326c3ace0f2d79c90daa012e141b17fb264f2,earn,Admin Adjustment (+),10,False,,,,2025-07-22 11:13:26,,Manual point grant,admin
ef8e9a385df839b08c74f457ff254ae2b39827f61f67acab873083faddd77870,70d6064fce0f3b2ef339b21edf9a549ee76c9bd381c9d6acce710131c03c921e,earn,Admin Adjustment (+),10,False,,,,2025-07-22 12:26:28,2026-01-18 12:26:28,Manual point grant,admin
a3cad295af2544030ed7988af6aaf2bea84fddbde9284bce22c7f906ff860863,a7289bd8b1618463665127e90d6a93a0833404d4ff535505af69a36320ab4d66,earn,Admin Adjustment (+),25,False,,,,2025-07-22 14:38:36,,Manual point grant,admin
c6025800e8d84dabdb74dc2ef0ba531b9aa76f3026c8e0784a4e203865c07162,7b1b3d6c19f2ea5ab9ea59cb8109ba2970fce623d064648dbdf6f25d2bad6f3e,earn,Admin Adjustment (+),5,False,,,,2025-07-22 17:19:36,,Manual point grant,admin
6b6547b2b23f7ae4d585c0a3dcbe1ebd68186a1f2cd766c127a3b867d29da046,25df2f1d5b8b23ef368fb24cab9daf584d896ed46a2301a8562844be9a7aecc2,redeem,Redemption,-200,False,,,43b50b09854a2f536862716ce9c04e3b0c3c7815c478d869c1e8ad1264fd5f6a,2025-07-22 18:11:55,,Redeemed: Raw Smith Merch Tote,customer
713de08bea043a07aa467b8d925a27fc535d68bb2f1e6ddbfa482995c7063e26,a5371be890f7605dad814a294a1aa6c890f61a4356f08d30ec0ab9ccf20da0f0,earn,Admin Adjustment (+),25,False,,,,2025-07-22 19:03:41,,Manual point grant,admin
ce3c33c507e5372662ec32ad98b828d6df653a36efc943762632ca943295cef6,2291349a28cfeb08cfc82c4b6dadf009426b7440f1c9fd833e824cf7955f7bcf,earn,Admin Adjustment (+),20,False,,,,2025-07-22 19:33:18,,Manual point grant,admin
4d5965f0728496fb92ce8c06117eaaf1aa868cb84553223a6fc17887eecae1ce,d0d2247cdf00c6beeb2f658e7d1141d9319f85a4e57acd15ecfa6aa0f1d14b31,earn,Admin Adjustment (+),15,False,,,,2025-07-23 10:15:48,,Manual point grant,admin
87f2d6b9168ee98af425adec9fb5ef16f2fcd4dca7922d383bc9c0983c2a826e,b25ed1750aae5ef9500d96b7397194edd2a695e75a3cc7ee271f2117a10ed547,earn,Admin Adjustment (+),15,False,,,,2025-07-23 11:46:08,,Manual point grant,admin
15a1543025964d3fb82af8d73049fad587921dde012384e89bd1ef99441665b7,dc6c6ed3352b9e3131a29fbc4a0de86324d4d853fd7f3075c7c85cb287a757af,earn,Admin Adjustment (+),20,False,,,,2025-07-23 12:01:20,,Manual point grant,admin
f9bb83e625cca498fdff00039ff0192b6e74fd8950a770314ab9491284efc1e4,dc32e655c2abd3b8221175d18034d3be52f2142319021c4950ee84d4de1ae8eb,earn,Admin Adjustment (+),5,False,,,,2025-07-23 13:50:27,,Manual point grant,admin
8d1cf3ae70ccfb93e4ef083aeb87a33f91b051e51dbd5d0330295ff0b5337165,16228fddcff0f24423896b57abc14d55b7b3e5487eefd5983a569d60f8a2e20b,earn,Admin Adjustment (+),25,False,,,,2025-07-23 15:37:17,,Manual point grant,admin
a3800c0f33b1ebef206ec36b88282dce901b662b523c29de1ffc09daf8b3cd4f,5aa8946ed0ff7a5ff3eabfb04fe8cbe66df66a7d449363e6f5b4ab201f2373bf,earn,Admin Adjustment (+),10,False,,,,2025-07-23 18:20:42,,Manual point grant,admin
4cf4754ad023cc6355163ed823a16bc6a00d8e3141397f489705d82bc0039aca,c234f4a55eb264722cb6de6e74e84f7fd0c43d832542ff18b54c256b5bd9366e,earn,Admin Adjustment (+),60,False,,,,2025-07-24 07:30:08,,Manual point grant,admin
7ae1a782783a6d4f8a84d183499775a2983e1af507eb2546f1c57560746a8e48,2291349a28cfeb08cfc82c4b6dadf009426b7440f1c9fd833e824cf7955f7bcf,earn,Admin Adjustment (+),10,False,,,,2025-07-24 10:16:13,,Manual point grant,admin
facbbdcb1d48899fa79c50a539f554d8c44075849b16c3ecc7fcbcdc998386dc,9f21a94829ef027ac0a2034b95d633140f069bf83dd7b64316283343eecd0d88,earn,Admin Adjustment (+),25,False,,,,2025-07-24 11:19:00,,Manual point grant,admin
707b336fe7abf0fc3fe4b63f1198101251636166620f36add2ea62f02a7a0d28,b3eb552de0a0f67f0a71865949650c93e78c8e5a147159e68ea59876a4d0f51b,earn,Admin Adjustment (+),5,False,,,,2025-07-24 12:17:26,,Manual point grant,admin
316f31b864b0fcf5106a66d7716f5b9bec5607cd679cc6ca2d87ce00a46454dd,de9e8dc68138654cadf078b09d7e41c1636e36acb67588623256eb403dc550b3,earn,Admin Adjustment (+),10,False,,,,2025-07-24 14:05:13,,Manual point grant,admin
b93a7ebe2e24ca5945f3ca6f9f4234b6c123cd3abe3bfab0811965a933291acd,c234f4a55eb264722cb6de6e74e84f7fd0c43d832542ff18b54c256b5bd9366e,earn,Referral,25,False,,,,2025-07-24 14:51:52,,Referral bonus,customer
6580165101741673a8da1820db26e39713b1a19669cec348403c0d16cf8f6da3,b3eb552de0a0f67f0a71865949650c93e78c8e5a147159e68ea59876a4d0f51b,earn,Admin Adjustment (+),5,False,,,,2025-07-24 14:58:12,,Manual point grant,admin
d2b2ffd84d2a5900cc5a6755e169a84b1d8685e2953c8c638b21987e45531850,a5371be890f7605dad814a294a1aa6c890f61a4356f08d30ec0ab9ccf20da0f0,earn,Admin Adjustment (+),10,False,,,,2025-07-24 15:20:22,,Manual point grant,admin
0dcd43ebb3093f25c447a9b6a2691183cf2f1d65f879d2c76dc6e8f4bf77a4fc,fbc0fbaf9f7c1db7e8d8e0635efdb459cb2101912aced06504fa8b084dacdbdf,earn,Admin Adjustment (+),15,False,,,,2025-07-24 15:30:14,,Manual point grant,admin
219e602c753b89e08a81a12f52b3c45f4f099ad380d1286d9cb0a008062017de,2291349a28cfeb08cfc82c4b6dadf009426b7440f1c9fd833e824cf7955f7bcf,earn,Welcome Bonus,10,False,,,,2025-07-25 00:24:00,2026-01-21 00:24:00,Welcome to Raw Smith Circle!,customer
3f82a0669a65fa0e0037cb00935b3a68af40e041a49a1e9b0f68b2e0b197ea20,18faf257ba6922a03804d8b32bc48b9e8d8dc3529f3c98c32e8461e6ea1333f9,earn,Admin Adjustment (+),15,False,,,,2025-07-25 07:19:26,,Manual point grant,admin
4cf612481ac7c6a3d8022fba1e25953f00eee0790333a55d4edf96f453ca0b77,9b33e3d0c4ff628e166b7efb8fd55c09cba3e063f6495d33fbca3ad8ee2c6d1e,earn,Admin Adjustment (+),20,False,,,,2025-07-25 09:54:05,,Manual point grant,admin
cb6785459b3324c69c432cb7688c0449d4e08f5978de2d4333653dcddd689f24,57a16dd38a34440b086de09867b479499e5917de5eddbb837fdd1152bd0b6bef,earn,Admin Adjustment (+),10,False,,,,2025-07-26 06:04:35,,Manual point grant,admin
b7e1d06d49d732e705bef9f3965215e1c1b264f2c07065427d584d1760ab7aea,42684987372e043ce2ef6fe8153facba96b2fc87da58eb8ee534cfa812400cdd,earn,Admin Adjustment (+),5,False,,,,2025-07-26 07:41:37,,Manual point grant,admin
7fba6f295851cb249a8b7168f5a524cf09ab80f517542fd749bd71e3b021c166,7b1b3d6c19f2ea5ab9ea59cb8109ba2970fce623d064648dbdf6f25d2bad6f3e,earn,Admin Adjustment (+),100,False,,,,2025-07-26 08:54:58,,Manual point grant,admin
371667209beab223e249a2b6df8328f39a7a5c51d3e0ee8c22089a71a89161bf,00facca840129191d923ccec896fb5384a007e008cb3b14c573fac8b7374c92b,earn,Admin Adjustment (+),20,False,,,,2025-07-26 10:36:25,,Manual point grant,admin
8dacef8a2c545c98990ea0a3452c09ae56fa7a18d91c92ee04bffab56f3898bd,dd772f66d8b80d454d7f9876c419d88afce0403af3ae67742bf4227f723a55eb,earn,Admin Adjustment (+),15,False,,,,2025-07-26 11:58:26,,Manual point grant,admin
ca88f621c11b79f401b142b0094eeb2f35c43dd0522fce744127f131dd499c73,7d05a042bca1664d46ffb3e0cc7e61805072a66609f037e5716bd9acef69babd,earn,Admin Adjustment (+),15,False,,,,2025-07-26 12:02:25,2026-01-22 12:02:25,Manual point grant,admin
f0ce35c2e4e1e7e6b9ce2eac77737b349bd131bb193dcca528a82c1e13c9c972,d747f3147243b1b63899c9a5b0d1853ae4cb9e03f2a86a62241d6363ec4bf033,earn,Admin Adjustment (+),5,False,,,,2025-07-26 16:36:43,,Manual point grant,admin
cd10d496dc068b39579e5ed9f627a7ae659b858b1d42ebb26ed45c8bb18787a9,cbe0cc2e3c71af739591c458f36d5c2a2bda23b5721a0dcaee07fe735823b2a6,earn,Admin Adjustment (+),20,False,,,,2025-07-26 18:31:34,,Manual point grant,admin
53807cda19210849031e81f74ae3d348983368ab209c0f8dafd26cb04194ec47,f01b52ebb7c94bef7ebcd01c064f3196c99fceda251c71f3fdb357f4225f22f1,earn,Admin Adjustment (+),150,False,,,,2025-07-26 20:09:30,,Manual point grant,admin
c57911a55d9d1550ad349edf942f03068fb28ae38fa99ab3b7b6b25bb1813f3a,642bad0b05be35764601abff87218350023d8b72a07b7c1ba32e3b4abd1e9474,earn,Admin Adjustment (+),10,False,,,,2025-07-27 08:10:29,,Manual point grant,admin
8f9d3a3139750e825162ef5a163241ce8b83a4863e426c206240aab1ae0fc03c,fb812e987eeb88cda1a9d54159fa441826c866053835948a5ba9682e1999413e,earn,Admin Adjustment (+),5,False,,,,2025-07-27 10:07:11,,Manual point grant,admin
15f2aa9cfb7cf99b6f6524d796441b8fc9afaac6bc47646d59f4f76b8f61f900,00facca840129191d923ccec896fb5384a007e008cb3b14c573fac8b7374c92b,earn,Admin Adjustment (+),10,False,,,,2025-07-27 10:24:53,2026-01-23 10:24:53,Manual point grant,admin
6ec4964e081fc175939166ebceb8715f3126c63903e78f7fab9736a9c3e33ecb,37912de43d9f18b3701a95ddfd0a015a3541651913eeb1d0c84b01637ea6ea4c,earn,Admin Adjustment (+),10,False,,,,2025-07-27 10:35:36,,Manual point grant,admin
e90261a78878ea115c88838595a1d49f43e34ac1c26f7e1b9a0ff5e6cfc82434,99464bc01aa23b70b8852bce183f82600a9ba496baa75ec28f0f3cf506b6b565,earn,Admin Adjustment (+),10,False,,,,2025-07-27 13:28:47,,Manual point grant,admin
348e3904d4e6c574f624d57fd8eb4ce299324086019d9d6591749937953548ad,a4fbc9f143f6ee8eb80376a4effb15d38007085da39db72ce12ab61755d05dde,earn,Welcome Bonus,10,False,,,,2025-07-28 00:56:00,2026-01-24 00:56:00,Welcome to Raw Smith Circle!,customer
1f193a7034a378dfc5c5e70dcbcd632db630aacfef041bbf883857532c7b102c,b3eb552de0a0f67f0a71865949650c93e78c8e5a147159e68ea59876a4d0f51b,earn,Admin Adjustment (+),5,False,,,,2025-07-28 11:54:04,,Manual point grant,admin
a13ca8c395b715a82d0f8c1a0244f76a86452d59c35e5f8ba643eacd23bd887f,7c144b48c34b5be9b0353ecf7d80d6c511438672ffb9c2eda096f89cc2d315ca,earn,Welcome Bonus,10,False,,,,2025-07-29 00:57:00,2026-01-25 00:57:00,Welcome to Raw Smith Circle!,customer
265d2293271aaee8c2e713a49f0216ba623affcea2f7021343e1ecd63e9ab6e6,f8bf4184ac4772f1e5b1619f281e19c104eb941ea082c23e1a12a4356e87a6bf,earn,Admin Adjustment (+),5,False,,,,2025-07-29 02:35:37,,Manual point grant,admin
3f68c68974ff6cb3099cca3157fb0e9514c6ee9f6c87119af86abbdc70dd912a,8daea32368efc7c43579ba565687901a994777f9c6943b29e866d255b34d2ee2,earn,Admin Adjustment (+),10,False,,,,2025-07-29 08:57:01,,Manual point grant,admin
c3abe77a98f6afea196cfcee965b9d56cd8cd8a7b51d8202507979ec121d5389,8daea32368efc7c43579ba565687901a994777f9c6943b29e866d255b34d2ee2,earn,Admin Adjustment (+),5,False,,,,2025-07-29 11:08:06,,Manual point grant,admin
5b359f1c8e2bb16605a1b88fbb4e5396cefdaf8d5201b32865229a6a5f7e1bf0,42684987372e043ce2ef6fe8153facba96b2fc87da58eb8ee534cfa812400cdd,earn,Admin Adjustment (+),10,False,,,,2025-07-29 11:11:28,2026-01-25 11:11:28,Manual point grant,admin
3300f2c3f3ae34f2b893b6e8314d1e0451a501af8b7a9f596b59166572c0e828,a7ba72bd68a4caa4afda5f062409afde37657f402fed81d6466b62612a2f068d,earn,Admin Adjustment (+),30,False,,,,2025-07-29 14:32:09,,Manual point grant,admin
dd7385d43507b32ab6cfdc3f17b8ae44c1dd07e0a87b9ca2d2c8b4b171ed5d58,de9e8dc68138654cadf078b09d7e41c1636e36acb67588623256eb403dc550b3,earn,Admin Adjustment (+),40,False,,,,2025-07-29 17:28:40,,Manual point grant,admin
2788ad6ed1e1e2f82f2b423feb682bed8e978cd64fa21b33e6d70d67fa697de6,2d662ad03bcb6c818ea8cff3a82baf6d6208981b53b710e1eedf824b354f3251,earn,Admin Adjustment (+),15,False,,,,2025-07-30 11:38:42,,Manual point grant,admin
9d415a5ce844f969417de9ad6171b23390d8abff541918dc4e14c19e21c19cc9,fb812e987eeb88cda1a9d54159fa441826c866053835948a5ba9682e1999413e,earn,Admin Adjustment (+),20,False,,,,2025-07-30 12:49:23,,Manual point grant,admin
7842eafce8ac7c5463696fa2a39aed73fb1b839a7ba6522a0614791d8b48143f,9653cb15d827e7dc146a46287914dc88a793e63354a0e5f311b41ef714df0ed3,earn,Admin Adjustment (+),10,False,,,,2025-07-30 16:24:30,,Manual point grant,admin
f0100ee1119a081a4861ce7fabcf465f040185cfcb21e6c59119a0570b831cd4,b88d8f57cbf74f97c48bf8e3a7ba52cab430ded920a6bed56278cd278f6b9c69,earn,Admin Adjustment (+),50,False,,,,2025-07-30 17:13:29,,Manual point grant,admin
5a5bf3ab0cd4b2ee391114634df1362a4216d6f970ca71bb7b557ed10736aa7f,8cf1b970c0ee0e57cb5cd48ed5658dd84380d6d76272d8ba4d5ac1e954741d71,earn,Admin Adjustment (+),75,False,,,,2025-07-31 11:18:28,,Manual point grant,admin
a3972388628f5eb02eb8826bc4e21d65dcb9e9ac6538f5c0cc08649fea9e4d1f,f0d16cd473be8fb9ea54491cdffea34070e84b4f082f8112ace8ffaf4497db30,earn,Admin Adjustment (+),10,False,,,,2025-08-01 13:08:53,,Manual point grant,admin
d8e64a7f4e9d1f8efaf5f03848149733fea101f6b2eaf077999fd022735dedc4,dc6c6ed3352b9e3131a29fbc4a0de86324d4d853fd7f3075c7c85cb287a757af,earn,Admin Adjustment (+),10,False,,,,2025-08-01 17:54:46,2026-01-28 17:54:46,Manual point grant,admin
32709e6809ac0ebe39214e0f075cdbef650e24cedd27dc957ee3baf5027e93b6,28ad6ca3fb0e2f5d50e7e1c1b3e1c6a4279f9c58c0aaeaa1b6f2a6a24d4c1c0a,earn,Admin Adjustment (+),60,False,,,,2025-08-01 17:56:53,,Manual point grant,admin
55768b5756a8efa8ba04b6537122f0f12a46da9d798f0e51eb0c73deb747b28a,be287fb17832e81f0f23dbd9b2504d14d2d56668ff67fb29792c72ff254e49b8,earn,Welcome Bonus,10,False,,,,2025-08-02 00:40:00,2026-01-29 00:40:00,Welcome to Raw Smith Circle!,customer
ff62c634cd014f9bd6b3a1114bddef50d3385b240913022d071cf0a09166c5f8,08e79d8d15491b3daa13f49786087a0d2cbc82161b48a7a07d87b80ff819edd2,earn,Admin Adjustment (+),10,False,,,,2025-08-02 14:28:20,,Manual point grant,admin
f8d6a2acae7a135f4fd74da38ee6a765e17ec726c45ac2616b1ae70b81fa1ddb,a4fbc9f143f6ee8eb80376a4effb15d38007085da39db72ce12ab61755d05dde,earn,Admin Adjustment (+),10,False,,,,2025-08-02 20:56:28,,Manual point grant,admin
e631642129b55ef073c14846feeb56387c4a35c7a1f2adf0dcf25ee06a8a07c3,cbe0cc2e3c71af739591c458f36d5c2a2bda23b5721a0dcaee07fe735823b2a6,earn,Admin Adjustment (+),25,False,,,,2025-08-02 21:47:20,,Manual point grant,admin
7225c2b609c059d1ef0910529876eec04c4bfd9def8c54247a3910a9280c2496,aeefb81c6584d4bfd9694a7ddd1defe10a5895a46d0ecc5b646067494f6cbf6a,earn,Admin Adjustment (+),10,False,,,,2025-08-03 05:26:11,,Manual point grant,admin
0028175ceb0e18988ca7449cc81ebc290c87b1b9bfadd238a188b4569d5cc170,00facca840129191d923ccec896fb5384a007e008cb3b14c573fac8b7374c92b,earn,Admin Adjustment (+),5,False,,,,2025-08-03 09:20:10,,Manual point grant,admin
ab7c9b4a8df97ef0effbf544971c07872e5f50aca980d7b54d301ebfbba5ccc8,22ca65df880594d9b4e5c80774fe8afe6707bd21ba75ee4049d50951e92a2012,earn,Admin Adjustment (+),10,False,,,,2025-08-03 13:39:32,,Manual point grant,admin
312baacaa152e340bcd647cfc80571bb9f26f2587786db0b6bfc120e239c2091,642bad0b05be35764601abff87218350023d8b72a07b7c1ba32e3b4abd1e9474,earn,Admin Adjustment (+),10,False,,,,2025-08-03 16:40:19,,Manual point grant,admin
85061c7e8c4fc61f2886aaea4cd1fd1327a4589e83234b1e555f1f4b8a81a973,8daea32368efc7c43579ba565687901a994777f9c6943b29e866d255b34d2ee2,earn,Admin Adjustment (+),10,False,,,,2025-08-04 13:45:27,,Manual point grant,admin
89f5d0ca4bb1d9b93e9a7381a4c6f02656f01a04c0d9683bbd33b7da06e418a3,aa67e8edc3ea2d76eb3a365d66a98091c2b42488f3287aa89253db78111d0d16,earn,Admin Adjustment (+),10,False,,,,2025-08-04 16:11:19,,Manual point grant,admin
f59ed0dc6f7a02a789a3a829ea5dfdec564a36c7ec6dfe7e31f69a8d777dd82a,096b691e36b25b51cdc7ca7caa1d79e52af75cdf6ecca1617e5a5cba64abce7a,earn,Admin Adjustment (+),5,False,,,,2025-08-05 01:33:18,,Manual point grant,admin
7c2be3529e84ce2233dd4da13f1423c0ff0aa48faba489e0856759081651f15a,a1cdac58029cf6218fe5b23cf198576b9086cb60ab708be06f8a374ff3f918d0,earn,Admin Adjustment (+),20,False,,,,2025-08-05 10:03:40,,Manual point grant,admin
51217e0492372f9a30c431eeb6c2529f02a821ab657c4b446456a72155858356,16228fddcff0f24423896b57abc14d55b7b3e5487eefd5983a569d60f8a2e20b,earn,Admin Adjustment (+),10,False,,,,2025-08-06 11:55:33,,Manual point grant,admin
b3c78a0182e00d60d58ad3b765ea34c65f88549d00d64a8da1623ca4901a5167,18e0783433151e660326d8275aee7875e5ca604f77102896bb9cc94e9e47d4ef,earn,Admin Adjustment (+),15,False,,,,2025-08-06 16:34:27,,Manual point grant,admin
07c197be3388ea0563d0686313e2b8c05f3a38ce2d1ec4819c00e5e3359df0a5,dd821bb8c29de15afe7e2e73810f8e9b72bb1852e57faa3746e8b00411a09f89,earn,Admin Adjustment (+),20,False,,,,2025-08-07 10:15:23,,Manual point grant,admin
bc1dea72bcf45dce365654f050631db028162a9e4225c11db3ae3f839e3c9528,653fe1fc46ebbf17b5f3f8f8e3db7a01f33d401a21f9eebb57c3eb645aa20d7b,earn,Admin Adjustment (+),10,False,,,,2025-08-07 10:52:29,,Manual point grant,admin
6cd4c6975e2af108dc20a0ec5532684625d83aec2ee58cf62998f01990a9c9d2,717023e64628bfa50667d42670d426b7b1475cee28e5bff20c7a9b5b0dfd126d,earn,Admin Adjustment (+),60,False,,,,2025-08-07 14:57:43,,Manual point grant,admin
914650d734eaa08faa73a7f82bdcc054c460ecf015707339bcc715971a5161b7,dc6c6ed3352b9e3131a29fbc4a0de86324d4d853fd7f3075c7c85cb287a757af,earn,Admin Adjustment (+),10,False,,,,2025-08-08 09:01:26,2026-02-04 09:01:26,Manual point grant,admin
8d9d6d52eedc8c040433d4f5dc288a0a971fadf40b83fc6088532be06e21ebf2,dffedc0fbf486a8edadc0acf3efff1fde41025d2995bc9a1207f6cc1030e413c,earn,Admin Adjustment (+),20,False,,,,2025-08-08 16:35:23,,Manual point grant,admin
b43d3576c84acf3e2baf01085a26197ce465c34173cccefcce8bb9d3d31470a6,7725c475d921457bf4697659afd55bc6ab1b8370e203066a9b80e8b0ecc976f6,earn,Admin Adjustment (+),5,False,,,,2025-08-08 16:37:36,,Manual point grant,admin
5818ad896af5dad7076d14eac59910929a975279daf5265ba37ede62daa61111,de9e8dc68138654cadf078b09d7e41c1636e36acb67588623256eb403dc550b3,earn,Welcome Bonus,10,False,,,,2025-08-09 00:41:00,2026-02-05 00:41:00,Welcome to Raw Smith Circle!,customer
425969fc8e14e325af17256459e83dd07576cf1dd63b1f6eee6cb3f0632c3bed,51119a3455dc32a4bad89096840853f1f847e76e80d0b2744adb54305f3310a5,earn,Admin Adjustment (+),300,False,,,,2025-08-09 08:00:00,,Manual point grant,admin
a13190d934e5d1eea92014f94b3a05200b293c125f80cda66c391e9c8167cc7a,2291349a28cfeb08cfc82c4b6dadf009426b7440f1c9fd833e824cf7955f7bcf,earn,Admin Adjustment (+),10,False,,,,2025-08-09 13:10:20,,Manual point grant,admin
7b49dc99eca4c1b2656d2e79ad82190555c1b6a71707ef06c1ccaf8be0b2e884,a734429f3fcdeb38381762d96a077a27f7c318985c7ada699c45410650ff13c1,earn,Admin Adjustment (+),10,False,,,,2025-08-09 15:57:36,,Manual point grant,admin
35422d7257cd252c2d565e2faae6f636cc662fbbffa38ddb4b8a6bc44ac6bede,a7289bd8b1618463665127e90d6a93a0833404d4ff535505af69a36320ab4d66,earn,Admin Adjustment (+),10,False,,,,2025-08-10 09:52:47,,Manual point grant,admin
2944f8baee763e09981516d080ffe5332a09adf459abf683cb6660c22a09deba,dc32e655c2abd3b8221175d18034d3be52f2142319021c4950ee84d4de1ae8eb,earn,Admin Adjustment (+),20,False,,,,2025-08-10 11:40:41,2026-02-06 11:40:41,Manual point grant,admin
6d977402127b2dc9bf6d57a4817aee3a181efde57ccc9eea362189a98854d9e9,7171f5ec0c760d904896ff855a456dbfc48335ef34819c852ef776c1dfc07d4c,earn,Admin Adjustment (+),10,False,,,,2025-08-10 15:03:09,,Manual point grant,admin
91cf1415e618fab8d552586914c8ec498b755656c4d57e5b81ab6cba41723724,8cf1b970c0ee0e57cb5cd48ed5658dd84380d6d76272d8ba4d5ac1e954741d71,earn,Admin Adjustment (+),20,False,,,,2025-08-10 15:49:43,,Manual point grant,admin
aa7525548e73e4097e165b7a1c70726a7bd4cded4a4ae6d4743cc2c69a006d30,0b967561b4dbe706e7b417df39203cdc52fbd9bd2d83dbf54ddec980282fb3b8,earn,Admin Adjustment (+),10,False,,,,2025-08-11 08:10:46,,Manual point grant,admin
b2536e35db3156c6dbba0d5502db613796c2eeb61a3f701d9ab7026876123301,7d0b62c3a1ff147bf8df871d63bc1ba74c525eaa78e0bcb1bac46b882a79ebf4,earn,Admin Adjustment (+),10,False,,,,2025-08-11 16:00:29,,Manual point grant,admin
8180b9db953618d1bb3ec447234ca0b83e4a7fcdbcb700d2aba3295cef4405bc,9b33e3d0c4ff628e166b7efb8fd55c09cba3e063f6495d33fbca3ad8ee2c6d1e,earn,Admin Adjustment (+),5,False,,,,2025-08-11 17:26:48,,Manual point grant,admin
ee132b405ebec2ac3d657fec8a1b0c1946862bc781e2de30061abbad4f99c340,559248929aa6e8251c834ed1db41ff37f7ef7b784370f2d4554115fefa90b428,earn,Admin Adjustment (+),10,False,,,,2025-08-12 15:25:47,,Manual point grant,admin
5eb6b44cd05987b94ac24a0c014bb150ba8c1dde7e97cd4a436ec952363bc27c,b3eb552de0a0f67f0a71865949650c93e78c8e5a147159e68ea59876a4d0f51b,earn,Drink Purchase,6,True,milk,2.75,,2025-08-12 16:59:50,2026-02-08 16:59:50,Drink purchase points,customer
079531cc3f2c1e0b628dab0e2737f62feadeee4904c2b4180dc9526bdfa07412,0c32258e3c936c2eaf222d8868d1d9ec998081e7dfa117e9876902dfed47d3d3,earn,Admin Adjustment (+),10,False,,,,2025-08-12 21:33:37,,Manual point grant,admin
dd9fcd12079c0e53f73556e025003ce6c3af6998097245089344d9bfabd7a326,2d662ad03bcb6c818ea8cff3a82baf6d6208981b53b710e1eedf824b354f3251,earn,Admin Adjustment (+),5,False,,,,2025-08-13 10:15:49,,Manual point grant,admin
0ca5fe593cc71e77edfcd83f2e2f6d85abbd1f2dce1d3860fb71b6a7720e80b0,0d3408992aa5cde329676d42510ce925946ad6241a2ea928fb54547f83f443c7,earn,Admin Adjustment (+),25,False,,,,2025-08-13 13:33:18,,Manual point grant,admin
0b095470c463692c17b1e0818bf5119f919dd4a32a1d2d07a197667ad7ff5a5e,05dd121f492dde883117a525c1df359dd94346399e1e5dc7b69ef0dcb8e00a16,earn,Admin Adjustment (+),5,False,,,,2025-08-13 14:08:57,,Manual point grant,admin
e993af883e5da3a0a50ed3a830868807cc0f1a4196bb3f35b0cefd4caa76b67d,ee2481bc6f2f4b41078ff49382af16c7dc168d31746d14ef31e3b9642861bd11,earn,Admin Adjustment (+),10,False,,,,2025-08-13 18:40:44,,Manual point grant,admin
c0de62d9dc5b3259f27c172f3cb37125f5f2181fa550145ba935b5dac6f93d10,8daea32368efc7c43579ba565687901a994777f9c6943b29e866d255b34d2ee2,earn,Admin Adjustment (+),10,False,,,,2025-08-13 19:25:47,,Manual point grant,admin
aedf89f74a8f389f57214a023f4ae56fe5c4f98f5b38a35b7b7623d99aace8a8,99cfc4f3a317d79c15d51bb16746f35a8cbe4520ec185b5d959a39ca27000e27,earn,Admin Adjustment (+),300,False,,,,2025-08-14 00:15:12,,Manual point grant,admin
878aec4db73a6ecf2e7357779a0e040cb6ed59298c2cf08df8cdf13a229efe9e,6536f04b74a6f14f258abf47c13ff4fd7140979a23eacc193dd59f1f6209362c,earn,Admin Adjustment (+),10,False,,,,2025-08-14 10:08:15,,Manual point grant,admin
c3be3c7b56da0e1b4d7e566abfb6e4c5819f3399c94093032557840612ac7579,096b691e36b25b51cdc7ca7caa1d79e52af75cdf6ecca1617e5a5cba64abce7a,earn,Admin Adjustment (+),5,False,,,,2025-08-14 10:16:08,,Manual point grant,admin
c95796ec5b9dec05d626a3f105bf4235973c9a01ec44f43bd22776280774c96c,653fe1fc46ebbf17b5f3f8f8e3db7a01f33d401a21f9eebb57c3eb645aa20d7b,earn,Admin Adjustment (+),10,False,,,,2025-08-14 11:39:32,,Manual point grant,admin
46ec4b75bff1032da34a8eac6fcb45aef12fe812cab064ac131f19b8ee37434a,8cf1b970c0ee0e57cb5cd48ed5658dd84380d6d76272d8ba4d5ac1e954741d71,earn,Admin Adjustment (+),10,False,,,,2025-08-14 11:48:25,,Manual point grant,admin
99b5c5db4bf9d4b894ff515b5b12c1e01a2c235a1ca598297f7f33c741c05e97,308c7ac0094cc2b1137bc1aa0a796f5e144026ab28fef033092f468dbed0479a,earn,Admin Adjustment (+),10,False,,,,2025-08-14 12:15:17,,Manual point grant,admin
61507d1c2fb2a6fdf5950bcedb2f82e5789b45889fc6a69d9817d7b54c04aa25,050f2b8c6f0d503728dd5adf1a68e2a72d4b74b90e8d5d854c53df0eb44408e8,earn,Admin Adjustment (+),5,False,,,,2025-08-14 12:41:48,,Manual point grant,admin
1ad5dd314c384e8eaa3223bbe411be73f95d9aab6668b48d375f57ef3fbf2f43,ca2e6dcd996ce770aa74ad3bd0272d9d3994fb6b7c5946a3f612592cba3777cc,earn,Welcome Bonus,10,False,,,,2025-08-15 00:54:00,2026-02-11 00:54:00,Welcome to Raw Smith Circle!,customer
dbcd98e50acc0911be8920d6b81e74bf868537d487fa33a0ea2088f5a58619bd,2cb88112fa7ad53e58327912695ffccac99701b4b668913b7cc20291fea7490b,earn,Admin Adjustment (+),10,False,,,,2025-08-15 10:04:12,,Manual point grant,admin
076f4de4d084e42753e721e6261331585e94e6bcb1908bc96ca9e03c7f021226,18faf257ba6922a03804d8b32bc48b9e8d8dc3529f3c98c32e8461e6ea1333f9,earn,Admin Adjustment (+),5,False,,,,2025-08-15 18:50:24,,Manual point grant,admin
b117de66323eeaa4f94785a62c41d7ec986e5a4b5006f286955bdc6cc7fa135c,ca2e6dcd996ce770aa74ad3bd0272d9d3994fb6b7c5946a3f612592cba3777cc,earn,Admin Adjustment (+),10,False,,,,2025-08-16 03:30:07,,Manual point grant,admin
ab56f9dd0014267219a423fb08d9fbc675ec9a180e62c8a777586ee9a8411767,be287fb17832e81f0f23dbd9b2504d14d2d56668ff67fb29792c72ff254e49b8,earn,Admin Adjustment (+),10,False,,,,2025-08-16 15:33:19,,Manual point grant,admin
97cdf804b5d40dfafd581a561f3a731123e27a1428838d6e599e17dfc8488a7b,f5b20136157c0cff8c5ea61346789079efb90608cc2ec788e421a96b8c3ce866,earn,Admin Adjustment (+),10,False,,,,2025-08-16 16:54:10,,Manual point grant,admin
4e4808c6e70d973d4cc6cbb122d57c11d7427d5e11788c1fcd70ba1c391f0159,cffe157722e96ff5b189a894d08326c3ace0f2d79c90daa012e141b17fb264f2,earn,Admin Adjustment (+),10,False,,,,2025-08-17 14:46:50,,Manual point grant,admin
3f6aa4c8431cc6dc5d9ac5c36954078722de7f1794def0dcad0ec4f2a4da9b98,28ad6ca3fb0e2f5d50e7e1c1b3e1c6a4279f9c58c0aaeaa1b6f2a6a24d4c1c0a,redeem,Redemption,-100,False,,,2300562cdbefd09dc81a88309109acdf348b126d4815761a1d9bfada8fd9e1c3,2025-08-18 09:42:00,,Redeemed: Free Pastry with Drink,customer
6811128d378a42df439f4349cbf72701feea321aee661a61d00b585dad4ffced,559248929aa6e8251c834ed1db41ff37f7ef7b784370f2d4554115fefa90b428,earn,Admin Adjustment (+),40,False,,,,2025-08-18 11:30:01,,Manual point grant,admin
705bc100cdc099c20a283f1c0c8f2d377aa23bf790f7995790603e025b94115e,e702380378174949186afa51af1c6110f2ff0a27d8b84fa830047d7481284181,earn,Admin Adjustment (+),10,False,,,,2025-08-18 13:51:16,,Manual point grant,admin
6c5e5dc5db6dc6d07b92d7aedfc6fe9e615c0491cf629ada52e32618b1be9032,25df2f1d5b8b23ef368fb24cab9daf584d896ed46a2301a8562844be9a7aecc2,earn,Admin Adjustment (+),25,False,,,,2025-08-19 09:59:37,,Manual point grant,admin
d555c2569722aaa5eb8dbfb786d719b72c2a7924f6630cd613d6095225d1831e,99cfc4f3a317d79c15d51bb16746f35a8cbe4520ec185b5d959a39ca27000e27,earn,Admin Adjustment (+),30,False,,,,2025-08-19 12:40:12,,Manual point grant,admin
5fea557b680d4f9ff7ba74d00630088054686d44e4619140661676fb17044297,dd821bb8c29de15afe7e2e73810f8e9b72bb1852e57faa3746e8b00411a09f89,earn,Drink Purchase,5,True,filter,2.5,,2025-08-19 12:54:24,2026-02-15 12:54:24,Drink purchase points,customer
a8751e60505fc14ab0c586fe0716590c17a839f221d727e00471987d84c3cec4,28ad6ca3fb0e2f5d50e7e1c1b3e1c6a4279f9c58c0aaeaa1b6f2a6a24d4c1c0a,earn,Admin Adjustment (+),15,False,,,,2025-08-19 13:53:41,,Manual point grant,admin
573a0b7a4c23d9dacebe1b9da4431b79c35ca91935b14368de6d772bed74659f,de9e8dc68138654cadf078b09d7e41c1636e36acb67588623256eb403dc550b3,earn,Admin Adjustment (+),5,False,,,,2025-08-19 15:40:57,,Manual point grant,admin
4606959ce4e58fcaf04033f92e30a3e9d10ae88d7c3104167b423dba36a9496d,1f9d54a188fcd94550daacc43881fd1a41e22cae4b7c13b13cc00221dfd20c9b,earn,Admin Adjustment (+),5,False,,,,2025-08-20 11:11:53,,Manual point grant,admin
dd9939ff431c8d7ff333ed606664835c68c8055a7f816a6b056a8dd4b6c1b70e,18faf257ba6922a03804d8b32bc48b9e8d8dc3529f3c98c32e8461e6ea1333f9,earn,Admin Adjustment (+),20,False,,,,2025-08-20 15:00:59,,Manual point grant,admin
f923d9a24aa35c550a6d5fd850e222d2ed55d80906801d9d41db690b056f39d0,00facca840129191d923ccec896fb5384a007e008cb3b14c573fac8b7374c92b,earn,Admin Adjustment (+),5,False,,,,2025-08-21 04:59:46,,Manual point grant,admin
30dd9104c88a95eab7bcfe2f7fad4d18957cff8bdfaaa7096c4320d7a74e2992,308c7ac0094cc2b1137bc1aa0a796f5e144026ab28fef033092f468dbed0479a,earn,Admin Adjustment (+),10,False,,,,2025-08-21 08:43:56,,Manual point grant,admin
e701bd0e660318c7099a0af590ceb0581779c107b29ef3752a0e06f326f1a226,de9e8dc68138654cadf078b09d7e41c1636e36acb67588623256eb403dc550b3,earn,Admin Adjustment (+),10,False,,,,2025-08-21 14:05:13,,Manual point grant,admin
299d9602022669b8faee92580fea653c4d822b31e1414cfc9e430d9c7e446fb3,a4fbc9f143f6ee8eb80376a4effb15d38007085da39db72ce12ab61755d05dde,redeem,Redemption,-150,False,,,efb97d5834959df9244650f15eb648a0700f4b38db57a9b969b71f3255e2378d,2025-08-22 12:22:48,,Redeemed: Free Espresso Drink,customer
aa5793b3c46d75289247c4684133b3abe6f231c7cedfeb0237d2452965659bb0,d93fbc85257c4367a197bfa2585ef581a41b8ac58589f0e5d49ddca1f29ae30d,earn,Admin Adjustment (+),10,False,,,,2025-08-22 14:23:06,,Manual point grant,admin
963e08041800616292591669599adfad6e8c1e9ea3ab0f370f89e0d3ee1b2f5e,f4e24a75f2e8c69ab9a3c08bcc3a6fa0ed93ff4b986afede1010ca8dd46eec45,earn,Admin Adjustment (+),5,False,,,,2025-08-23 09:42:42,2026-02-19 09:42:42,Manual point grant,admin
373f5eeaacb952a4de024b47f2c5defbc296d000924c1654c6a0b54d801f4c11,0220f9d60e2ad771878c31761d837751815766ad45871aebd6c4275a613e03da,earn,Admin Adjustment (+),5,False,,,,2025-08-23 10:57:18,,Manual point grant,admin
275df153509a097da9e8937060ccd23d1391ec65bf810ef51e08ba4fbdaac826,51119a3455dc32a4bad89096840853f1f847e76e80d0b2744adb54305f3310a5,earn,Admin Adjustment (+),10,False,,,,2025-08-23 11:34:50,,Manual point grant,admin
e7673ac0c90ff6e61f14c9f15d569d3a3c4479eff5f91e5f08e48b0a18ea7e98,a7ba72bd68a4caa4afda5f062409afde37657f402fed81d6466b62612a2f068d,earn,Admin Adjustment (+),5,False,,,,2025-08-23 14:44:42,,Manual point grant,admin
c9d61aae7beae29a5822e5329139b79c9a9024a15077f2eec91168d0b5f16d94,1f9d54a188fcd94550daacc43881fd1a41e22cae4b7c13b13cc00221dfd20c9b,redeem,Redemption,-150,False,,,efb97d5834959df9244650f15eb648a0700f4b38db57a9b969b71f3255e2378d,2025-08-23 23:42:42,,Redeemed: Free Espresso Drink,customer
225021caf9f1486010f5b39fe1585057c0a9a27a3db1108500bdb792aa8e5aa1,d0d2247cdf00c6beeb2f658e7d1141d9319f85a4e57acd15ecfa6aa0f1d14b31,earn,Admin Adjustment (+),10,False,,,,2025-08-24 09:27:11,,Manual point grant,admin
fe311b03a69c48177dc3090795c1c3d30cd5d87119dd85a4f1039eb814507228,dc6c6ed3352b9e3131a29fbc4a0de86324d4d853fd7f3075c7c85cb287a757af,earn,Admin Adjustment (+),10,False,,,,2025-08-24 10:20:33,,Manual point grant,admin
360b2cc399aa953d2c41eea49ca9918bbff19ab463e383cefe61fe9565ea207c,8daea32368efc7c43579ba565687901a994777f9c6943b29e866d255b34d2ee2,earn,Admin Adjustment (+),10,False,,,,2025-08-24 11:12:25,2026-02-20 11:12:25,Manual point grant,admin
b6ecad2735b1c2c9febab70941d4e102b42acb407e6acad9d8b42b5a35acaf88,050f2b8c6f0d503728dd5adf1a68e2a72d4b74b90e8d5d854c53df0eb44408e8,earn,Admin Adjustment (+),15,False,,,,2025-08-24 12:13:34,,Manual point grant,admin
b53802810b0566fc060995b79bbb5075a9a879db3b390936b4fc4061d80b9009,fb812e987eeb88cda1a9d54159fa441826c866053835948a5ba9682e1999413e,earn,Admin Adjustment (+),10,False,,,,2025-08-24 12:52:20,,Manual point grant,admin
626ddaceb4aff2b85e6224c81b2e622751000210eda935cfd83badb296c06075,4e0f8b1aedb70f7c1b9bc8ef162199f195cce055b59e934a47f60fa222d5bc4a,earn,Admin Adjustment (+),10,False,,,,2025-08-24 20:59:34,,Manual point grant,admin
9a946b3d12ce86ac06f870537dae566eb5da8b99ca0ba165c1db7b04f764b208,9b33e3d0c4ff628e166b7efb8fd55c09cba3e063f6495d33fbca3ad8ee2c6d1e,earn,Admin Adjustment (+),60,False,,,,2025-08-25 16:44:52,,Manual point grant,admin
b148e05c78cf22950e3092ab7cf6dd3a4a2de1f86c6cc5b6351d6b5ed62cb38a,2d662ad03bcb6c818ea8cff3a82baf6d6208981b53b710e1eedf824b354f3251,earn,Admin Adjustment (+),20,False,,,,2025-08-26 09:04:49,,Manual point grant,admin
df1419a9238dd9009087eb9d7559bb081beab0ffb23cc8ef6bcdb3db0d379c09,cffe157722e96ff5b189a894d08326c3ace0f2d79c90daa012e141b17fb264f2,redeem,Redemption,-75,False,,,1263198b51f764cce09198f6bb60bfc1cd9cdcb55b9fc1e769a6d26aeb435a08,2025-08-26 13:51:03,,Redeemed: Free Drip Coffee,customer
34e5bc41fac16002bf4990f659aaa5d1978132f98eff0e0d60f0577e3765485c,57a16dd38a34440b086de09867b479499e5917de5eddbb837fdd1152bd0b6bef,earn,Admin Adjustment (+),10,False,,,,2025-08-26 15:26:50,2026-02-22 15:26:50,Manual point grant,admin
451789e053398bb8ea47e8b46da5b6372946779162dd759c51d19ae976aa741e,a4fbc9f143f6ee8eb80376a4effb15d38007085da39db72ce12ab61755d05dde,earn,Admin Adjustment (+),10,False,,,,2025-08-26 20:24:16,,Manual point grant,admin
d06910af1874c8a4031a440fc3b29770b98bfbe646212339627f08fd346192b5,51119a3455dc32a4bad89096840853f1f847e76e80d0b2744adb54305f3310a5,earn,Welcome Bonus,10,False,,,,2025-08-27 00:19:00,2026-02-23 00:19:00,Welcome to Raw Smith Circle!,customer
953b9ba875b8186e667e0d97020ae980dd5018de541d988c4277d567252b2822,ff22ad5a83e32595594b8d9221d109d7f9bec6519d772860d8222301e54ddf94,redeem,Redemption,-200,False,,,43b50b09854a2f536862716ce9c04e3b0c3c7815c478d869c1e8ad1264fd5f6a,2025-08-27 14:54:10,,Redeemed: Raw Smith Merch Tote,customer
6f204af49d52526b17b9625d974b28cf32cbba9a4d24339e402daf6ad3df79e0,00facca840129191d923ccec896fb5384a007e008cb3b14c573fac8b7374c92b,earn,Admin Adjustment (+),10,False,,,,2025-08-27 16:57:39,2026-02-23 16:57:39,Manual point grant,admin
d4dec2790afc7e3104874198e673e11c08291461987bd684a04bf2b5b01275ec,ac4dd5c873d610b7ef11984a7fd205b868e0091d5dff6dc7c7fa8d3099290f87,earn,Admin Adjustment (+),5,False,,,,2025-08-27 18:14:01,,Manual point grant,admin
5f912adfed66e9f88ca4c36a327265ca0c1a36cfc54ae2c09ad3ea093a1534c4,9a7112834a9a5f55b6a98974a27226f1072a02576b624f726cff1b55f0d64a05,earn,Admin Adjustment (+),20,False,,,,2025-08-28 11:50:30,,Manual point grant,admin
588ae1523a9b38e72d20f64cf1416ade37e22bf2d9da8fe446249b74eada4e52,60f820ba362cdf9c342011859ceed333e5a1ae423a96d94e86be35cd376f153e,earn,Admin Adjustment (+),10,False,,,,2025-08-28 13:05:11,,Manual point grant,admin
a109a70692e745a7c575751eb0868648240e4e1019ce93b49ab6588e4b108e60,eacacd00ff11f46719d582facbc7cbe4875e41b9ddd4b81a1838ac3b859ab353,earn,Welcome Bonus,10,False,,,,2025-08-29 00:36:00,2026-02-25 00:36:00,Welcome to Raw Smith Circle!,customer
a91f0fb965deb636ff009ce4fb02df1d969ba17d57c77de377e6de389d480d48,653fe1fc46ebbf17b5f3f8f8e3db7a01f33d401a21f9eebb57c3eb645aa20d7b,earn,Admin Adjustment (+),50,False,,,,2025-08-29 05:33:49,,Manual point grant,admin
ef991831f1f13aec957110ccbc386775cdeb1daa9d87744e32056ca529b464f2,2cb88112fa7ad53e58327912695ffccac99701b4b668913b7cc20291fea7490b,earn,Admin Adjustment (+),5,False,,,,2025-08-29 10:24:49,,Manual point grant,admin
02f46eeac0feeedc6176fbd72a4c5ae4bb3415ce36ac33938c0ba40a9bbdd803,c16d69c03bf20932e60535de01303a169e4464bb000a79431ceb098d1522524f,earn,Admin Adjustment (+),5,False,,,,2025-08-29 11:28:03,,Manual point grant,admin
8c7ab0ae5adda127df1acf4665cace178120b07fce5a3e0782b8dcb2b34324d5,fb812e987eeb88cda1a9d54159fa441826c866053835948a5ba9682e1999413e,earn,Welcome Bonus,10,False,,,,2025-08-30 00:06:00,2026-02-26 00:06:00,Welcome to Raw Smith Circle!,customer
8743d9ba09ba2f763db36bb29fe3da644f39c3ceb3a3c5ede849e232dbe91d97,f4e24a75f2e8c69ab9a3c08bcc3a6fa0ed93ff4b986afede1010ca8dd46eec45,earn,Admin Adjustment (+),10,False,,,,2025-08-30 05:33:57,,Manual point grant,admin
2d64d44e46689cbf06735ce780c40ffa5a99dc4bb13860d1b4aa456ab0edc870,f01b52ebb7c94bef7ebcd01c064f3196c99fceda251c71f3fdb357f4225f22f1,earn,Welcome Bonus,10,False,,,,2025-08-31 00:25:00,2026-02-27 00:25:00,Welcome to Raw Smith Circle!,customer
d1042edc77c7e4ea05ec7f167a7efdbd3a691d614bd5149491de3dc11aaefbcf,305a12e7f6ec0efc4c5de1d8b3b835cdc641401ac6f3f9a116415a104f8e02ed,earn,Welcome Bonus,10,False,,,,2025-08-31 01:00:00,2026-02-27 01:00:00,Welcome to Raw Smith Circle!,customer
1aa8c96be5b2892284a88496576c2a2237db4cdeebca2de6dcf8e2b16305510d,18faf257ba6922a03804d8b32bc48b9e8d8dc3529f3c98c32e8461e6ea1333f9,earn,Admin Adjustment (+),5,False,,,,2025-08-31 07:21:10,,Manual point grant,admin
b80823ebdd8e0a2d70541e68227c629f5bfe87dfbd129c49177374ae642f6b25,2291349a28cfeb08cfc82c4b6dadf009426b7440f1c9fd833e824cf7955f7bcf,earn,Admin Adjustment (+),10,False,,,,2025-08-31 09:33:06,,Manual point grant,admin
fbaf0f40e125b26905b60b7ecc477c8e02fc0b861f8574fe44b0f6ff90107e2f,1213d29819e36ac0d6e1ec2b8d7c2e0314e88983bdd54ec3dd41870668d0c48c,earn,Admin Adjustment (+),20,False,,,,2025-08-31 12:56:24,,Manual point grant,admin
25b27d63b0e5a86807c986e6f3db1f7f315907186e3f8968e029a3f1eb844c6f,d300865f64e1c69f6165fbebcfdd3e8f919c34f6db2d412ac381dec1589a843a,earn,Admin Adjustment (+),10,False,,,,2025-08-31 14:17:27,,Manual point grant,admin
8f98a95a55970107d4382ada7bd5c1dfe8a10b440cfa65a2bfd8eff43d0f806b,9f21a94829ef027ac0a2034b95d633140f069bf83dd7b64316283343eecd0d88,earn,Admin Adjustment (+),10,False,,,,2025-08-31 14:57:51,,Manual point grant,admin
0676304b75715546835dc6c6df08e96a62385be6f1a2167b638bf513a97d0093,7d05a042bca1664d46ffb3e0cc7e61805072a66609f037e5716bd9acef69babd,earn,Admin Adjustment (+),25,False,,,,2025-09-01 10:22:19,,Manual point grant,admin
f5cd0e00e185ef70c788e43b0c6ac8a6907212b11b35227a94368f0bd59734de,7ec6fb1835b771b8b73e8514527baa91b0fa1d870c1339c011f74930e9a5d037,earn,Admin Adjustment (+),10,False,,,,2025-09-01 13:40:59,,Manual point grant,admin
4f532430ce2903106975d149e6b4bafdc82cc2fad6d072292b05e8d9600c3c63,08e79d8d15491b3daa13f49786087a0d2cbc82161b48a7a07d87b80ff819edd2,earn,Admin Adjustment (+),5,False,,,,2025-09-01 16:57:32,,Manual point grant,admin
a6d9bb8528f9416525ee40ba86e13535d540d5dbd4f7e56d27de0a7b16489102,a4fbc9f143f6ee8eb80376a4effb15d38007085da39db72ce12ab61755d05dde,earn,Admin Adjustment (+),15,False,,,,2025-09-02 13:00:52,2026-03-01 13:00:52,Manual point grant,admin
9d040e68a5ff62377e7b6a262ea15d7ea179ee61e3f48f8210c34229a3e3cfa2,c16d69c03bf20932e60535de01303a169e4464bb000a79431ceb098d1522524f,earn,Admin Adjustment (+),10,False,,,,2025-09-02 17:51:33,,Manual point grant,admin
047cc76f8ac17d9f5eb62948cce49201612c87173baa4fc49aa7071126d9bcb4,c234f4a55eb264722cb6de6e74e84f7fd0c43d832542ff18b54c256b5bd9366e,earn,Welcome Bonus,10,False,,,,2025-09-03 00:08:00,2026-03-02 00:08:00,Welcome to Raw Smith Circle!,customer
c57b15f503bb247803da9fe05a28d1cf58f0bd53791142e7a2b486c474e12006,b88d8f57cbf74f97c48bf8e3a7ba52cab430ded920a6bed56278cd278f6b9c69,earn,Admin Adjustment (+),10,False,,,,2025-09-03 06:56:08,,Manual point grant,admin
0d1c88cba943105c702d40bd6fefa37b4c0f1386141869f128a8913001458b64,d747f3147243b1b63899c9a5b0d1853ae4cb9e03f2a86a62241d6363ec4bf033,earn,Welcome Bonus,10,False,,,,2025-09-04 00:35:00,2026-03-03 00:35:00,Welcome to Raw Smith Circle!,customer
5b4dc97ce7792f679e972eaf239c63f7e29461e68a4aa0e972f95deff64af6a6,653fe1fc46ebbf17b5f3f8f8e3db7a01f33d401a21f9eebb57c3eb645aa20d7b,earn,Admin Adjustment (+),5,False,,,,2025-09-04 09:53:44,,Manual point grant,admin
86c44f0760e59bb3df098e9e0ef6b293edc6b6e825873b445d3701b85630283e,b88d8f57cbf74f97c48bf8e3a7ba52cab430ded920a6bed56278cd278f6b9c69,earn,Admin Adjustment (+),10,False,,,,2025-09-04 11:18:02,,Manual point grant,admin
1eaaae0f367908600da208dd665e6ac04e429c3bc82fce210a5e032a99d352fc,16228fddcff0f24423896b57abc14d55b7b3e5487eefd5983a569d60f8a2e20b,earn,Admin Adjustment (+),30,False,,,,2025-09-04 13:37:07,2026-03-03 13:37:07,Manual point grant,admin
ea9b0e7f717945d5e152285038ba0d365d1d7d02eabf7f4893be9fc786b7aa3d,308c7ac0094cc2b1137bc1aa0a796f5e144026ab28fef033092f468dbed0479a,earn,Admin Adjustment (+),40,False,,,,2025-09-04 21:47:41,2026-03-03 21:47:41,Manual point grant,admin
527951ccffd0a98b8970116ca12155dbd887d7bf9eb61f8952c2d78757791479,8daea32368efc7c43579ba565687901a994777f9c6943b29e866d255b34d2ee2,earn,Welcome Bonus,10,False,,,,2025-09-05 00:30:00,2026-03-04 00:30:00,Welcome to Raw Smith Circle!,customer
141cac0c2db8b5ff491bb258ca208994e3266d12402365bb4ca3925548e2ca4b,8f46906077cdc01e64701068a736a4f7317074feb7bce366347647f8d5f05ef8,earn,Admin Adjustment (+),10,False,,,,2025-09-05 12:12:40,,Manual point grant,admin
69dc843fb39fe3ffe4d558e37bbd62a7d20b56bedf151d93ef668fdc12cd7429,a734429f3fcdeb38381762d96a077a27f7c318985c7ada699c45410650ff13c1,earn,Admin Adjustment (+),5,False,,,,2025-09-05 12:59:52,,Manual point grant,admin
1d0175f59d9358f08c9389066f8eed03b73da9cc2e5c88c0623e01e33cafc728,d0d2247cdf00c6beeb2f658e7d1141d9319f85a4e57acd15ecfa6aa0f1d14b31,earn,Admin Adjustment (+),10,False,,,,2025-09-05 13:17:40,,Manual point grant,admin
0f5d345f531eee8a47b23869135d40b75ddec73c4467baee7a65e6fe3bcf6605,a7ba72bd68a4caa4afda5f062409afde37657f402fed81d6466b62612a2f068d,earn,Admin Adjustment (+),10,False,,,,2025-09-05 14:57:25,,Manual point grant,admin
e69eefbd49966a92ce90c761410b4d3d873ecdf66535b6a620174ea8f4222eb6,40f1624a0c78a36a80451f1c5cd5483d62c3b60f486f1614d1bfbb9deb45ba37,earn,Admin Adjustment (+),500,False,,,,2025-09-06 04:31:58,,Manual point grant,admin
f08409a307d17189cc531d4c106652685e8a2438f88522f17eb709fe90a36f40,d300865f64e1c69f6165fbebcfdd3e8f919c34f6db2d412ac381dec1589a843a,earn,Admin Adjustment (+),10,False,,,,2025-09-06 07:56:50,,Manual point grant,admin
3131ec76e1f7b101c1916bb8e2cabf52b8a4621b59cc0cfe717ca82c7fe19ae7,a5371be890f7605dad814a294a1aa6c890f61a4356f08d30ec0ab9ccf20da0f0,earn,Admin Adjustment (+),15,False,,,,2025-09-06 10:04:06,,Manual point grant,admin
7d0ed7b353930cdbd3814b2106840324df445d84197ff15a900e86d59218d44a,e3914c679e96f5cef589fd98b1e1c254b760909e351f0ff3d90787effc0da8cf,earn,Admin Adjustment (+),40,False,,,,2025-09-06 17:08:46,,Manual point grant,admin
882242a5b7de12b56473babb0e0b757c23dc104e425cd9ba64dc33ccd3d97a56,f0d16cd473be8fb9ea54491cdffea34070e84b4f082f8112ace8ffaf4497db30,earn,Admin Adjustment (+),5,False,,,,2025-09-06 17:49:13,,Manual point grant,admin
25b70ac922e4c34139402805a11b4373e9e136327570b50bac94a557c9fd47fd,716508881a407b64153e43cb1ab1746ea81e187da69e3bc769c9cb11232d19d3,earn,Admin Adjustment (+),20,False,,,,2025-09-07 13:52:18,,Manual point grant,admin
6570dbf042a09c627eff2615f5e7560ebb77d0cc033d6b136f6144e453ad3309,d300865f64e1c69f6165fbebcfdd3e8f919c34f6db2d412ac381dec1589a843a,earn,Admin Adjustment (+),100,False,,,,2025-09-07 16:42:33,,Manual point grant,admin
4132ab89152ca640a63e5a745f02f182ff6697ad44f75859cef1d79a4bd8f0ed,5f44c132f8640bfe6c97267e5bb2b6e0b7243a8c7eb05a3b61f4feefa92103a9,earn,Admin Adjustment (+),10,False,,,,2025-09-07 21:40:58,,Manual point grant,admin
cd316faa664bea5ce5e6b6370761a07bca03b266f6ccc234b6f89b34e950f2f0,d0d2247cdf00c6beeb2f658e7d1141d9319f85a4e57acd15ecfa6aa0f1d14b31,earn,Admin Adjustment (+),5,False,,,,2025-09-08 04:36:37,,Manual point grant,admin
bf87a4f3b6c94b8d7fa047ade263a2e09138c66a092dc2392dca0104e94ffa9d,88335f2b1fde41da84a59a25f840bd94d4cefcbf99349229e6ad88b821772bd2,earn,Admin Adjustment (+),10,False,,,,2025-09-08 12:40:53,,Manual point grant,admin
01039ae2ebd08826c3de3ff28dd955e960ef1ba1a91b27b6ad345d5619f83a8a,c16d69c03bf20932e60535de01303a169e4464bb000a79431ceb098d1522524f,earn,Admin Adjustment (+),75,False,,,,2025-09-09 08:23:10,,Manual point grant,admin
7590235a28f3f529dd85bfb84732890226113c5edb7ce755a5a27b4e07feea3c,0357267802707d2da53af5c73d2d8f9f671436927ea2eb5b01631f9c418cefe5,earn,Admin Adjustment (+),15,False,,,,2025-09-09 09:17:36,2026-03-08 09:17:36,Manual point grant,admin
54f64919373f5e150ef83a44ea9c8d31a9741d3952735a679e9da683fb0d99c8,99cfc4f3a317d79c15d51bb16746f35a8cbe4520ec185b5d959a39ca27000e27,earn,Admin Adjustment (+),10,False,,,,2025-09-09 13:27:05,,Manual point grant,admin
91ceaec21e0f192770a1555a0b6035796af6f5b5db2e2dadc793224bc56d24d5,a1cdac58029cf6218fe5b23cf198576b9086cb60ab708be06f8a374ff3f918d0,earn,Admin Adjustment (+),15,False,,,,2025-09-09 15:48:46,,Manual point grant,admin
f746c0c8cda0d798a79fc5c8573c43223030b31f252fd41458ad672b8f031747,a7289bd8b1618463665127e90d6a93a0833404d4ff535505af69a36320ab4d66,earn,Welcome Bonus,10,False,,,,2025-09-10 00:03:00,2026-03-09 00:03:00,Welcome to Raw Smith Circle!,customer
2375c70193ee350675e3ed931a324b7eb3f1d9ea8be62b65369f08f76d61a1cf,4e0f8b1aedb70f7c1b9bc8ef162199f195cce055b59e934a47f60fa222d5bc4a,earn,Welcome Bonus,10,False,,,,2025-09-10 00:47:00,2026-03-09 00:47:00,Welcome to Raw Smith Circle!,customer
76504a44a81d45273e060e6a82eb1f5c1245932b3248b167f0fddd3e5727f41a,18faf257ba6922a03804d8b32bc48b9e8d8dc3529f3c98c32e8461e6ea1333f9,earn,Admin Adjustment (+),5,False,,,,2025-09-10 13:32:49,,Manual point grant,admin
911207bbf4ee504dc01e5a4e9bd857c39abe8c68f95046d5ed94b54a0fee6ddc,d700ea1d09479e0c5c125481375ae85f31c8de99a0ad054f8005b5e6c0fac837,earn,Admin Adjustment (+),10,False,,,,2025-09-10 15:10:11,,Manual point grant,admin
818622f60643072e613e9a04428fb805d5a1ad955f4b4f9f9d09edc8692df9c9,f0d16cd473be8fb9ea54491cdffea34070e84b4f082f8112ace8ffaf4497db30,earn,Admin Adjustment (+),50,False,,,,2025-09-10 15:18:29,,Manual point grant,admin
b1290f7c7b89798548a55a91811e56adfed11c6d439f15f4038e83020d04999c,9b33e3d0c4ff628e166b7efb8fd55c09cba3e063f6495d33fbca3ad8ee2c6d1e,earn,Admin Adjustment (+),25,False,,,,2025-09-10 23:42:08,,Manual point grant,admin
a20c21429598bf759fac6e97b2f73d1057266f1fcfc2473998c0fd4953043b3b,d300865f64e1c69f6165fbebcfdd3e8f919c34f6db2d412ac381dec1589a843a,earn,Welcome Bonus,10,False,,,,2025-09-11 00:52:00,2026-03-10 00:52:00,Welcome to Raw Smith Circle!,customer
514b2942b85c2b5db0efaca40d514832d23ad09d2e8d801451812f1a7d091183,51119a3455dc32a4bad89096840853f1f847e76e80d0b2744adb54305f3310a5,earn,Admin Adjustment (+),5,False,,,,2025-09-11 07:36:51,2026-03-10 07:36:51,Manual point grant,admin
0e7c57c262f2fedaf1ce705ae1e1677f2272edd4580db2fce29fd204ca3e8510,9b33e3d0c4ff628e166b7efb8fd55c09cba3e063f6495d33fbca3ad8ee2c6d1e,redeem,Redemption,-75,False,,,1263198b51f764cce09198f6bb60bfc1cd9cdcb55b9fc1e769a6d26aeb435a08,2025-09-11 08:08:36,,Redeemed: Free Drip Coffee,customer
2ad604b31b934cbb5da7e149023aec392ac7ba1f913c98b0bbec6017a1b982f1,8c14f6f19e902454ca59e6b18d6c8a2d5340805a65a05dcb237c6f70007011b9,earn,Admin Adjustment (+),5,False,,,,2025-09-11 10:58:46,,Manual point grant,admin
a51043f2c0f8b1871be9c3d38c4e3dc07180b6b05b14ea3558801d9b5dc9070a,74721417059728ab56643221bf8e92feb4a74cd869f0aa9e5f41f99dca27b9ef,earn,Admin Adjustment (+),40,False,,,,2025-09-11 14:50:20,,Manual point grant,admin
ce8d337636d33af5ede318f28a8e68730ec3692f0a5a6ecbea40cc2dbcb69b7a,60f820ba362cdf9c342011859ceed333e5a1ae423a96d94e86be35cd376f153e,earn,Admin Adjustment (+),10,False,,,,2025-09-11 17:58:04,,Manual point grant,admin
f0f2b50e8f1608d8fa21d5e2a6dd315aecef88670c085b9b1dace02713ca5888,d8d4653fb0ad5f95a7cc63d642fbfc2bc98b15ba4697a85c9d53f893497da8ec,earn,Welcome Bonus,10,False,,,,2025-09-12 00:17:00,2026-03-11 00:17:00,Welcome to Raw Smith Circle!,customer
3eec1ec53163b06bfc6aea57479f7be227d253eb405a907de963f23bd2f6daf7,2e8f0e76c882f5903f22ccf95aa653083fffbe09cb425883ad0cb59769e08f3a,earn,Admin Adjustment (+),150,False,,,,2025-09-12 09:22:38,,Manual point grant,admin
c8c3f49071291aca94f39d247045452be4c7f50b9f59b46af2937aed0824049f,dc6c6ed3352b9e3131a29fbc4a0de86324d4d853fd7f3075c7c85cb287a757af,earn,Admin Adjustment (+),10,False,,,,2025-09-12 14:25:37,,Manual point grant,admin
e47047cbe6b5129a93c9e7b0dedcd1b0de20d521c0b8910187a605592e91d083,18faf257ba6922a03804d8b32bc48b9e8d8dc3529f3c98c32e8461e6ea1333f9,earn,Admin Adjustment (+),10,False,,,,2025-09-12 17:38:12,,Manual point grant,admin
012ee47490ed786bff5305f59a0cac1893e6563f7bbaf3a6e6eab4aec3a3acae,308c7ac0094cc2b1137bc1aa0a796f5e144026ab28fef033092f468dbed0479a,earn,Admin Adjustment (+),25,False,,,,2025-09-13 09:05:27,,Manual point grant,admin
c211be1072f83cf16c76d6dbf4840878a2d022f0e138edf781f61fbaaf8bfb3f,b3eb552de0a0f67f0a71865949650c93e78c8e5a147159e68ea59876a4d0f51b,earn,Admin Adjustment (+),10,False,,,,2025-09-13 13:54:17,,Manual point grant,admin
7b7256c69261121c2737a02d26e11c3a7b089206e94372f24a439c14b3b0600e,dd772f66d8b80d454d7f9876c419d88afce0403af3ae67742bf4227f723a55eb,earn,Admin Adjustment (+),5,False,,,,2025-09-14 08:36:37,,Manual point grant,admin
428f1bdf1877bab07b142f1cc5af94ea41a6deeba9c6fbe71f024c86f0fb25b4,1f9d54a188fcd94550daacc43881fd1a41e22cae4b7c13b13cc00221dfd20c9b,earn,Admin Adjustment (+),10,False,,,,2025-09-14 14:23:23,,Manual point grant,admin
a2691867337ca4f8473b6ab21e1c93f5cc555f8e3eceb7da77ba51ba1deef6f9,e1e94359f6c372cc51698dc8090790cc62bffa2d3e602b1003c3d819a9c94bcc,earn,Admin Adjustment (+),5,False,,,,2025-09-15 10:24:44,,Manual point grant,admin
88c157defceaf71020b516ee4e24832dc8a40f34e4637bc3f1534e025b1912be,a7ba72bd68a4caa4afda5f062409afde37657f402fed81d6466b62612a2f068d,earn,Admin Adjustment (+),10,False,,,,2025-09-15 10:51:46,,Manual point grant,admin
c293bb89dfecb399da7b0b9a53b31cddcb0833eb3d85f2dcf63c28de89b9bdc9,ff22ad5a83e32595594b8d9221d109d7f9bec6519d772860d8222301e54ddf94,earn,Admin Adjustment (+),5,False,,,,2025-09-15 13:27:20,2026-03-14 13:27:20,Manual point grant,admin
96851447a8c7ac28e0a9ee56dd3fc940c7269df92a6fc3f1670df18f5bcec5a6,022ed022d58340abfb9e11fe980e1c419717bd640236544827edbb73995f6c7c,earn,Admin Adjustment (+),10,False,,,,2025-09-15 14:36:52,,Manual point grant,admin
f099a80a3ba4aa514db5bc2729c9a97bf0977bee9e4a99be66b900c80717e04e,5ff297505eb54e620fc7c62f3a353e5a08864a3f2d8cdd8fdd76cf13f7f7e175,earn,Admin Adjustment (+),10,False,,,,2025-09-16 08:39:41,,Manual point grant,admin
05b536dbf58e2f91b4ffc30d036de64cd0fb99063fb481d092688c4ebaae0d71,b88d8f57cbf74f97c48bf8e3a7ba52cab430ded920a6bed56278cd278f6b9c69,earn,Admin Adjustment (+),10,False,,,,2025-09-16 10:38:32,,Manual point grant,admin
dc2804006bff9b6f7677fe92470dfb422d9605a287f38a9c69ce04e5f9e0f81c,2291349a28cfeb08cfc82c4b6dadf009426b7440f1c9fd833e824cf7955f7bcf,earn,Admin Adjustment (+),5,False,,,,2025-09-16 12:44:37,,Manual point grant,admin
53cc62c8f0028f5f49cc5517b69d951609b07734b718c0cec4c04cecf87c6b14,0ff90bc0bbcd2b800a55694239163c64632fef53a7f77980481e8563aec9c938,earn,Admin Adjustment (+),10,False,,,,2025-09-16 15:55:23,,Manual point grant,admin
0fd4f644d53aff54f2514e44826486970a61e52c1c4582cf94f4fc8394759d38,36541d3088d1da623542db32f95508753393c9eedddf79e697d99f973c7a6869,earn,Admin Adjustment (+),5,False,,,,2025-09-16 16:53:10,,Manual point grant,admin
9113beb948176e7c951f85c80db492f9b9cefc0766ed6a1eb3a9a3ac22b065b0,e1e94359f6c372cc51698dc8090790cc62bffa2d3e602b1003c3d819a9c94bcc,earn,Admin Adjustment (+),20,False,,,,2025-09-17 06:45:36,,Manual point grant,admin
312401d96accccb03077cd1e83fa4525df39ee756a5e6637c9173366771353ac,1805cd18b610d4f0e9dd4aeac99d83d76551e1ac8e5495dcafe14397d94cb774,earn,Admin Adjustment (+),10,False,,,,2025-09-17 09:58:43,,Manual point grant,admin
2401a5d3126a6d91691b277d56f61f18767dfca9a2f15549b8c7651225ff455d,f9ff7c7e27af59b96c83183989918180009bd55e71cd170745412d047e1d4572,earn,Admin Adjustment (+),10,False,,,,2025-09-17 12:13:37,,Manual point grant,admin
b3830463b9de7d1c7d2dfff5db2d04e3b064c5346eb84c1c57efaa577daf9b4f,05dd121f492dde883117a525c1df359dd94346399e1e5dc7b69ef0dcb8e00a16,earn,Welcome Bonus,10,False,,,,2025-09-18 00:39:00,2026-03-17 00:39:00,Welcome to Raw Smith Circle!,customer
5b9c067ee0365ab5e454fd57a783fffb9aa5cc2e78dcf4f303474958ed7b273a,b3eb552de0a0f67f0a71865949650c93e78c8e5a147159e68ea59876a4d0f51b,earn,Admin Adjustment (+),25,False,,,,2025-09-18 06:30:08,,Manual point grant,admin
5ce6354059abc569783ed2cbd69154a9d7e9411ba4178c49508856dcc3d19de0,d0d2247cdf00c6beeb2f658e7d1141d9319f85a4e57acd15ecfa6aa0f1d14b31,earn,Admin Adjustment (+),5,False,,,,2025-09-18 11:30:06,,Manual point grant,admin
8969dbf61f4429fc2a54239919c790d933408aca99e6ab138c2252f83fe19ee3,7fa9eb2ec3e00b5dc8b54be4d43f2f2298fef33ec1652b514a90f8b56b71a24c,earn,Admin Adjustment (+),10,False,,,,2025-09-18 11:49:13,,Manual point grant,admin
b4075699e23103f2b79fd3f02a17e74fb656338eec125abd0dee808e47d1928e,01ce66bda34d8522fd5b741f0c5f0b877dbd89826e89c99d6d41947db2e53bcd,earn,Admin Adjustment (+),10,False,,,,2025-09-18 15:46:34,,Manual point grant,admin
3fa7c497069dbe27f9f8b5b04012b9c094a737110b067fd1589e7f35246bcfe9,ac735306a8aa503c7380285f162117b2991cfb026895d51c483d4ce6be2d39ba,earn,Admin Adjustment (+),5,False,,,,2025-09-19 07:31:06,,Manual point grant,admin
5564d79e76740063369a8569b5fd018ca6739f72d8b603744e43afab6eb7f2f1,60f820ba362cdf9c342011859ceed333e5a1ae423a96d94e86be35cd376f153e,earn,Admin Adjustment (+),10,False,,,,2025-09-19 15:03:33,,Manual point grant,admin
fe138c7869e89a0aa8f2991ea9adb3b22fe436245230dad1973aed4e3db09415,b25ed1750aae5ef9500d96b7397194edd2a695e75a3cc7ee271f2117a10ed547,earn,Admin Adjustment (+),50,False,,,,2025-09-20 08:50:48,,Manual point grant,admin
3ce80a1e69cc3d8afd97c2c523f0c02a7cad53697a03195df38fe1148e72921e,1f9d54a188fcd94550daacc43881fd1a41e22cae4b7c13b13cc00221dfd20c9b,earn,Admin Adjustment (+),10,False,,,,2025-09-20 12:21:11,,Manual point grant,admin
9d4eaa7571e1f9d97efe2b02db3156b5ce400f4da76cb4c6fb6e6789c7e00792,70d6064fce0f3b2ef339b21edf9a549ee76c9bd381c9d6acce710131c03c921e,earn,Admin Adjustment (+),10,False,,,,2025-09-20 13:21:41,,Manual point grant,admin
8d3245eeb480070e1def83be730bd3a2366a4092a3c77dd2c2092bbf1c679275,0357267802707d2da53af5c73d2d8f9f671436927ea2eb5b01631f9c418cefe5,earn,Welcome Bonus,10,False,,,,2025-09-21 00:23:00,2026-03-20 00:23:00,Welcome to Raw Smith Circle!,customer
92e93b6f4b1131e06a3bb4bb37350b8256d3b7492b8c7e1d2502ebf2bce977a0,642bad0b05be35764601abff87218350023d8b72a07b7c1ba32e3b4abd1e9474,earn,Admin Adjustment (+),10,False,,,,2025-09-21 07:28:13,,Manual point grant,admin
6ce0ed6231b73b53a686b88574e96d4c160d2287137785e24f1de660283a6cc5,fb812e987eeb88cda1a9d54159fa441826c866053835948a5ba9682e1999413e,earn,Admin Adjustment (+),15,False,,,,2025-09-21 09:34:39,,Manual point grant,admin
eac718c6e21062123e1b604a92aaf3fa2367067ed1d9833ade418af166c2da44,d2358ef73786472dd117291391a151f5a4db970e99b1f3cd23874d25f912037c,earn,Admin Adjustment (+),75,False,,,,2025-09-21 12:09:34,,Manual point grant,admin
3a4e11c23566fc2d420cf338adf2f21ea8877904d5c96a74db02a2c90f015829,308c7ac0094cc2b1137bc1aa0a796f5e144026ab28fef033092f468dbed0479a,earn,Admin Adjustment (+),10,False,,,,2025-09-22 15:29:07,,Manual point grant,admin
52deab2bd523b17d63c0151fd6cbed71f48b8b7fa61e1e8138b3c41f070f68c2,7fa9eb2ec3e00b5dc8b54be4d43f2f2298fef33ec1652b514a90f8b56b71a24c,earn,Admin Adjustment (+),25,False,,,,2025-09-22 19:05:07,,Manual point grant,admin
6d468c3d9e65c5884ffdd0339838a62f38d1dba934584081f31b70f690e9d2ea,8f46906077cdc01e64701068a736a4f7317074feb7bce366347647f8d5f05ef8,earn,Admin Adjustment (+),5,False,,,,2025-09-23 13:06:47,,Manual point grant,admin
4ce3e322e6aa1f60a59a5bd3660fd62620a76e30f661b777eced637e8eacb92a,985e37ed1203d2c3e899f6b5d184406e82bee8fdbe45c24c33ecf19b43bb5a23,earn,Admin Adjustment (+),20,False,,,,2025-09-23 13:37:40,,Manual point grant,admin
13640714941a335d6c3ac61753b4cd0f8f1cf9f7e34d5eea0da8b09f75fa72c0,b88d8f57cbf74f97c48bf8e3a7ba52cab430ded920a6bed56278cd278f6b9c69,earn,Admin Adjustment (+),10,False,,,,2025-09-23 18:21:50,,Manual point grant,admin
7e4b3f93d49f6a721394226dc89da82ebc8631f9ae078a2daf1a678feef1e014,cffe157722e96ff5b189a894d08326c3ace0f2d79c90daa012e141b17fb264f2,earn,Admin Adjustment (+),10,False,,,,2025-09-24 03:18:38,2026-03-23 03:18:38,Manual point grant,admin
541de845338b5fc57eae28c30d50be244e929a0da45b636e848f59ec58a451db,ac735306a8aa503c7380285f162117b2991cfb026895d51c483d4ce6be2d39ba,earn,Admin Adjustment (+),20,False,,,,2025-09-24 06:33:19,,Manual point grant,admin
f20f4a09e07faaf9b9c4b9dc46f5a25b4145164fdd6a150c5cef0f7845e94388,51119a3455dc32a4bad89096840853f1f847e76e80d0b2744adb54305f3310a5,earn,Admin Adjustment (+),25,False,,,,2025-09-24 10:22:42,,Manual point grant,admin
9d44745101aa998640174cdce97e9e832dd0d34e2e7972738db5a906df036bbb,00facca840129191d923ccec896fb5384a007e008cb3b14c573fac8b7374c92b,earn,Admin Adjustment (+),10,False,,,,2025-09-25 08:03:25,,Manual point grant,admin
5981545ee5c06ff4da795debba8537419cfcc4ce1eb54cb1f3528b0035151c42,18faf257ba6922a03804d8b32bc48b9e8d8dc3529f3c98c32e8461e6ea1333f9,earn,Admin Adjustment (+),10,False,,,,2025-09-25 13:03:12,,Manual point grant,admin
22bd104370530b804aae6d8aa772fb53089a352a218d95560a5a7a8320176091,99cfc4f3a317d79c15d51bb16746f35a8cbe4520ec185b5d959a39ca27000e27,earn,Admin Adjustment (+),60,False,,,,2025-09-25 13:35:03,,Manual point grant,admin
1da76a1645ffd2217f666ea692b6020f14c277c4fb98e195fa8f336cf0ad6da0,b3eb552de0a0f67f0a71865949650c93e78c8e5a147159e68ea59876a4d0f51b,earn,Admin Adjustment (+),10,False,,,,2025-09-26 10:58:55,,Manual point grant,admin
099c867ff05e078b7ba91207f554711a89c5e3105357ce53ed95e2a88476b3e3,b3eb552de0a0f67f0a71865949650c93e78c8e5a147159e68ea59876a4d0f51b,earn,Admin Adjustment (+),10,False,,,,2025-09-27 16:11:26,,Manual point grant,admin
a896b977e00a146875ef876a6e4695029aa2d36f7027a8c6498a94a7d8babfe6,2d662ad03bcb6c818ea8cff3a82baf6d6208981b53b710e1eedf824b354f3251,earn,Admin Adjustment (+),5,False,,,,2025-09-27 18:08:01,,Manual point grant,admin
0ae0bd447219da745715af4c19686e779597b112ac4553b459afc1b288ec2074,f8bf4184ac4772f1e5b1619f281e19c104eb941ea082c23e1a12a4356e87a6bf,earn,Welcome Bonus,10,False,,,,2025-09-28 00:55:00,2026-03-27 00:55:00,Welcome to Raw Smith Circle!,customer
fe0f0a69adecf5959be0172ce10b0f0288466805f872d656dbd359c8d7ae78e5,368e45f7fdfd6ac42dd3eb08b3767325bd3f9190c8ffdce31e99c57801aff781,earn,Admin Adjustment (+),5,False,,,,2025-09-28 12:35:22,,Manual point grant,admin
1de9da32576af3ebb81c9c2202464994486ff6704df666d992fc88de84953ec6,b3eb552de0a0f67f0a71865949650c93e78c8e5a147159e68ea59876a4d0f51b,earn,Admin Adjustment (+),5,False,,,,2025-09-28 13:13:50,,Manual point grant,admin
441c1869a4766a16d20c24cb94dc77a04824668b7c41a9a30bb9824cf1ee9ec7,a5371be890f7605dad814a294a1aa6c890f61a4356f08d30ec0ab9ccf20da0f0,earn,Admin Adjustment (+),25,False,,,,2025-09-28 13:23:08,,Manual point grant,admin
645a9b76fc6e2743ce622dde43a8f15d10e77c47569d91bac3aff20efde65207,28ad6ca3fb0e2f5d50e7e1c1b3e1c6a4279f9c58c0aaeaa1b6f2a6a24d4c1c0a,earn,Admin Adjustment (+),10,False,,,,2025-09-28 17:08:12,,Manual point grant,admin
d4e69dd583836dcc6db7ba37a30adc8e58932f3e5f27d2c5d58b84c4fad2fd9e,653fe1fc46ebbf17b5f3f8f8e3db7a01f33d401a21f9eebb57c3eb645aa20d7b,earn,Admin Adjustment (+),10,False,,,,2025-09-29 11:53:37,,Manual point grant,admin
2fb0b594e26627b70648bf48e9e6baa630362ec53a40004fbaa799b4f63743b0,b3eb552de0a0f67f0a71865949650c93e78c8e5a147159e68ea59876a4d0f51b,earn,Admin Adjustment (+),30,False,,,,2025-09-29 14:31:48,,Manual point grant,admin
be5e583c1f7b279b37a18f191b3196dd8e0ec4c2da10cebc6652717c63c56774,63f9ca8eecff6cf8bae22e99fc1baf7bad5ef05deeef50040eaed5d8b8dd14f5,earn,Admin Adjustment (+),5,False,,,,2025-09-30 10:05:59,,Manual point grant,admin
da49647a6baa274cd10331215ad5b59d39c6de9120d246b1abd8c5a7c8bf8c64,dc6c6ed3352b9e3131a29fbc4a0de86324d4d853fd7f3075c7c85cb287a757af,earn,Admin Adjustment (+),5,False,,,,2025-09-30 16:19:09,,Manual point grant,admin
877da3b30891092dcd291dbb938df0d7c63ffe5625bf6c64f20d5dac71d7203b,b555f79fe8fa80ebedb33445d9cfd14bb6b4f4f1a4a4766cd9f444f7f88ebbf4,earn,Admin Adjustment (+),5,False,,,,2025-09-30 19:30:42,,Manual point grant,admin
18080d71a88d02a811b99623f946ba400fcf5c1f4677b1c04d89580060d25a8f,cbe0cc2e3c71af739591c458f36d5c2a2bda23b5721a0dcaee07fe735823b2a6,earn,Admin Adjustment (+),25,False,,,,2025-09-30 20:46:26,,Manual point grant,admin
c3de63396675b68353c847c8e7c24e8b77b6d9f205ea72521e1bb55c0096765f,c267d04aa9fa8a039544def2e734d474d5be08ffce0088efbe1c26d4a45fc631,earn,Welcome Bonus,10,False,,,,2025-10-01 00:23:00,2026-03-30 00:23:00,Welcome to Raw Smith Circle!,customer
44a3b7a7e62fe1d02a29ad3f7983bb19f016c7b79dd0e693513535148899f0cc,d0d2247cdf00c6beeb2f658e7d1141d9319f85a4e57acd15ecfa6aa0f1d14b31,earn,Admin Adjustment (+),40,False,,,,2025-10-01 15:47:55,,Manual point grant,admin
501c3e44f08319b1bd09f59a8419cccb1b9864c1bccef5d6ce86f058ed134b05,b88d8f57cbf74f97c48bf8e3a7ba52cab430ded920a6bed56278cd278f6b9c69,earn,Admin Adjustment (+),10,False,,,,2025-10-03 07:42:15,,Manual point grant,admin
e44518a65eef722ef0cb69b40709c4c7131c1397b2649a9310744498e829fb88,37912de43d9f18b3701a95ddfd0a015a3541651913eeb1d0c84b01637ea6ea4c,earn,Admin Adjustment (+),40,False,,,,2025-10-03 10:33:27,,Manual point grant,admin
1391a62cbf78908324afe9e25af38904e93764116a7f4b19ed8ca6eab8d6f94b,7725c475d921457bf4697659afd55bc6ab1b8370e203066a9b80e8b0ecc976f6,earn,Admin Adjustment (+),20,False,,,,2025-10-04 09:38:05,,Manual point grant,admin
5ebe49808770bec7c16e80a39a9a1d27804c8686c9434e7add887965700e7117,7725c475d921457bf4697659afd55bc6ab1b8370e203066a9b80e8b0ecc976f6,earn,Welcome Bonus,10,False,,,,2025-10-05 00:07:00,2026-04-03 00:07:00,Welcome to Raw Smith Circle!,customer
b8a13fb9c5dd0248fe832a777fcaefa5d0dacef7c1efe1525f10f6c89c42828b,63f9ca8eecff6cf8bae22e99fc1baf7bad5ef05deeef50040eaed5d8b8dd14f5,earn,Welcome Bonus,10,False,,,,2025-10-05 00:25:00,2026-04-03 00:25:00,Welcome to Raw Smith Circle!,customer
45af57d1095e8613b53cb9604a5c71ed5a329f0f6fac6414ce59d69fda40208d,ee2481bc6f2f4b41078ff49382af16c7dc168d31746d14ef31e3b9642861bd11,earn,Admin Adjustment (+),20,False,,,,2025-10-05 08:23:56,,Manual point grant,admin
e05b03f1af5d0c20e133d1c9884e3023a073584137ba6bfe2dcc963a6568fd30,050f2b8c6f0d503728dd5adf1a68e2a72d4b74b90e8d5d854c53df0eb44408e8,earn,Admin Adjustment (+),15,False,,,,2025-10-06 10:22:38,,Manual point grant,admin
5ac01250fe873e519a5f05d7b855a22c02a9b54ecac7e51b205ba3a9c0c7d681,d0d2247cdf00c6beeb2f658e7d1141d9319f85a4e57acd15ecfa6aa0f1d14b31,earn,Admin Adjustment (+),20,False,,,,2025-10-06 13:10:45,,Manual point grant,admin
916031a4825c4b8386f0581403bf251b90d6a22a3f64514b1d831b1ef2caf952,308c7ac0094cc2b1137bc1aa0a796f5e144026ab28fef033092f468dbed0479a,earn,Admin Adjustment (+),25,False,,,,2025-10-07 13:53:59,,Manual point grant,admin
23abcaadc98efb5aa3fa1c4672511007424e7ada8e74c71e6d1d845d029ec0cb,0357267802707d2da53af5c73d2d8f9f671436927ea2eb5b01631f9c418cefe5,earn,Admin Adjustment (+),5,False,,,,2025-10-08 08:43:48,,Manual point grant,admin
24bc90b70dbebd4a2f76902ea32988bdd05cf1555f9df4a77568e6b6c18e0cb6,cfe3f41fc069725a0fb1b207ad08a68e9d3719c6e4f6a8e62d6eb49ccda99f8f,earn,Admin Adjustment (+),10,False,,,,2025-10-08 11:46:51,,Manual point grant,admin
81598b4855fb1eafce53756729b3d5a58d416103ce87f77dfa4bea98288287d8,74721417059728ab56643221bf8e92feb4a74cd869f0aa9e5f41f99dca27b9ef,earn,Admin Adjustment (+),25,False,,,,2025-10-09 10:41:58,,Manual point grant,admin
7d40e85a66cdb9fb82f0e07b4524379b6083ebe72c43513f4fca32b39b63d658,3f6c972319dbbe576cad2270b2237c43289f21ea736d29e0b1f2050d97b129f5,earn,Admin Adjustment (+),5,False,,,,2025-10-09 14:10:03,,Manual point grant,admin
74156972121c9b726813431a836330fddd80929245b6ffd99a4326011da9cdac,fbc0fbaf9f7c1db7e8d8e0635efdb459cb2101912aced06504fa8b084dacdbdf,earn,Admin Adjustment (+),15,False,,,,2025-10-10 09:56:03,,Manual point grant,admin
04c8b0fb51c1137fc4c3654845d35483d95e696af6a9f1224c62961bedfd2261,dc6c6ed3352b9e3131a29fbc4a0de86324d4d853fd7f3075c7c85cb287a757af,earn,Admin Adjustment (+),10,False,,,,2025-10-10 15:19:20,2026-04-08 15:19:20,Manual point grant,admin
6250516fc0e28df8f849d03fea177f53dfdedcb4641bbb41c19f758c6f913104,99464bc01aa23b70b8852bce183f82600a9ba496baa75ec28f0f3cf506b6b565,earn,Admin Adjustment (+),25,False,,,,2025-10-11 08:47:34,,Manual point grant,admin
fdd3bfd89e7479a0c8d8c0cd72f878b604383c16bb3431ccd79b24143f30e9c0,dffedc0fbf486a8edadc0acf3efff1fde41025d2995bc9a1207f6cc1030e413c,earn,Admin Adjustment (+),10,False,,,,2025-10-11 16:49:02,,Manual point grant,admin
cda09b19ede269e003d969d528ac4808efe081d1915ef0c435a3eb9a34d07e6e,cbe0cc2e3c71af739591c458f36d5c2a2bda23b5721a0dcaee07fe735823b2a6,earn,Admin Adjustment (+),10,False,,,,2025-10-11 19:10:06,,Manual point grant,admin
8f0a37a45e9120956c1b48a427135b1f85888ad6b10bba8f4b8b30c7325d450f,a734429f3fcdeb38381762d96a077a27f7c318985c7ada699c45410650ff13c1,earn,Admin Adjustment (+),30,False,,,,2025-10-11 19:12:51,,Manual point grant,admin
afc84faf8cdc8674ffd6f40bb4cc3b289ce214494a53c82377ccc5ffd2c34cff,a5371be890f7605dad814a294a1aa6c890f61a4356f08d30ec0ab9ccf20da0f0,earn,Admin Adjustment (+),75,False,,,,2025-10-12 09:36:50,,Manual point grant,admin
fcf800f4c3e252ab2803aaa521ccab036522a9da27ca601ea5a897f9e737f5f8,00facca840129191d923ccec896fb5384a007e008cb3b14c573fac8b7374c92b,earn,Admin Adjustment (+),20,False,,,,2025-10-14 12:41:01,,Manual point grant,admin
1531d734ba8d550087606e993439e6f9321f572353607f132bb4852b8b922177,8f46906077cdc01e64701068a736a4f7317074feb7bce366347647f8d5f05ef8,earn,Admin Adjustment (+),15,False,,,,2025-10-14 12:47:27,,Manual point grant,admin
089dd8515dbb1fcf18444647e0c41b572511ae7873c7332519884bc82911936c,b88d8f57cbf74f97c48bf8e3a7ba52cab430ded920a6bed56278cd278f6b9c69,earn,Admin Adjustment (+),15,False,,,,2025-10-14 13:28:24,,Manual point grant,admin
4b8a38ebd3d4b370756f1564b83481f775f18722b4787d0958ce319bfcbf0f2e,57a16dd38a34440b086de09867b479499e5917de5eddbb837fdd1152bd0b6bef,earn,Welcome Bonus,10,False,,,,2025-10-15 00:06:00,2026-04-13 00:06:00,Welcome to Raw Smith Circle!,customer
91c6aa51dcacb4741cace4eb6b737edd65aa724e1ae1725abff7e058da9881d8,d747f3147243b1b63899c9a5b0d1853ae4cb9e03f2a86a62241d6363ec4bf033,earn,Admin Adjustment (+),20,False,,,,2025-10-16 11:07:10,,Manual point grant,admin
4c98b3d67f2795b15646be7f2c570cf7a804bd95b0ce1899069982787c856b89,8cf1b970c0ee0e57cb5cd48ed5658dd84380d6d76272d8ba4d5ac1e954741d71,earn,Admin Adjustment (+),10,False,,,,2025-10-16 12:37:10,,Manual point grant,admin
a9e1ed07bc1d63af21e799f65b4e470d5ada34686fc732497b3d0e60e647ea08,ac4dd5c873d610b7ef11984a7fd205b868e0091d5dff6dc7c7fa8d3099290f87,earn,Admin Adjustment (+),10,False,,,,2025-10-16 16:41:08,,Manual point grant,admin
10fde463acda82c58529e68aa0be2b1d36ca8c63099edddfa7cd3790bfcb5b8b,99cfc4f3a317d79c15d51bb16746f35a8cbe4520ec185b5d959a39ca27000e27,earn,Admin Adjustment (+),10,False,,,,2025-10-17 13:21:27,,Manual point grant,admin
17ea0086a892721dd388c2771afb5cd237ec05e0973c791c0f3e0e83317c54d7,0c32258e3c936c2eaf222d8868d1d9ec998081e7dfa117e9876902dfed47d3d3,earn,Admin Adjustment (+),5,False,,,,2025-10-17 16:30:45,,Manual point grant,admin
11f9233871c67a1c82fe7e32ba31339b094074d542aa00c2a263c7124dbfa1bb,7171f5ec0c760d904896ff855a456dbfc48335ef34819c852ef776c1dfc07d4c,earn,Welcome Bonus,10,False,,,,2025-10-18 00:07:00,2026-04-16 00:07:00,Welcome to Raw Smith Circle!,customer
6ebf9ed1b22841965a7619622ad89c6aef1b1cae5e9ea6b3f8791a483f102d3d,60f820ba362cdf9c342011859ceed333e5a1ae423a96d94e86be35cd376f153e,earn,Admin Adjustment (+),5,False,,,,2025-10-18 17:32:03,,Manual point grant,admin
dacefc0f767fedbc8532eacdee58b85d7b52dcfcb634d7498a5b765bde2aad17,2e8f0e76c882f5903f22ccf95aa653083fffbe09cb425883ad0cb59769e08f3a,earn,Admin Adjustment (+),20,False,,,,2025-10-19 14:11:39,,Manual point grant,admin
8f5134cbf71bba39d42baead0d1b4324a5f2f1532ccbca03e53d0b8f1ec571dd,4e8f08b7cb2e67109b6dcdd38c09a91c31fe5dd67d7f0a71c6875f57ec3246d7,earn,Admin Adjustment (+),10,False,,,,2025-10-19 15:01:29,,Manual point grant,admin
f22f192e3b4f026a7fa3b034dad0543d03941858fa8782d155146484b89e5056,a5371be890f7605dad814a294a1aa6c890f61a4356f08d30ec0ab9ccf20da0f0,earn,Admin Adjustment (+),10,False,,,,2025-10-20 10:58:44,,Manual point grant,admin
5106eee77a805fcf520b0e760f02cd71edf453c9c4db15d20bbed9ebc39276cb,18faf257ba6922a03804d8b32bc48b9e8d8dc3529f3c98c32e8461e6ea1333f9,earn,Admin Adjustment (+),60,False,,,,2025-10-21 00:40:04,,Manual point grant,admin
ad6a8cb56584677448aff4df945c5a4148281f0a675cb75fbb11ef08e9f7a48c,fbc0fbaf9f7c1db7e8d8e0635efdb459cb2101912aced06504fa8b084dacdbdf,earn,Admin Adjustment (+),20,False,,,,2025-10-21 16:49:05,,Manual point grant,admin
1b8182fe3116129a5f5e1bb2958fe158c2121f9d9edcbeb1ded34940e5ae4804,b3eb552de0a0f67f0a71865949650c93e78c8e5a147159e68ea59876a4d0f51b,earn,Admin Adjustment (+),50,False,,,,2025-10-22 05:24:03,2026-04-20 05:24:03,Manual point grant,admin
24ae2e484e9772dd86c3a9904929afbafa5f466a7c5243aa1c64d6367e8f7fa0,51119a3455dc32a4bad89096840853f1f847e76e80d0b2744adb54305f3310a5,earn,Admin Adjustment (+),5,False,,,,2025-10-22 14:30:32,,Manual point grant,admin
3b50503a80bab140bb888fda750860c83e2f9337a3ab987082ab719091620347,60f820ba362cdf9c342011859ceed333e5a1ae423a96d94e86be35cd376f153e,earn,Admin Adjustment (+),10,False,,,,2025-10-22 14:49:29,,Manual point grant,admin
8cbd1699d1ec907dfa6868043a86eea57a340210bcbbfa4f4edd78f82bbaa724,28ad6ca3fb0e2f5d50e7e1c1b3e1c6a4279f9c58c0aaeaa1b6f2a6a24d4c1c0a,earn,Admin Adjustment (+),10,False,,,,2025-10-23 00:43:13,,Manual point grant,admin
00069d71f7127db32eeb1c47dc8f4e87f7b933d0cac097d0d5038a8fdd293375,cf673c3606a87b545a21752650d3688ce2bdf6193f2c23c12349e0aa23c95a04,earn,Admin Adjustment (+),10,False,,,,2025-10-23 13:50:45,,Manual point grant,admin
06e2e5c42a5132d47dc7ddaaa0e10c5fbcfd69f5916506534c1beb5f530d8c6c,6536f04b74a6f14f258abf47c13ff4fd7140979a23eacc193dd59f1f6209362c,earn,Welcome Bonus,10,False,,,,2025-10-24 00:22:00,2026-04-22 00:22:00,Welcome to Raw Smith Circle!,customer
c3a516b558c2cbb21b1ed07b79f1535f1d1f7ae9ff3e5ed62f17d08640f24f36,7b5e61c777116995d83eb42349aabe84ed03b8215146d823d96578d2fe61b244,earn,Welcome Bonus,10,False,,,,2025-10-24 00:49:00,2026-04-22 00:49:00,Welcome to Raw Smith Circle!,customer
a8709e51f045017e063d08318ceab2d6a770b107a70a9cd727de0720ef2bc218,ca2e6dcd996ce770aa74ad3bd0272d9d3994fb6b7c5946a3f612592cba3777cc,earn,Admin Adjustment (+),75,False,,,,2025-10-26 03:05:53,,Manual point grant,admin
07f827491714826244673cc3fc556a888dbeb65978d59a34dfe5e6da021c182d,dd821bb8c29de15afe7e2e73810f8e9b72bb1852e57faa3746e8b00411a09f89,earn,Admin Adjustment (+),25,False,,,,2025-10-26 09:25:02,2026-04-24 09:25:02,Manual point grant,admin
4b49bc221d59b13fd18f8c5af32603e7eb542983610fa371fdaedcee68810d3f,a4fbc9f143f6ee8eb80376a4effb15d38007085da39db72ce12ab61755d05dde,earn,Admin Adjustment (+),20,False,,,,2025-10-26 14:59:27,,Manual point grant,admin
84fbaf1eb8bd3261a6d06df98c30d7392d0ca20118feccdabafe80ac858e11fe,f0d16cd473be8fb9ea54491cdffea34070e84b4f082f8112ace8ffaf4497db30,earn,Admin Adjustment (+),10,False,,,,2025-10-28 08:10:51,,Manual point grant,admin
01d6c474e4957a021f08e76eb5efb2623c7def2d164782792fc8020464857252,1213d29819e36ac0d6e1ec2b8d7c2e0314e88983bdd54ec3dd41870668d0c48c,earn,Admin Adjustment (+),10,False,,,,2025-10-28 12:17:35,,Manual point grant,admin
78dd72e82d699946e49a7a0ccc451b210ccc1b3e8552de5f320b86847718afd5,716508881a407b64153e43cb1ab1746ea81e187da69e3bc769c9cb11232d19d3,earn,Admin Adjustment (+),60,False,,,,2025-10-28 13:37:39,2026-04-26 13:37:39,Manual point grant,admin
2e6426dd1c53dc93e1dbfe1845ec4015a38629be3f3301b101031290798baf81,51119a3455dc32a4bad89096840853f1f847e76e80d0b2744adb54305f3310a5,earn,Admin Adjustment (+),10,False,,,,2025-10-29 14:05:41,,Manual point grant,admin
b8578a6df62aa001ea0bb2c810b66e2abdf227e5356fdb34792b39452199d763,22ca65df880594d9b4e5c80774fe8afe6707bd21ba75ee4049d50951e92a2012,earn,Welcome Bonus,10,False,,,,2025-10-30 00:14:00,2026-04-28 00:14:00,Welcome to Raw Smith Circle!,customer
83a6cefa886564b952555b6203164289ef95dec0c224ed295734e01f2e029c5c,05dd121f492dde883117a525c1df359dd94346399e1e5dc7b69ef0dcb8e00a16,earn,Admin Adjustment (+),10,False,,,,2025-10-30 10:04:19,,Manual point grant,admin
62f076edcb15c45901bc23bc534082d5308322f5912ef3a64661278c00107a63,01ce66bda34d8522fd5b741f0c5f0b877dbd89826e89c99d6d41947db2e53bcd,earn,Welcome Bonus,10,False,,,,2025-11-01 00:10:00,2026-04-30 00:10:00,Welcome to Raw Smith Circle!,customer
a0bf8486e3f8876da2b6e635920e890d27e0f6b321568480b68e51bc5476a010,3f6c972319dbbe576cad2270b2237c43289f21ea736d29e0b1f2050d97b129f5,earn,Welcome Bonus,10,False,,,,2025-11-27 00:18:00,2026-05-26 00:18:00,Welcome to Raw Smith Circle!,customer
3d280b64f7690908393ea8f406e294131deb0f1aa64d9f454e3e3414f956c7cc,40f24b2d0ca1cb8fd46e6d33f43dda4fdc0db00236d1aaf36c83118ad27f0700,earn,Welcome Bonus,10,False,,,,2025-11-27 00:22:00,2026-05-26 00:22:00,Welcome to Raw Smith Circle!,customer
fb07b708ca0699de26ac0a08e6fa7fb64e9569376e1959a554b808b83bc90e00,8cf1b970c0ee0e57cb5cd48ed5658dd84380d6d76272d8ba4d5ac1e954741d71,earn,Welcome Bonus,10,False,,,,2025-11-30 00:28:00,2026-05-29 00:28:00,Welcome to Raw Smith Circle!,customer
f7059040ad4cc4ed91fd0ff8b789ecf71d0b5f967c534f79a949e57dd570ba2f,5ff297505eb54e620fc7c62f3a353e5a08864a3f2d8cdd8fdd76cf13f7f7e175,earn,Welcome Bonus,10,False,,,,2025-12-01 00:45:00,2026-05-30 00:45:00,Welcome to Raw Smith Circle!,customer
a079b8227493e14d967b7b62cfa45fbc67dd57bed320ef9831827815be4f9de0,a7ba72bd68a4caa4afda5f062409afde37657f402fed81d6466b62612a2f068d,earn,Admin Adjustment (+),25,False,,,,2025-12-02 11:27:05,,Manual point grant,admin
1ebc711dae80fccb81982d687a3d4c2f3b4eaf13d2dd18903fa4498640cc5d9a,b88d8f57cbf74f97c48bf8e3a7ba52cab430ded920a6bed56278cd278f6b9c69,earn,Admin Adjustment (+),5,False,,,,2025-12-03 06:38:14,2026-06-01 06:38:14,Manual point grant,admin
481d66c11ae6ce8e26cab6edf715ebf5672302b54a8472fc85e1216559585e92,5f44c132f8640bfe6c97267e5bb2b6e0b7243a8c7eb05a3b61f4feefa92103a9,earn,Admin Adjustment (+),10,False,,,,2025-12-03 10:45:48,,Manual point grant,admin
cabde3f275eef205534925c5726c45c5e353c9ef90ed44b4251dcaa7f0a7c1ef,74d79fa48fb9c592ff3cc398610deb3c025465430736e1c628150ea027c3bdf0,earn,Admin Adjustment (+),10,False,,,,2025-12-05 08:14:02,,Manual point grant,admin
ab2951670ad00cd1fbf738df4c46ec175a7a18868f2ae181671d7a8cedc0c3b1,b3eb552de0a0f67f0a71865949650c93e78c8e5a147159e68ea59876a4d0f51b,earn,Admin Adjustment (+),10,False,,,,2025-12-06 15:21:59,,Manual point grant,admin
7250cb4d683b561167293b784390ff669753e249a663597d38722052618d8414,11ae86aba7f28445816f46815e200899c986babd632684da1494df16240af3d8,earn,Welcome Bonus,10,False,,,,2025-12-08 00:11:00,2026-06-06 00:11:00,Welcome to Raw Smith Circle!,customer
b26e74ca34e20a4ee640c32eb40cdd53fdc562e19282600075e3b47800fa8176,b3eb552de0a0f67f0a71865949650c93e78c8e5a147159e68ea59876a4d0f51b,earn,Admin Adjustment (+),10,False,,,,2025-12-11 11:29:27,,Manual point grant,admin
f008ebe0b09d9dd18733e2e4795bb4558bef2a5a023e7f63078f9ec2a2329835,a5371be890f7605dad814a294a1aa6c890f61a4356f08d30ec0ab9ccf20da0f0,earn,Admin Adjustment (+),10,False,,,,2025-12-11 17:56:15,,Manual point grant,admin
2debc0fbdfc967885d7ef5da105082027b734a99d7b0768a40361da81b5ec19f,d0d2247cdf00c6beeb2f658e7d1141d9319f85a4e57acd15ecfa6aa0f1d14b31,earn,Welcome Bonus,10,False,,,,2025-12-13 00:52:00,2026-06-11 00:52:00,Welcome to Raw Smith Circle!,customer
42cdae7759cd38db8c97a96068cff3049e425823ecaad4df3624838b7b17470d,9b33e3d0c4ff628e166b7efb8fd55c09cba3e063f6495d33fbca3ad8ee2c6d1e,earn,Admin Adjustment (+),5,False,,,,2025-12-13 13:22:49,,Manual point grant,admin
f0bda29958e05c694fd8d69cf53142430c91da488003d020890d4ad260a2f9ee,d300865f64e1c69f6165fbebcfdd3e8f919c34f6db2d412ac381dec1589a843a,earn,Admin Adjustment (+),10,False,,,,2025-12-13 16:50:06,,Manual point grant,admin
a85424c7d785ea412a374dfd6d62c16a879b858683bbefb6ab33af556a2e13e9,653fe1fc46ebbf17b5f3f8f8e3db7a01f33d401a21f9eebb57c3eb645aa20d7b,earn,Admin Adjustment (+),25,False,,,,2025-12-14 08:20:07,,Manual point grant,admin
f72237b17ace643e7208439989d86c026349c9f0ccae465048443ddfb112477f,d986d685e1d3a09594b16db3eebf2daef9add0f9ce2a271f39eca9a3970931d7,earn,Admin Adjustment (+),10,False,,,,2025-12-14 10:04:23,,Manual point grant,admin
0b54ccd5b71c5eb395453d43195899b5b2daa2259b5755139194909a21f4829f,dd772f66d8b80d454d7f9876c419d88afce0403af3ae67742bf4227f723a55eb,earn,Admin Adjustment (+),10,False,,,,2025-12-14 12:25:05,,Manual point grant,admin
65a1802f5c0da8ce55e9d90663aea4d45ea144e53856145bbdca72ace0201ccd,8daea32368efc7c43579ba565687901a994777f9c6943b29e866d255b34d2ee2,earn,Admin Adjustment (+),10,False,,,,2025-12-15 14:41:43,,Manual point grant,admin
674e71b12723cdc57a3f9a4e10e0b32455615015ffbfdc44356fac0db0e7c1d6,5ff297505eb54e620fc7c62f3a353e5a08864a3f2d8cdd8fdd76cf13f7f7e175,earn,Admin Adjustment (+),5,False,,,,2025-12-15 15:42:13,,Manual point grant,admin
d2a5d1fa7cf72636cc4e73c5641c8ff01b4d57c224dd5d82fcaf1b65454e4512,18faf257ba6922a03804d8b32bc48b9e8d8dc3529f3c98c32e8461e6ea1333f9,earn,Admin Adjustment (+),15,False,,,,2025-12-16 04:57:41,,Manual point grant,admin
1589ab45371ebb9564c6032b2260645bb6c261e57403bce22c4b8cfb2d2904d3,717023e64628bfa50667d42670d426b7b1475cee28e5bff20c7a9b5b0dfd126d,earn,Admin Adjustment (+),25,False,,,,2025-12-17 08:13:29,,Manual point grant,admin
70c8671d9747dbff6901a39f075f0117712a3369733c5f2ba70e6de078092bec,51119a3455dc32a4bad89096840853f1f847e76e80d0b2744adb54305f3310a5,earn,Admin Adjustment (+),5,False,,,,2025-12-17 11:31:54,,Manual point grant,admin
4d8bd35121fb2fa81f6181f5602497b1129d0516c3e002b658b431ca110ba30e,f4e24a75f2e8c69ab9a3c08bcc3a6fa0ed93ff4b986afede1010ca8dd46eec45,earn,Welcome Bonus,10,False,,,,2025-12-20 00:49:00,2026-06-18 00:49:00,Welcome to Raw Smith Circle!,customer
d7bbc15526d95f7d889fd3835a23f438e2ca6e973f6c539291710b10d4a3e364,5ff297505eb54e620fc7c62f3a353e5a08864a3f2d8cdd8fdd76cf13f7f7e175,earn,Admin Adjustment (+),10,False,,,,2025-12-20 06:56:00,,Manual point grant,admin
ff44142834b4b15d86b243b2240163eaad40f8f9dc8ba3f6c9850b49bbc559d2,f3bb8899e697661ae401fbd9ec148c5b80304f629874a722084496b638f19f80,earn,Admin Adjustment (+),10,False,,,,2025-12-21 07:17:59,,Manual point grant,admin
72a66718a435b19f1d4cc9cc23a213f6255b2db09f910714141b1c0f0be889b2,0d3408992aa5cde329676d42510ce925946ad6241a2ea928fb54547f83f443c7,earn,Admin Adjustment (+),20,False,,,,2025-12-21 22:04:26,,Manual point grant,admin
860367403b405f60ec6ef4b1998a5a2293c95820bd31fd9e5a604bd8db970ceb,985e37ed1203d2c3e899f6b5d184406e82bee8fdbe45c24c33ecf19b43bb5a23,earn,Welcome Bonus,10,False,,,,2025-12-22 00:01:00,2026-06-20 00:01:00,Welcome to Raw Smith Circle!,customer
d8e5fd12d6b3ac9b180dfda546c3b5bf9a3db18a3e266a53ee401443eee3e93e,de9e8dc68138654cadf078b09d7e41c1636e36acb67588623256eb403dc550b3,earn,Admin Adjustment (+),10,False,,,,2025-12-23 12:44:37,,Manual point grant,admin
b640bf5d36d142afb747765f4e3a8b9bfe131fce5c110b97fbb26902a6efe475,a7289bd8b1618463665127e90d6a93a0833404d4ff535505af69a36320ab4d66,earn,Admin Adjustment (+),20,False,,,,2025-12-25 13:48:06,,Manual point grant,admin
a551abc16b94e34d058c7a7a8ad1e49d4492d714efa27146c34aa7be29a6ee6f,40f1624a0c78a36a80451f1c5cd5483d62c3b60f486f1614d1bfbb9deb45ba37,earn,Admin Adjustment (+),50,False,,,,2025-12-25 18:48:32,,Manual point grant,admin
1b05265a4f0fa921af0bc2896493f0f82bfe209bf477d6a0ef4b371202d960c9,99464bc01aa23b70b8852bce183f82600a9ba496baa75ec28f0f3cf506b6b565,earn,Admin Adjustment (+),20,False,,,,2025-12-27 09:57:35,,Manual point grant,admin
2118707dbd05f0b3bbc0c17bbe6a6ec9bda766d5e6534df8cee5fe318f3aab4c,368e45f7fdfd6ac42dd3eb08b3767325bd3f9190c8ffdce31e99c57801aff781,earn,Welcome Bonus,10,False,,,,2025-12-28 00:56:00,2026-06-26 00:56:00,Welcome to Raw Smith Circle!,customer
f0b91d717cd8b8c4c4d4d962d823fd661e043e7234e802c0377e1b636a43f621,2cb88112fa7ad53e58327912695ffccac99701b4b668913b7cc20291fea7490b,earn,Welcome Bonus,10,False,,,,2025-12-29 00:52:00,2026-06-27 00:52:00,Welcome to Raw Smith Circle!,customer
2b3337d8e7bae23c56dbdb78692a7034c9acc9301c92c7c5c3e4511fd84767f3,9b33e3d0c4ff628e166b7efb8fd55c09cba3e063f6495d33fbca3ad8ee2c6d1e,earn,Admin Adjustment (+),5,False,,,,2025-12-30 00:14:44,,Manual point grant,admin
25d32c92571e4dbf2d69d626b2422c7d7cc27c0b9714229731af97120ec0f44c,18faf257ba6922a03804d8b32bc48b9e8d8dc3529f3c98c32e8461e6ea1333f9,earn,Admin Adjustment (+),10,False,,,,2025-12-31 07:49:34,,Manual point grant,admin
7c6a12e9b277690bf46ef92fd28b13e7d9edfb428518e5b3090dd92e904d6fe9,572e7bcdc164f282bc44cdcdd67fc5350bcdbc045623a217dcd546578bc6a1fe,earn,Welcome Bonus,10,False,,,,2026-01-01 00:18:00,2026-06-30 00:18:00,Welcome to Raw Smith Circle!,customer
e9d9fde79a2596396886359218a316abbb52e3ab612ba0ad232aaeb663c64b2c,28fdcf56c3efb71adde36a9b085827c2a86594042e2cbf7bd17867f7897e2e1f,earn,Admin Adjustment (+),25,False,,,,2026-01-01 12:32:57,,Manual point grant,admin
616996f5b20a5824afa1607e2acc5081bdb215dd96eebdede5e40f111e520f3d,0ff90bc0bbcd2b800a55694239163c64632fef53a7f77980481e8563aec9c938,earn,Admin Adjustment (+),5,False,,,,2026-01-01 20:02:27,,Manual point grant,admin
c3d6cb22204371019686724f6f468fd91269adfcec9a4bf6e316f886df659fba,9b33e3d0c4ff628e166b7efb8fd55c09cba3e063f6495d33fbca3ad8ee2c6d1e,earn,Welcome Bonus,10,False,,,,2026-01-02 00:29:00,2026-07-01 00:29:00,Welcome to Raw Smith Circle!,customer
f38895d4cf69cf09e78b1b3f5503e756031269b6c2e2d6bfc4a1a4f78c368102,d700ea1d09479e0c5c125481375ae85f31c8de99a0ad054f8005b5e6c0fac837,earn,Admin Adjustment (+),5,False,,,,2026-01-02 00:29:53,,Manual point grant,admin
de369dcef25831cc20a17ed4def2736f78a9655d823fc8d1c8ed77c81624f5e5,dc32e655c2abd3b8221175d18034d3be52f2142319021c4950ee84d4de1ae8eb,earn,Welcome Bonus,10,False,,,,2026-01-02 00:38:00,2026-07-01 00:38:00,Welcome to Raw Smith Circle!,customer
6368ed2fd2f75b7ed2725dcaf23e92398e2eaac26b7926ed8a6f15c96546559d,dc6c6ed3352b9e3131a29fbc4a0de86324d4d853fd7f3075c7c85cb287a757af,earn,Admin Adjustment (+),5,False,,,,2026-01-02 17:59:35,,Manual point grant,admin
547fabe6258a25cafd1fed9eb586a354cc0747f37b9dedce8b92b9303b7cd208,42684987372e043ce2ef6fe8153facba96b2fc87da58eb8ee534cfa812400cdd,earn,Welcome Bonus,10,False,,,,2026-01-03 00:15:00,2026-07-02 00:15:00,Welcome to Raw Smith Circle!,customer
b96a8a3808c52a2c211a98ec766baa24abcf37acf4ea7d9e530f18f508f36cbb,1213d29819e36ac0d6e1ec2b8d7c2e0314e88983bdd54ec3dd41870668d0c48c,earn,Welcome Bonus,10,False,,,,2026-01-03 00:27:00,2026-07-02 00:27:00,Welcome to Raw Smith Circle!,customer
3c91838ab82a304078d5b6fc2632347622dcf4d94e29ae3c5cecc8035b93c9ca,f0d16cd473be8fb9ea54491cdffea34070e84b4f082f8112ace8ffaf4497db30,earn,Admin Adjustment (+),15,False,,,,2026-01-03 04:08:11,,Manual point grant,admin
104e1d4b420678951401c539a55a2dc233db85a78a22a386b8664785f2e944e2,8daea32368efc7c43579ba565687901a994777f9c6943b29e866d255b34d2ee2,earn,Admin Adjustment (+),10,False,,,,2026-01-03 16:58:44,,Manual point grant,admin
ad5eba6671febf6961000339cfd9c287eca2f829db887880a92a06273ec50ad2,ac735306a8aa503c7380285f162117b2991cfb026895d51c483d4ce6be2d39ba,earn,Admin Adjustment (+),25,False,,,,2026-01-04 09:22:35,,Manual point grant,admin
87cc705bbc784f6f099505a35c02ebbd21ef3c78f2a165d125ab62410683f77a,8daea32368efc7c43579ba565687901a994777f9c6943b29e866d255b34d2ee2,earn,Admin Adjustment (+),60,False,,,,2026-01-04 13:55:48,,Manual point grant,admin
d3f9f3a2516276e17b87b0ed0c8fd1aea93173402346fa4c7b4babe3b6453de6,2291349a28cfeb08cfc82c4b6dadf009426b7440f1c9fd833e824cf7955f7bcf,earn,Admin Adjustment (+),25,False,,,,2026-01-05 15:50:51,,Manual point grant,admin
480e5d64591f79134c53f621ce96ae83be15560f8b26aa96c7344349e09dbc89,b88d8f57cbf74f97c48bf8e3a7ba52cab430ded920a6bed56278cd278f6b9c69,earn,Admin Adjustment (+),50,False,,,,2026-01-06 06:45:32,,Manual point grant,admin
b750fb116329bdcb2ca10fb3db18f2e42233abc1aad7805da36aca88e21739e2,b3eb552de0a0f67f0a71865949650c93e78c8e5a147159e68ea59876a4d0f51b,earn,Admin Adjustment (+),10,False,,,,2026-01-06 10:23:33,,Manual point grant,admin
ba3e81a4027497f245a068da64376e99b30e97561388bedc5f1c53dc4879b716,6721da032907a59aaed29f5d51f8533e84421989cc78a29cc0de7de9feed4b30,earn,Admin Adjustment (+),10,False,,,,2026-01-06 11:35:30,,Manual point grant,admin
e60ac4afebc5a78d46efe8601075f884f215b2f99d08b6fefadc4a0e3c1157f5,b3eb552de0a0f67f0a71865949650c93e78c8e5a147159e68ea59876a4d0f51b,earn,Admin Adjustment (+),20,False,,,,2026-01-06 15:49:04,2026-07-05 15:49:04,Manual point grant,admin
dba28adb052e5f3a35b1eeb50d53f85ab1e64a53eebfe347f2825c3977db514b,d0d2247cdf00c6beeb2f658e7d1141d9319f85a4e57acd15ecfa6aa0f1d14b31,earn,Admin Adjustment (+),15,False,,,,2026-01-08 09:48:42,,Manual point grant,admin
9f8adbdec2a3712055f81b41cc5aeeaf15deb91a3f1d541aeb0bfa4556600fe2,7c3ed7730f0ca83a853404ec99d01be8ce4f75980f76d47d2b76d6bc1b87549e,earn,Admin Adjustment (+),10,False,,,,2026-01-08 12:05:25,,Manual point grant,admin
77941c7e66b7281aa7c125b922eac28df792b1568620d8088aa862ddffb05867,00facca840129191d923ccec896fb5384a007e008cb3b14c573fac8b7374c92b,earn,Admin Adjustment (+),20,False,,,,2026-01-08 17:24:00,,Manual point grant,admin
b1388985afd82a61815e21fe6587c5f9e2860d30170a50795bab9e1507e10dcb,01ce66bda34d8522fd5b741f0c5f0b877dbd89826e89c99d6d41947db2e53bcd,earn,Admin Adjustment (+),5,False,,,,2026-01-09 00:19:18,,Manual point grant,admin
89c4d21837d37521db34ea905f46e8606df7cc3838764228e881be22656c7cdf,d93fbc85257c4367a197bfa2585ef581a41b8ac58589f0e5d49ddca1f29ae30d,earn,Admin Adjustment (+),10,False,,,,2026-01-09 17:13:39,,Manual point grant,admin
97e7296fa723d9ee7af0946e86eae35a6181f0c6ef98d3b54095102917b6e0b1,d2358ef73786472dd117291391a151f5a4db970e99b1f3cd23874d25f912037c,earn,Admin Adjustment (+),20,False,,,,2026-01-10 07:08:47,,Manual point grant,admin
66c96def892a31cd17fe6f3977338f3fdb527cf0b47b94385442a8258304a919,c16d69c03bf20932e60535de01303a169e4464bb000a79431ceb098d1522524f,redeem,Redemption,-100,False,,,2300562cdbefd09dc81a88309109acdf348b126d4815761a1d9bfada8fd9e1c3,2026-01-10 10:59:12,,Redeemed: Free Pastry with Drink,customer
b99585bc6a034efedf57d114b88b94024818aab4342ae3cf9377c974b6bd9cad,0b967561b4dbe706e7b417df39203cdc52fbd9bd2d83dbf54ddec980282fb3b8,earn,Admin Adjustment (+),20,False,,,,2026-01-10 14:16:06,,Manual point grant,admin
314cde62d4bf1281e2f7d7257086dcb090cd929cd5206c0473fef69b1c6c84aa,9a7112834a9a5f55b6a98974a27226f1072a02576b624f726cff1b55f0d64a05,earn,Admin Adjustment (+),10,False,,,,2026-01-11 12:09:20,,Manual point grant,admin
78ca88cb40c4da8d25f030e994a1cb69b7ba142dd47e205da6dce34a7620a888,305a12e7f6ec0efc4c5de1d8b3b835cdc641401ac6f3f9a116415a104f8e02ed,earn,Admin Adjustment (+),10,False,,,,2026-01-11 12:47:10,2026-07-10 12:47:10,Manual point grant,admin
8aad9eedc5a8ea7de5ee9399ce67335ed648917dd8fe66aa61954f49746980a5,579da5019dd74d0aaef5b375021936697054dc4c4698d8b5969f3c53ac3cc368,earn,Admin Adjustment (+),20,False,,,,2026-01-11 16:19:16,,Manual point grant,admin
3e93bd0de5dbacfcadac47ebfc6c4b2b4e454fe4d64dd38be54c5ec68b6312fe,7c144b48c34b5be9b0353ecf7d80d6c511438672ffb9c2eda096f89cc2d315ca,earn,Admin Adjustment (+),50,False,,,,2026-01-12 17:44:33,,Manual point grant,admin
96d6a232d587ca562fb122696e0cf030af00994311c37e93cda1e94ac78c40cc,050f2b8c6f0d503728dd5adf1a68e2a72d4b74b90e8d5d854c53df0eb44408e8,earn,Admin Adjustment (+),10,False,,,,2026-01-13 07:10:03,,Manual point grant,admin
5a09d1b288c13ef990d8f23e72b54723d99d37feed137beb70d53d5e6f32f441,717023e64628bfa50667d42670d426b7b1475cee28e5bff20c7a9b5b0dfd126d,earn,Admin Adjustment (+),10,False,,,,2026-01-13 14:23:37,,Manual point grant,admin
f9905320c0d93b28a56bb16f25ece4ad3228ff25d41758d43f7c2545561bce0f,0c32258e3c936c2eaf222d8868d1d9ec998081e7dfa117e9876902dfed47d3d3,earn,Admin Adjustment (+),10,False,,,,2026-01-14 10:11:39,,Manual point grant,admin
6db2c04886c33cfbdfbce165399540190102a09ca33238f552d75644cc2be5f5,aa67e8edc3ea2d76eb3a365d66a98091c2b42488f3287aa89253db78111d0d16,earn,Referral,25,False,,,,2026-01-15 10:52:18,,Referral bonus,customer
a18ead782785bd094b3823b5e36ca411d1244ba7cc3947ab58627c66e1f08d9b,0c32258e3c936c2eaf222d8868d1d9ec998081e7dfa117e9876902dfed47d3d3,earn,Admin Adjustment (+),10,False,,,,2026-01-16 06:08:45,,Manual point grant,admin
ec2bead3275a5c79a0caaf99238b5d3b7754b061d51b547e8f0c99f726c19e44,a7ba72bd68a4caa4afda5f062409afde37657f402fed81d6466b62612a2f068d,earn,Admin Adjustment (+),25,False,,,,2026-01-16 11:48:02,,Manual point grant,admin
7314402201e1d20f7ab6516557bd466e5f45a7c2653ebcad20a7fec8ba5b14ea,dc6c6ed3352b9e3131a29fbc4a0de86324d4d853fd7f3075c7c85cb287a757af,earn,Admin Adjustment (+),20,False,,,,2026-01-16 15:45:18,,Manual point grant,admin
b79e0f3e659e287faacde4925fed4d266e7c95b71c9c3a2ade41061ccd61b0de,88335f2b1fde41da84a59a25f840bd94d4cefcbf99349229e6ad88b821772bd2,earn,Admin Adjustment (+),20,False,,,,2026-01-17 09:25:18,,Manual point grant,admin
26d0131f23a201043c8d881e259e8e924a48a10b5579656c9534377548eb90be,ac735306a8aa503c7380285f162117b2991cfb026895d51c483d4ce6be2d39ba,earn,Admin Adjustment (+),5,False,,,,2026-01-17 12:13:22,,Manual point grant,admin
5aaf2efebbc4e87358cd56b6ef5f26306f6f9f781ddca812b12638d0b0ece18a,9b33e3d0c4ff628e166b7efb8fd55c09cba3e063f6495d33fbca3ad8ee2c6d1e,earn,Admin Adjustment (+),10,False,,,,2026-01-18 13:36:09,2026-07-17 13:36:09,Manual point grant,admin
af449abcd219189f8d5192290c77dd1a2f0959fd1548e5a5344b44eccfd5e1db,dc32e655c2abd3b8221175d18034d3be52f2142319021c4950ee84d4de1ae8eb,redeem,Redemption,-75,False,,,1263198b51f764cce09198f6bb60bfc1cd9cdcb55b9fc1e769a6d26aeb435a08,2026-01-19 12:44:47,,Redeemed: Free Drip Coffee,customer
128b68f3f41cbe1b88c9cc41b689a022bb25b266bfda6dad2f95d97d3bc8fbdb,a5371be890f7605dad814a294a1aa6c890f61a4356f08d30ec0ab9ccf20da0f0,earn,Admin Adjustment (+),25,False,,,,2026-01-20 09:46:12,,Manual point grant,admin
3f486f0fb34505dd573376c0a40026d3a67f63188a76bc889cbad6a1c67e8d59,5f44c132f8640bfe6c97267e5bb2b6e0b7243a8c7eb05a3b61f4feefa92103a9,earn,Drink Purchase,3,True,espresso,1.5,,2026-01-20 13:06:25,2026-07-19 13:06:25,Drink purchase points,customer
0bd51a413fbcbf7a0d0266cf75fdbd87e96665f485db9da97698691f20d00e34,8c14f6f19e902454ca59e6b18d6c8a2d5340805a65a05dcb237c6f70007011b9,earn,Admin Adjustment (+),5,False,,,,2026-01-21 09:40:12,,Manual point grant,admin
2e660a69ae5c49ad8f91ada01eb85d374a39bb8586bf3e26f82b297f22b8d8ed,ac735306a8aa503c7380285f162117b2991cfb026895d51c483d4ce6be2d39ba,earn,Admin Adjustment (+),20,False,,,,2026-01-21 12:22:26,,Manual point grant,admin
d76e6b998d27b51e21beea70a77c0f7d8b3726d31b07544b609c2a10d4e91ddf,cbe0cc2e3c71af739591c458f36d5c2a2bda23b5721a0dcaee07fe735823b2a6,earn,Admin Adjustment (+),20,False,,,,2026-01-21 15:51:57,,Manual point grant,admin
fab8ccff8c69a6881f7396af658cee23f2386a4c322472f4b56164a535da415f,51119a3455dc32a4bad89096840853f1f847e76e80d0b2744adb54305f3310a5,earn,Admin Adjustment (+),5,False,,,,2026-01-21 23:34:50,2026-07-20 23:34:50,Manual point grant,admin
cbbca717e131337acd4946574949ecfc7149ba09ab806893eb8513020c1f82e7,6dac106c43be786560dae9ffa4fec30a00275f8c3649e643a67745a6f526de90,earn,Admin Adjustment (+),10,False,,,,2026-01-22 14:11:20,,Manual point grant,admin
fc46f945ccc43f7f84d8310832360acc2e2f659d4f382ed5c39df731efc8eac2,a5371be890f7605dad814a294a1aa6c890f61a4356f08d30ec0ab9ccf20da0f0,earn,Admin Adjustment (+),10,False,,,,2026-01-22 14:43:47,,Manual point grant,admin
8c64f6f5ee3c2cf90cde916de22ac41309e2f71ec0e5e4c121bcc5e43d83c285,050f2b8c6f0d503728dd5adf1a68e2a72d4b74b90e8d5d854c53df0eb44408e8,earn,Admin Adjustment (+),40,False,,,,2026-01-23 07:57:10,,Manual point grant,admin
5e677b1bf764fb73ae3c2118e12b390cd0549a8b10c38fd589adaff7f585183f,51119a3455dc32a4bad89096840853f1f847e76e80d0b2744adb54305f3310a5,earn,Admin Adjustment (+),10,False,,,,2026-01-24 08:20:53,,Manual point grant,admin
c64a7481ca261a4ce99fb986a7984446e78776b2b7ebe093e23b25edc071b868,a5371be890f7605dad814a294a1aa6c890f61a4356f08d30ec0ab9ccf20da0f0,earn,Admin Adjustment (+),10,False,,,,2026-01-24 11:00:57,,Manual point grant,admin
750ebc89a35405f9bc64d74b1b7a315875aa298b8e3a97f1406d2b053c2ed7b2,d79455d8c89ad399900fcc9eea1e23b91f83e9ec360b9247ea3bda261c466d7a,earn,Admin Adjustment (+),10,False,,,,2026-01-24 12:15:04,,Manual point grant,admin
456bdfee4657da6b29bb1a53367957f5591ea1b5659f8469bdcee32707f48822,d700ea1d09479e0c5c125481375ae85f31c8de99a0ad054f8005b5e6c0fac837,earn,Admin Adjustment (+),20,False,,,,2026-01-24 13:36:14,,Manual point grant,admin
794ebfebcf6d742246eca8a67f1f789a18cab58607bac6e82c7471c6993ebb85,6a4579783621b55ff9a27b1dcb5d8247ab21e53fc5d407a9765944089e86255a,earn,Welcome Bonus,10,False,,,,2026-01-25 00:35:00,2026-07-24 00:35:00,Welcome to Raw Smith Circle!,customer
63228dd6b0481957e144c5ca4463dc41cecdbd39764870638e121836f984a203,5f44c132f8640bfe6c97267e5bb2b6e0b7243a8c7eb05a3b61f4feefa92103a9,earn,Admin Adjustment (+),20,False,,,,2026-01-25 08:30:42,,Manual point grant,admin
543ca72c58773adf28f7700914fa711331f07aca41ad90b6a445976660d84dc1,b3eb552de0a0f67f0a71865949650c93e78c8e5a147159e68ea59876a4d0f51b,earn,Admin Adjustment (+),5,False,,,,2026-01-25 12:57:01,,Manual point grant,admin
f5f5003aa41920a6945f8522bc859f7ac2332cdfadb1dd062234f62eb6f9258a,51119a3455dc32a4bad89096840853f1f847e76e80d0b2744adb54305f3310a5,earn,Admin Adjustment (+),20,False,,,,2026-01-26 18:51:44,,Manual point grant,admin
bdb1595a3e920d3a3aaa8c90fec982074c0cd9f2e99ebed4aa744c418f474a52,bf4b607c8335801c9337eeb434891608aa61266b18764b77dd87a6c4771325ad,earn,Admin Adjustment (+),40,False,,,,2026-01-27 10:47:16,,Manual point grant,admin
dfede887098398003f7fdd4eaa1aa5ab27946abd0f53ca32462442e182d27d9d,572e7bcdc164f282bc44cdcdd67fc5350bcdbc045623a217dcd546578bc6a1fe,earn,Admin Adjustment (+),10,False,,,,2026-01-29 08:44:55,,Manual point grant,admin
ca9365fdeb7e045000b48916b8ea3f3e897be99de6a380739be6b60a6ab70b9c,dd821bb8c29de15afe7e2e73810f8e9b72bb1852e57faa3746e8b00411a09f89,earn,Admin Adjustment (+),10,False,,,,2026-01-29 17:51:00,,Manual point grant,admin
4ba13d9bb0446d76a4d5e6a5d5e765be10a78564b424dcd6ef12b50de13f7607,2e8f0e76c882f5903f22ccf95aa653083fffbe09cb425883ad0cb59769e08f3a,earn,Admin Adjustment (+),10,False,,,,2026-01-30 12:26:52,,Manual point grant,admin
f62cd58d02b6939853a4d56f16b901ca9331a55a9d7ba9e83886bfd99750b84c,6721da032907a59aaed29f5d51f8533e84421989cc78a29cc0de7de9feed4b30,earn,Welcome Bonus,10,False,,,,2026-01-31 00:45:00,2026-07-30 00:45:00,Welcome to Raw Smith Circle!,customer
153b3d7d64abecc438ad5bb43d2f5bca16b01f1fed295216db779311248f563b,6a778f53e276b2e56dd531c6bca9a51c7cc4921ba36b011e76d67052f353b9d8,earn,Admin Adjustment (+),10,False,,,,2026-01-31 04:58:34,,Manual point grant,admin
11b9f90c6e4de6b1959fec2dd81ca9dfbc5eea0b775b64a8c41cf43031408b32,fb812e987eeb88cda1a9d54159fa441826c866053835948a5ba9682e1999413e,earn,Admin Adjustment (+),40,False,,,,2026-01-31 11:53:29,,Manual point grant,admin
d7b9161786d3c1c51d30244657b1a9b20497ccaa2d8206be41e259d63aecb9e0,dc6c6ed3352b9e3131a29fbc4a0de86324d4d853fd7f3075c7c85cb287a757af,earn,Admin Adjustment (+),20,False,,,,2026-01-31 15:30:27,,Manual point grant,admin
4aed28b5cb46b569402a39d931a147650f5cb00a6cea11d47fb7d91818da0af1,f0d16cd473be8fb9ea54491cdffea34070e84b4f082f8112ace8ffaf4497db30,earn,Admin Adjustment (+),10,False,,,,2026-01-31 18:52:23,,Manual point grant,admin
bc783e74c48bd9219b156bf2dacf1c21c44137b7f5859ae8557bb708713a1c74,7d05a042bca1664d46ffb3e0cc7e61805072a66609f037e5716bd9acef69babd,earn,Admin Adjustment (+),20,False,,,,2026-02-01 05:07:26,,Manual point grant,admin
14878a753d18bb9ad315a883abd83a69313d4346a40994851d2e8830d018e0cb,f01b52ebb7c94bef7ebcd01c064f3196c99fceda251c71f3fdb357f4225f22f1,earn,Admin Adjustment (+),75,False,,,,2026-02-01 06:42:17,,Manual point grant,admin
379b578feb3fb60ff188e4de239d5d895bffb3e2e7f344b7899c607459e545c4,f5b20136157c0cff8c5ea61346789079efb90608cc2ec788e421a96b8c3ce866,earn,Admin Adjustment (+),25,False,,,,2026-02-01 12:16:04,,Manual point grant,admin
311f3b122f1c137d65dcdf5b8b80d04732de0efbe042dbc20df9d90e18f5abf2,f8bf4184ac4772f1e5b1619f281e19c104eb941ea082c23e1a12a4356e87a6bf,earn,Admin Adjustment (+),10,False,,,,2026-02-01 13:40:24,2026-07-31 13:40:24,Manual point grant,admin
40a87076c009300e0f070c732157a0aefc46ea2c148a4b4274c702ebb1367ec9,0d3408992aa5cde329676d42510ce925946ad6241a2ea928fb54547f83f443c7,earn,Admin Adjustment (+),15,False,,,,2026-02-01 18:49:17,2026-07-31 18:49:17,Manual point grant,admin
d0560e1ebf3d3955753048e74bb7571d60cf2ff0c2564d5aaa9e80d70923559e,b25ed1750aae5ef9500d96b7397194edd2a695e75a3cc7ee271f2117a10ed547,earn,Admin Adjustment (+),5,False,,,,2026-02-02 08:31:18,,Manual point grant,admin
2f2220062121d277872d727cbf1dc165be5f3047027671536fb3fe1643a63002,eacacd00ff11f46719d582facbc7cbe4875e41b9ddd4b81a1838ac3b859ab353,earn,Admin Adjustment (+),10,False,,,,2026-02-02 11:19:46,,Manual point grant,admin
49f9c91b6be6878d4572759617014c293fb14ab37e37f68ed667619120f1f600,b88d8f57cbf74f97c48bf8e3a7ba52cab430ded920a6bed56278cd278f6b9c69,earn,Admin Adjustment (+),10,False,,,,2026-02-02 15:35:33,,Manual point grant,admin
6eb87232cab146987b11290c5b9658ea77b5cad2a770ba22bf89157a7309cefb,2291349a28cfeb08cfc82c4b6dadf009426b7440f1c9fd833e824cf7955f7bcf,earn,Admin Adjustment (+),10,False,,,,2026-02-02 15:36:24,2026-08-01 15:36:24,Manual point grant,admin
fa06c1d17b303b37a729a7617a71be3361e5b8d32da9f55e045d52c821106478,b3eb552de0a0f67f0a71865949650c93e78c8e5a147159e68ea59876a4d0f51b,earn,Admin Adjustment (+),15,False,,,,2026-02-02 15:37:12,,Manual point grant,admin
3b3bf552bc480b381709a32e7c477f12c675dab7c251e43191f59b085fa65c42,25df2f1d5b8b23ef368fb24cab9daf584d896ed46a2301a8562844be9a7aecc2,earn,Admin Adjustment (+),40,False,,,,2026-02-02 15:49:12,,Manual point grant,admin
4811a844589324b8753d58bda80924bddbf264b54fef8b5686ac26746c38abc9,a7289bd8b1618463665127e90d6a93a0833404d4ff535505af69a36320ab4d66,earn,Admin Adjustment (+),60,False,,,,2026-02-02 18:09:03,,Manual point grant,admin
823920205b35eb24d745e223930106b02ff3d6b98697e6871cbedce96c3c078a,d0d2247cdf00c6beeb2f658e7d1141d9319f85a4e57acd15ecfa6aa0f1d14b31,earn,Admin Adjustment (+),20,False,,,,2026-02-03 01:08:55,,Manual point grant,admin
38971b4f6ee86533343e274bdc4ab09a96ee0bd18d63d609c4968fb0c6b1fb5b,7161db4f68d71ca261982b752ef99ffd76824da1be1d41e264037e79e551a93c,earn,Admin Adjustment (+),10,False,,,,2026-02-03 07:03:03,,Manual point grant,admin
7ab19964d92a9bd853b21744b468ac80d3c192e876be6bdd2b9bcdcf7588e794,3b57545e04f252b6574ff70a85305f629244a20f77211f89c920854cd92ad3b2,earn,Admin Adjustment (+),25,False,,,,2026-02-03 07:03:35,2026-08-02 07:03:35,Manual point grant,admin
842b400b4e87355416843a3e583ab21a8a1d28e8fb2430761fe6ade5dc84ad20,0c32258e3c936c2eaf222d8868d1d9ec998081e7dfa117e9876902dfed47d3d3,earn,Admin Adjustment (+),5,False,,,,2026-02-03 09:18:50,,Manual point grant,admin
d39588a43d2846454752f9fa7c00afeee9cec6dc8278cd314c25ae6c01734bbd,050f2b8c6f0d503728dd5adf1a68e2a72d4b74b90e8d5d854c53df0eb44408e8,earn,Admin Adjustment (+),200,False,,,,2026-02-03 11:53:46,,Manual point grant,admin
4ff1079be42bf4fdab819ce21b144bf16335339fc3d4cddb053c78c60da0b28b,7d05a042bca1664d46ffb3e0cc7e61805072a66609f037e5716bd9acef69babd,earn,Admin Adjustment (+),25,False,,,,2026-02-03 12:07:19,,Manual point grant,admin
f6f1874d46866cea74954d1ed3475ed45d86da87ad14b1a230ee74d6ae2f936f,dc32e655c2abd3b8221175d18034d3be52f2142319021c4950ee84d4de1ae8eb,earn,Admin Adjustment (+),5,False,,,,2026-02-03 17:04:12,2026-08-02 17:04:12,Manual point grant,admin
6685e2b5ef5f071b6521b0d677b19e79ca6355e6d062cebfecbf67679be22ff3,d2358ef73786472dd117291391a151f5a4db970e99b1f3cd23874d25f912037c,earn,Admin Adjustment (+),10,False,,,,2026-02-04 10:47:27,,Manual point grant,admin
2bc0e377676f41f4d4a06b0d00fa96cd9e4d5340120cbadecf1aacfab1cf8fa7,e702380378174949186afa51af1c6110f2ff0a27d8b84fa830047d7481284181,earn,Admin Adjustment (+),10,False,,,,2026-02-04 12:36:47,2026-08-03 12:36:47,Manual point grant,admin
934d16b8c252a1f6ad5ea854199ecd039e9336d8e8bcd8d5f6a6cca8ef2b87e0,05dd121f492dde883117a525c1df359dd94346399e1e5dc7b69ef0dcb8e00a16,earn,Admin Adjustment (+),20,False,,,,2026-02-04 13:40:33,,Manual point grant,admin
85ce427d19c7eb9a4d7cd858223dc703b94488a75b84297f310ac716aa8067bb,d300865f64e1c69f6165fbebcfdd3e8f919c34f6db2d412ac381dec1589a843a,earn,Admin Adjustment (+),20,False,,,,2026-02-04 14:15:23,,Manual point grant,admin
803bde1cd429d7580737cef09dfc79b0177f1f6f965faeae4a4a72e47d74eec4,579da5019dd74d0aaef5b375021936697054dc4c4698d8b5969f3c53ac3cc368,earn,Admin Adjustment (+),10,False,,,,2026-02-04 14:28:15,,Manual point grant,admin
89f721ff27e2dcab2d64b2de0f61110f182b7fff983b91f237ff9c443e74c5f2,7d05a042bca1664d46ffb3e0cc7e61805072a66609f037e5716bd9acef69babd,earn,Admin Adjustment (+),10,False,,,,2026-02-05 10:50:13,,Manual point grant,admin
2374f875709fa81ebc1f96bb24e9ed500332427ba8a83650eb75084ff8d77cb7,dd772f66d8b80d454d7f9876c419d88afce0403af3ae67742bf4227f723a55eb,earn,Admin Adjustment (+),5,False,,,,2026-02-05 15:30:22,2026-08-04 15:30:22,Manual point grant,admin
6717bb489186808b56328817e5987e7780b17e1f25e75215ebfbb1d970ede1b3,a5371be890f7605dad814a294a1aa6c890f61a4356f08d30ec0ab9ccf20da0f0,earn,Admin Adjustment (+),10,False,,,,2026-02-06 00:59:58,,Manual point grant,admin
c82243d6de3b65d2d6165b44c970dc7a5c90d923cd0197ab95101cedb07f20bd,7161db4f68d71ca261982b752ef99ffd76824da1be1d41e264037e79e551a93c,earn,Admin Adjustment (+),10,False,,,,2026-02-06 06:02:19,,Manual point grant,admin
992ac8ec14565caffe052b87c13f39ba4c79e2d9fcce57eeeb2cc801aa57046e,cffe157722e96ff5b189a894d08326c3ace0f2d79c90daa012e141b17fb264f2,earn,Admin Adjustment (+),5,False,,,,2026-02-06 10:51:02,2026-08-05 10:51:02,Manual point grant,admin
8dda73ff033bd10cbee16fdc6ee69f17d1634ffab2b4879f5f485651aa029c08,022ed022d58340abfb9e11fe980e1c419717bd640236544827edbb73995f6c7c,earn,Admin Adjustment (+),10,False,,,,2026-02-06 11:24:02,,Manual point grant,admin
9beba2ad9949e2f06d6857dbae39f91ee7b308506a23fe9cca228dcbe3bcacb7,ff22ad5a83e32595594b8d9221d109d7f9bec6519d772860d8222301e54ddf94,earn,Admin Adjustment (+),10,False,,,,2026-02-06 12:30:54,,Manual point grant,admin
017078ac0827d5968ec442bc6c58ddfb216e49f503a3f982bc13533e6e2f224b,308c7ac0094cc2b1137bc1aa0a796f5e144026ab28fef033092f468dbed0479a,earn,Admin Adjustment (+),10,False,,,,2026-02-06 13:19:37,,Manual point grant,admin
f9644da4c47313664b720d29c79abf1d9c3c57a6e82bb83539349718fa59462f,e3914c679e96f5cef589fd98b1e1c254b760909e351f0ff3d90787effc0da8cf,earn,Admin Adjustment (+),10,False,,,,2026-02-06 13:35:26,,Manual point grant,admin
29951c7bd38da34d381434576f7d424308fc54a38402dc93ddb8f157b04dc483,fb812e987eeb88cda1a9d54159fa441826c866053835948a5ba9682e1999413e,earn,Admin Adjustment (+),20,False,,,,2026-02-06 13:35:54,,Manual point grant,admin
4bb58ccc47be9fa08bc3f40275fa9e638f81bc92bc9950f4d50c79480edf16cd,579da5019dd74d0aaef5b375021936697054dc4c4698d8b5969f3c53ac3cc368,earn,Admin Adjustment (+),15,False,,,,2026-02-07 08:10:23,,Manual point grant,admin
073ee0b86b267853f5e501b3ce04d74fee782b64aa0f5a4a5eb7b052bc5ce746,050f2b8c6f0d503728dd5adf1a68e2a72d4b74b90e8d5d854c53df0eb44408e8,earn,Admin Adjustment (+),10,False,,,,2026-02-07 10:53:53,,Manual point grant,admin
dffc514fdf0dda9d08c2355dea1a2469073488e0ab736d3ff4f869c9c5889efd,9f21a94829ef027ac0a2034b95d633140f069bf83dd7b64316283343eecd0d88,earn,Admin Adjustment (+),25,False,,,,2026-02-07 12:25:36,2026-08-06 12:25:36,Manual point grant,admin
3d9844200f287080ec68164c68e4152af9060635d26e39e2dded7de1122d9451,00facca840129191d923ccec896fb5384a007e008cb3b14c573fac8b7374c92b,earn,Admin Adjustment (+),10,False,,,,2026-02-07 13:53:22,2026-08-06 13:53:22,Manual point grant,admin
8c5f0b3b488b003c06581e37f5885772bb7561676ba49061785088749a7660cb,c16d69c03bf20932e60535de01303a169e4464bb000a79431ceb098d1522524f,earn,Admin Adjustment (+),10,False,,,,2026-02-07 14:49:13,,Manual point grant,admin
de3aaec9daef92f29df023741c8b4c9baaa68b3e3738235cfce4bde1f891bf0c,2291349a28cfeb08cfc82c4b6dadf009426b7440f1c9fd833e824cf7955f7bcf,earn,Admin Adjustment (+),20,False,,,,2026-02-08 08:48:33,,Manual point grant,admin
6e8f5a50f8c8a8a188dba62e379a4dccff35b20942325c5f1bd1b2ca1f62bb0d,00facca840129191d923ccec896fb5384a007e008cb3b14c573fac8b7374c92b,earn,Admin Adjustment (+),15,False,,,,2026-02-08 11:08:06,2026-08-07 11:08:06,Manual point grant,admin
d149b934f74c97aec9dd5725faf545f9c1b908e9ac7ed744db7eddc0d32c517e,579da5019dd74d0aaef5b375021936697054dc4c4698d8b5969f3c53ac3cc368,earn,Admin Adjustment (+),5,False,,,,2026-02-08 12:45:00,,Manual point grant,admin
a3b34b42e3d8d96a33b2cc9ff436f426c788f7e8ce53da11e022a5ab6eec4ac1,7c144b48c34b5be9b0353ecf7d80d6c511438672ffb9c2eda096f89cc2d315ca,earn,Admin Adjustment (+),10,False,,,,2026-02-08 12:49:52,,Manual point grant,admin
f2bfa1b0f31f526caea607dc9c64957d63bc97f14b14529042661ddfb17728da,eacacd00ff11f46719d582facbc7cbe4875e41b9ddd4b81a1838ac3b859ab353,earn,Admin Adjustment (+),5,False,,,,2026-02-08 16:49:17,,Manual point grant,admin
c7f0af1e970b2a1b66c2ef7095e08443029fe6027e42afe5eee7fbf52b43ac53,2e8f0e76c882f5903f22ccf95aa653083fffbe09cb425883ad0cb59769e08f3a,earn,Admin Adjustment (+),5,False,,,,2026-02-08 18:17:39,,Manual point grant,admin
91c35d51f0c84f4f2d22ab9c1459c0d0c75ee1d83f88fac21aafbb5c6e5dd4b5,7d05a042bca1664d46ffb3e0cc7e61805072a66609f037e5716bd9acef69babd,earn,Admin Adjustment (+),10,False,,,,2026-02-08 21:32:45,2026-08-07 21:32:45,Manual point grant,admin
b82b8f693c0af38323d72cc6f16fbf5540d4616a248a60fe43b592d607a7c88f,cf673c3606a87b545a21752650d3688ce2bdf6193f2c23c12349e0aa23c95a04,earn,Admin Adjustment (+),10,False,,,,2026-02-09 09:31:59,,Manual point grant,admin
94ccfafdfa9b96dc8585aa1b4551aae34c71174c8d7f9eb493288dbd7b8ae230,579da5019dd74d0aaef5b375021936697054dc4c4698d8b5969f3c53ac3cc368,earn,Admin Adjustment (+),25,False,,,,2026-02-09 17:27:36,,Manual point grant,admin
350161a89c217b19b43c7e7a2327417a231fbd5d45180bb66c2ead5b05750da8,51119a3455dc32a4bad89096840853f1f847e76e80d0b2744adb54305f3310a5,earn,Admin Adjustment (+),15,False,,,,2026-02-10 10:26:25,,Manual point grant,admin
a010f271f297065ebba1b423c216e4358511f8f53c5bd75f88cb710d6af7a9bf,de9e8dc68138654cadf078b09d7e41c1636e36acb67588623256eb403dc550b3,earn,Admin Adjustment (+),10,False,,,,2026-02-10 11:06:42,,Manual point grant,admin
5baa7ee292de69153d87034ae5cb63604f20a693bb86e9a1a49f74d656a438fd,7702f6059a627113cde3f3ceae8b7655a5a2d2d03b3495de3f637e55532c1a10,earn,Admin Adjustment (+),5,False,,,,2026-02-10 11:43:34,,Manual point grant,admin
6d9957bffc6e7e93c2fa87cf83858b64b04c709e96948d6bc94614c667f95e5a,a7ba72bd68a4caa4afda5f062409afde37657f402fed81d6466b62612a2f068d,earn,Admin Adjustment (+),25,False,,,,2026-02-10 12:19:27,,Manual point grant,admin
6410f4c1f23a539016d4116bdd8f1b0a199fc1a06f03b977c3d41732734ab32e,a4fbc9f143f6ee8eb80376a4effb15d38007085da39db72ce12ab61755d05dde,earn,Admin Adjustment (+),10,False,,,,2026-02-10 14:09:36,,Manual point grant,admin
5467b8777140ec4fc9fe2ab8284d8569692e48f51e2548374c65527925f90f2a,d0d2247cdf00c6beeb2f658e7d1141d9319f85a4e57acd15ecfa6aa0f1d14b31,earn,Admin Adjustment (+),50,False,,,,2026-02-10 16:06:29,,Manual point grant,admin
0022f16e96ff2f0b5fa249a9aaa99587186e1383f7b6223d33e1ac31b3ebfcb8,308c7ac0094cc2b1137bc1aa0a796f5e144026ab28fef033092f468dbed0479a,earn,Welcome Bonus,10,False,,,,2026-02-11 00:42:00,2026-08-10 00:42:00,Welcome to Raw Smith Circle!,customer
bb3a319d310094a0cc5619daa2bc9056aec779e9e9c0dbd8c97f6d4a163e032a,36541d3088d1da623542db32f95508753393c9eedddf79e697d99f973c7a6869,earn,Admin Adjustment (+),10,False,,,,2026-02-11 06:17:09,,Manual point grant,admin
c1540ccf5efa1d8076bfbde65d29c026948e463f9b975b397d9a0ae3e6fbb85f,b25ed1750aae5ef9500d96b7397194edd2a695e75a3cc7ee271f2117a10ed547,earn,Admin Adjustment (+),25,False,,,,2026-02-11 10:36:39,,Manual point grant,admin
3c429d3a9bf3748cecab4279b9bbe213052deae7a4c95d7c7ffaf0c13a7d29a7,642bad0b05be35764601abff87218350023d8b72a07b7c1ba32e3b4abd1e9474,earn,Admin Adjustment (+),25,False,,,,2026-02-11 11:42:41,,Manual point grant,admin
c861aa1e618f40ba08bfe12fe9763d20098f6bc94a503a6f82d55c2fe74a9288,cbe0cc2e3c71af739591c458f36d5c2a2bda23b5721a0dcaee07fe735823b2a6,earn,Admin Adjustment (+),20,False,,,,2026-02-11 11:47:43,,Manual point grant,admin
ea03e306bd7a7322339b178235b4c4003ba9fb1559e9bb53dcca0208a5f4dba8,00facca840129191d923ccec896fb5384a007e008cb3b14c573fac8b7374c92b,earn,Admin Adjustment (+),20,False,,,,2026-02-11 11:56:21,,Manual point grant,admin
26b97f7612b1f0e38438d525189da8f2a617e4e5e2e7abd01a504702868fc9e6,cbe0cc2e3c71af739591c458f36d5c2a2bda23b5721a0dcaee07fe735823b2a6,earn,Admin Adjustment (+),15,False,,,,2026-02-11 15:03:32,,Manual point grant,admin
a9326424e4a6dc3da77f7647d40644eae34e189303a820272544efde07e72acf,8cf1b970c0ee0e57cb5cd48ed5658dd84380d6d76272d8ba4d5ac1e954741d71,earn,Admin Adjustment (+),10,False,,,,2026-02-11 16:07:54,,Manual point grant,admin
2c922c618b96e57ff9cbd48a86c164dfea4abb54416125898ec7a79b4ffb6efa,00facca840129191d923ccec896fb5384a007e008cb3b14c573fac8b7374c92b,earn,Admin Adjustment (+),10,False,,,,2026-02-11 17:36:21,,Manual point grant,admin
7535ce57c9145ed88775fc5ea7219a5e11a64d27e01a603dd75dd668a5188dc3,ca2e6dcd996ce770aa74ad3bd0272d9d3994fb6b7c5946a3f612592cba3777cc,earn,Admin Adjustment (+),20,False,,,,2026-02-11 18:58:51,2026-08-10 18:58:51,Manual point grant,admin
c3023da1a9cbba725d3965d403bead1149b3b72ea113d373c3dc9baa02876a42,18faf257ba6922a03804d8b32bc48b9e8d8dc3529f3c98c32e8461e6ea1333f9,earn,Admin Adjustment (+),40,False,,,,2026-02-12 04:56:13,,Manual point grant,admin
19c4a1044d1ddb4a7db35eda2e1e768e5dde3cede8906dd16014900dbd592fd4,ca2e6dcd996ce770aa74ad3bd0272d9d3994fb6b7c5946a3f612592cba3777cc,earn,Admin Adjustment (+),10,False,,,,2026-02-12 21:12:31,,Manual point grant,admin
2e189dcd9c0de88e9fb996c1e986a7d256538bc41a4eb9551c2f55be2e2c16cc,717023e64628bfa50667d42670d426b7b1475cee28e5bff20c7a9b5b0dfd126d,earn,Welcome Bonus,10,False,,,,2026-02-13 00:13:00,2026-08-12 00:13:00,Welcome to Raw Smith Circle!,customer
d4ab8223f1baf6c998a902b252743325572c41c3c4820e30cd6eca53f613f916,36541d3088d1da623542db32f95508753393c9eedddf79e697d99f973c7a6869,earn,Welcome Bonus,10,False,,,,2026-02-13 00:46:00,2026-08-12 00:46:00,Welcome to Raw Smith Circle!,customer
38d3c7d2846a28c37e7e1747289979a4618e0a0db44761d60fb9bc8215d588b1,8cf1b970c0ee0e57cb5cd48ed5658dd84380d6d76272d8ba4d5ac1e954741d71,earn,Admin Adjustment (+),10,False,,,,2026-02-13 09:09:12,2026-08-12 09:09:12,Manual point grant,admin
048b3e3ffa91b4a1a01862c307ceb969639c4bbbf8114512b2e6afc83d13fbee,2291349a28cfeb08cfc82c4b6dadf009426b7440f1c9fd833e824cf7955f7bcf,earn,Admin Adjustment (+),5,False,,,,2026-02-13 09:50:50,,Manual point grant,admin
733a502f0408b66dc277d8a38309939cfe869a9757b6baeb178bbe4fb5ebe6e5,9b33e3d0c4ff628e166b7efb8fd55c09cba3e063f6495d33fbca3ad8ee2c6d1e,earn,Admin Adjustment (+),10,False,,,,2026-02-13 11:30:24,2026-08-12 11:30:24,Manual point grant,admin
e8eae994159a2cf79aaa6c8265a0b9db31559c191c016b5a612192df640bc393,050f2b8c6f0d503728dd5adf1a68e2a72d4b74b90e8d5d854c53df0eb44408e8,earn,Admin Adjustment (+),10,False,,,,2026-02-13 11:37:57,2026-08-12 11:37:57,Manual point grant,admin
d7844efed3e1e8e1ad0de511cf9069514bc6ab0dadc12910b96fe3137311d599,a7ba72bd68a4caa4afda5f062409afde37657f402fed81d6466b62612a2f068d,earn,Admin Adjustment (+),25,False,,,,2026-02-13 13:31:55,,Manual point grant,admin
bedc76a9f287a3d38119d4bf9a6e7971d4de6d8a644ca4bd2464f4792f792d3e,c16d69c03bf20932e60535de01303a169e4464bb000a79431ceb098d1522524f,earn,Admin Adjustment (+),15,False,,,,2026-02-13 14:49:44,,Manual point grant,admin
f3eadb4e4fe128e639629ffe9ec4ffb5243b574bec9ae6661f86d0b01b4bdb5a,51119a3455dc32a4bad89096840853f1f847e76e80d0b2744adb54305f3310a5,earn,Admin Adjustment (+),5,False,,,,2026-02-13 14:57:41,,Manual point grant,admin
23880de7c24038b07f09ba5fb5a4262ea4b1d36beda97ddb1c348d429fec356f,d2358ef73786472dd117291391a151f5a4db970e99b1f3cd23874d25f912037c,earn,Drink Purchase,5,True,filter,2.5,,2026-02-13 18:47:47,2026-08-12 18:47:47,Drink purchase points,customer
c8dc06a384ab28d82e3de7fe139c5a0174f32aa5f5644f11025c20bb62b765f9,308c7ac0094cc2b1137bc1aa0a796f5e144026ab28fef033092f468dbed0479a,earn,Admin Adjustment (+),75,False,,,,2026-02-15 11:31:49,,Manual point grant,admin
a92e756caf643cfae5fec2f8ec8dd9dee9fb5c6b083a7da969d7b813211e4063,40f1624a0c78a36a80451f1c5cd5483d62c3b60f486f1614d1bfbb9deb45ba37,earn,Admin Adjustment (+),5,False,,,,2026-02-15 11:53:45,,Manual point grant,admin
6c68aea92208cb15d58979804587dd4d4df083bfd34aac12f8f15eb494eaccba,cffe157722e96ff5b189a894d08326c3ace0f2d79c90daa012e141b17fb264f2,earn,Admin Adjustment (+),10,False,,,,2026-02-15 12:24:39,,Manual point grant,admin
44916777d9d5a552b431106203ced11142f69bf60026f7da3a3d1aca17d1fb3e,00facca840129191d923ccec896fb5384a007e008cb3b14c573fac8b7374c92b,earn,Admin Adjustment (+),30,False,,,,2026-02-15 13:09:55,,Manual point grant,admin
5be36b6bfd55c0e8be2d04a971d509e4ef061233c81c840efe50acbd42c94edd,7d05a042bca1664d46ffb3e0cc7e61805072a66609f037e5716bd9acef69babd,earn,Admin Adjustment (+),10,False,,,,2026-02-15 13:17:38,,Manual point grant,admin
8595ebfde1cb44799d2a1309471c2473c878a7a2c902221b243ac032b1395ee2,c16d69c03bf20932e60535de01303a169e4464bb000a79431ceb098d1522524f,earn,Admin Adjustment (+),10,False,,,,2026-02-15 14:55:42,,Manual point grant,admin
c8e7941d5c2b1ecf21c8793c132f58cae77742a7138228ab53162a566708f833,a7289bd8b1618463665127e90d6a93a0833404d4ff535505af69a36320ab4d66,earn,Admin Adjustment (+),10,False,,,,2026-02-15 20:23:52,2026-08-14 20:23:52,Manual point grant,admin
632031d84fa8387e1657a3a127719a97427659f80dbbb07f66b4d99f12fec3ab,fce25078c347b266cc2e7e7ef0da120edc4ef324fb5da918f43d4e419893270c,earn,Admin Adjustment (+),10,False,,,,2026-02-16 10:52:39,,Manual point grant,admin
61cd08adce4fc4677cea5ef2731891f4ab1b177def83855f819979ed9ec17d22,f5b20136157c0cff8c5ea61346789079efb90608cc2ec788e421a96b8c3ce866,earn,Admin Adjustment (+),10,False,,,,2026-02-16 12:34:21,,Manual point grant,admin
bb38c906a8a43b362edac4828b252b981e927a7269ca94932304e80bf007b848,f0d16cd473be8fb9ea54491cdffea34070e84b4f082f8112ace8ffaf4497db30,earn,Admin Adjustment (+),5,False,,,,2026-02-16 12:53:51,,Manual point grant,admin
da1340a652c179dd781de095e002582343dc8e5d801fe89b2edc8f66d3fd2a0e,7161db4f68d71ca261982b752ef99ffd76824da1be1d41e264037e79e551a93c,earn,Admin Adjustment (+),10,False,,,,2026-02-16 17:10:14,,Manual point grant,admin
df46fd33abf0e206c18d46daa035c7fa8a870760f6618aabe8e3fe9e1004aff8,7b5e61c777116995d83eb42349aabe84ed03b8215146d823d96578d2fe61b244,earn,Admin Adjustment (+),20,False,,,,2026-02-17 08:31:00,,Manual point grant,admin
d080c04ad5ebd3862d48ab51a5a2b7bba74c8ceeacaffda6047a26c566b79bdb,096b691e36b25b51cdc7ca7caa1d79e52af75cdf6ecca1617e5a5cba64abce7a,earn,Admin Adjustment (+),10,False,,,,2026-02-17 10:10:47,,Manual point grant,admin
8ff48979cfa823c5b16c5d78a0edb40e43044017226e3e3b4794f1b1dd3ada37,f4e24a75f2e8c69ab9a3c08bcc3a6fa0ed93ff4b986afede1010ca8dd46eec45,earn,Admin Adjustment (+),60,False,,,,2026-02-17 15:50:29,,Manual point grant,admin
8826def948c5190b0996544e48b3797722557e1bef48787b6cb797645d977237,2291349a28cfeb08cfc82c4b6dadf009426b7440f1c9fd833e824cf7955f7bcf,earn,Admin Adjustment (+),15,False,,,,2026-02-17 21:39:56,,Manual point grant,admin
870fbbf13c4e18f3b7ebab0a5d7c0015898a6dbd2d8b4f65d8a6f0a2a7cd9f3e,f01b52ebb7c94bef7ebcd01c064f3196c99fceda251c71f3fdb357f4225f22f1,earn,Admin Adjustment (+),25,False,,,,2026-02-18 09:49:18,,Manual point grant,admin
bb34eb1d9a52e7bd35940198eb4336dd8edd7f53fcd90883e247aba218972ee5,16228fddcff0f24423896b57abc14d55b7b3e5487eefd5983a569d60f8a2e20b,earn,Admin Adjustment (+),15,False,,,,2026-02-18 15:09:30,,Manual point grant,admin
cd0ed8cd92ed659f96fc4de31b97c1941e0b469ef77477080ad662be55b0466f,653fe1fc46ebbf17b5f3f8f8e3db7a01f33d401a21f9eebb57c3eb645aa20d7b,earn,Admin Adjustment (+),5,False,,,,2026-02-18 23:28:59,,Manual point grant,admin
9a660a9cc8721cc3ed411241ec7a5f9f3d8434ba4215dc54a9abd8a38d323d66,6dac106c43be786560dae9ffa4fec30a00275f8c3649e643a67745a6f526de90,earn,Admin Adjustment (+),10,False,,,,2026-02-19 11:16:40,,Manual point grant,admin
3df4aa8e34b6df639d11e1e77308e1d06e6f30fca7d60af1970faeffe205bd12,8f46906077cdc01e64701068a736a4f7317074feb7bce366347647f8d5f05ef8,earn,Admin Adjustment (+),20,False,,,,2026-02-19 11:40:40,,Manual point grant,admin
ed8ab8c9d8e10a39011766975840bee01e418185052a4e4648db6b4420179594,0c32258e3c936c2eaf222d8868d1d9ec998081e7dfa117e9876902dfed47d3d3,earn,Admin Adjustment (+),10,False,,,,2026-02-19 13:02:11,,Manual point grant,admin
0c5072568f1da6bd52d93ae3b97c6430faddcb12df9ff20208f2c963c59d8517,cbe0cc2e3c71af739591c458f36d5c2a2bda23b5721a0dcaee07fe735823b2a6,earn,Admin Adjustment (+),75,False,,,,2026-02-19 13:58:52,2026-08-18 13:58:52,Manual point grant,admin
2a44afb692be73484c1c57937e35dfb4604f0afa1b5676d7f0be3fd5f3f7b6f1,717023e64628bfa50667d42670d426b7b1475cee28e5bff20c7a9b5b0dfd126d,earn,Admin Adjustment (+),5,False,,,,2026-02-19 14:38:36,,Manual point grant,admin
b24836940cda6c168404bf2459fc8f3300690293ea2a0ad71a42c0c17cba06e5,b88d8f57cbf74f97c48bf8e3a7ba52cab430ded920a6bed56278cd278f6b9c69,earn,Admin Adjustment (+),10,False,,,,2026-02-20 03:47:42,,Manual point grant,admin
dc9c56e5a720cc158c0db39d9f7355c6461f2fda47725127c73c6f611959336e,579da5019dd74d0aaef5b375021936697054dc4c4698d8b5969f3c53ac3cc368,earn,Admin Adjustment (+),10,False,,,,2026-02-20 10:02:43,,Manual point grant,admin
d3e96ce846dae20967b1ca255435298be39ea7f5ca54bb76db795028d7d5c740,18faf257ba6922a03804d8b32bc48b9e8d8dc3529f3c98c32e8461e6ea1333f9,earn,Admin Adjustment (+),20,False,,,,2026-02-20 12:06:01,,Manual point grant,admin
2fcb4f4e92602295b361b4893bc85db504cce0d85b2bab08cdf268ffb9cee201,653fe1fc46ebbf17b5f3f8f8e3db7a01f33d401a21f9eebb57c3eb645aa20d7b,earn,Admin Adjustment (+),25,False,,,,2026-02-20 13:14:38,,Manual point grant,admin
253f508c84da569f9bf1041e5c56b9485e6c27d2c0cf8bee313603d244ea2302,579da5019dd74d0aaef5b375021936697054dc4c4698d8b5969f3c53ac3cc368,earn,Admin Adjustment (+),20,False,,,,2026-02-20 13:25:24,,Manual point grant,admin
19e7bb02312c13adf6f91a2fc64138592d282d74385b02c83d7c613bc99169ed,d747f3147243b1b63899c9a5b0d1853ae4cb9e03f2a86a62241d6363ec4bf033,earn,Admin Adjustment (+),15,False,,,,2026-02-20 13:56:32,,Manual point grant,admin
009ca00e658fb167a35d5dc56b4a6925b8b58492beb6f0431d99ed531da42aba,dc6c6ed3352b9e3131a29fbc4a0de86324d4d853fd7f3075c7c85cb287a757af,earn,Admin Adjustment (+),20,False,,,,2026-02-21 08:19:31,,Manual point grant,admin
ad2e40c47235aad81c269dc5f52353190a974c27f5721749ab36033d1e49dc59,308c7ac0094cc2b1137bc1aa0a796f5e144026ab28fef033092f468dbed0479a,earn,Admin Adjustment (+),5,False,,,,2026-02-21 08:36:03,,Manual point grant,admin
70deef5e93b8207172c6abfa4f8049e144253b75e5f4662489667b04f786a61e,a7289bd8b1618463665127e90d6a93a0833404d4ff535505af69a36320ab4d66,earn,Admin Adjustment (+),10,False,,,,2026-02-22 09:41:26,,Manual point grant,admin
86e2efdd3d38bc42dfa02a195ec64d2f9f2248aab2d4ad487f8537c6793f958a,18faf257ba6922a03804d8b32bc48b9e8d8dc3529f3c98c32e8461e6ea1333f9,earn,Admin Adjustment (+),5,False,,,,2026-02-22 13:29:24,,Manual point grant,admin
0b842631d0a8920fa5603ad269324e7f042cb31f3059cf8b9ab043fb4a872696,dd821bb8c29de15afe7e2e73810f8e9b72bb1852e57faa3746e8b00411a09f89,earn,Admin Adjustment (+),5,False,,,,2026-02-22 14:10:24,,Manual point grant,admin
315a1bb39abe4ca52dee6aa0af95c56c9f672412c6d80f714aef85abe0217418,f0d16cd473be8fb9ea54491cdffea34070e84b4f082f8112ace8ffaf4497db30,earn,Admin Adjustment (+),5,False,,,,2026-02-22 16:55:08,,Manual point grant,admin
0cae274c4c73bab5fd169b874366d8f95e2df5066571399026fad5fbb15477cc,de9e8dc68138654cadf078b09d7e41c1636e36acb67588623256eb403dc550b3,earn,Admin Adjustment (+),10,False,,,,2026-02-22 17:00:07,,Manual point grant,admin
e5366a2978eb03e0e05febd3bfbd1ae940a7f2c2e4da1a83ba3d661efbf15223,08e79d8d15491b3daa13f49786087a0d2cbc82161b48a7a07d87b80ff819edd2,earn,Admin Adjustment (+),10,False,,,,2026-02-23 08:22:35,,Manual point grant,admin
ecef7796c36d6c913b5056fc9ab312ddbccb34a73e0bb8cc1ee3b08bd6ecc965,de9e8dc68138654cadf078b09d7e41c1636e36acb67588623256eb403dc550b3,earn,Admin Adjustment (+),5,False,,,,2026-02-23 08:53:57,,Manual point grant,admin
e1da45f0822641498c960ca2cd67f3e7fece795c64df4812336d7f6e6b20e5bc,7c144b48c34b5be9b0353ecf7d80d6c511438672ffb9c2eda096f89cc2d315ca,earn,Admin Adjustment (+),10,False,,,,2026-02-23 11:51:50,,Manual point grant,admin
ad8518685bf2ef55460a6e6dc20b4355e57d9e87c0b95947654f08ece80fae65,c16d69c03bf20932e60535de01303a169e4464bb000a79431ceb098d1522524f,earn,Admin Adjustment (+),10,False,,,,2026-02-23 12:05:40,,Manual point grant,admin
bb4ce86e4033bdd5668f39db9a68205631d8b2cd607f4a763591990fb73bb1ab,dc6c6ed3352b9e3131a29fbc4a0de86324d4d853fd7f3075c7c85cb287a757af,earn,Admin Adjustment (+),10,False,,,,2026-02-23 12:24:36,,Manual point grant,admin
6a2a0a99c14a288042ba5ac9125c09803db5892994bf05881a7fd5cf88dc99d0,2291349a28cfeb08cfc82c4b6dadf009426b7440f1c9fd833e824cf7955f7bcf,earn,Admin Adjustment (+),5,False,,,,2026-02-23 12:25:26,,Manual point grant,admin
d7fa3ddf4fe0107aa9840cd600a31486a308ce8b612ac4e1f5799ebe439b334b,7fa9eb2ec3e00b5dc8b54be4d43f2f2298fef33ec1652b514a90f8b56b71a24c,earn,Welcome Bonus,10,False,,,,2026-02-24 00:36:00,2026-08-23 00:36:00,Welcome to Raw Smith Circle!,customer
cfc2731b9b4df54d0186d91a1461019aeb8d970fc6fce03b7d2acce5927356a4,579da5019dd74d0aaef5b375021936697054dc4c4698d8b5969f3c53ac3cc368,earn,Admin Adjustment (+),10,False,,,,2026-02-24 06:16:59,,Manual point grant,admin
6a29fceb2aefd009895c2ff6cfe669ce427abe551a879d42c5f35bce88922900,308c7ac0094cc2b1137bc1aa0a796f5e144026ab28fef033092f468dbed0479a,earn,Admin Adjustment (+),5,False,,,,2026-02-24 07:01:54,,Manual point grant,admin
cc9c960def2e22c3815474d2ac6964497bdd1f00a698eb41700dbbddc46c629f,6a4579783621b55ff9a27b1dcb5d8247ab21e53fc5d407a9765944089e86255a,earn,Admin Adjustment (+),20,False,,,,2026-02-24 07:52:21,,Manual point grant,admin
a60d37124da8cba063440dc49999d6d6ae938236d91a2e73cc716e6662ee506c,88335f2b1fde41da84a59a25f840bd94d4cefcbf99349229e6ad88b821772bd2,earn,Admin Adjustment (+),10,False,,,,2026-02-24 13:34:33,,Manual point grant,admin
f16d514f915ec47799a3e1933ddabf83fa575c0e07f1c1920bed6615ec45dda6,f8bf4184ac4772f1e5b1619f281e19c104eb941ea082c23e1a12a4356e87a6bf,earn,Admin Adjustment (+),30,False,,,,2026-02-24 16:00:16,,Manual point grant,admin
6a4c8d50272680edfa94ea87754a6a2d7686d48119344316d45bbd2c14d2c6a8,de9e8dc68138654cadf078b09d7e41c1636e36acb67588623256eb403dc550b3,earn,Admin Adjustment (+),10,False,,,,2026-02-24 19:37:55,,Manual point grant,admin
7014f9abb6840fdb13f1d816f39111e623f142ddc4d8c2fc762ae743eaa83d8f,0c32258e3c936c2eaf222d8868d1d9ec998081e7dfa117e9876902dfed47d3d3,earn,Admin Adjustment (+),30,False,,,,2026-02-25 10:31:30,,Manual point grant,admin
c45b63ff5913112a09f167451d580c95c19f85abff3e494c66876607fb5db3e1,7d05a042bca1664d46ffb3e0cc7e61805072a66609f037e5716bd9acef69babd,earn,Admin Adjustment (+),10,False,,,,2026-02-25 10:33:12,,Manual point grant,admin
4f19774f58d4ea1162f1a75e062e10916033cdbdfb0efa9dd993ddd006912181,d8d4653fb0ad5f95a7cc63d642fbfc2bc98b15ba4697a85c9d53f893497da8ec,earn,Admin Adjustment (+),10,False,,,,2026-02-25 11:01:12,,Manual point grant,admin
ad9e2a4105ebe26a6912880d4d65a5cdf415d2a768a374bdbaee965ca81c9286,88335f2b1fde41da84a59a25f840bd94d4cefcbf99349229e6ad88b821772bd2,earn,Admin Adjustment (+),5,False,,,,2026-02-25 16:40:31,,Manual point grant,admin
42d44a38a58c183c65c6e1e096b11f52e0657fe7478b1adc49616161b93f9625,28ad6ca3fb0e2f5d50e7e1c1b3e1c6a4279f9c58c0aaeaa1b6f2a6a24d4c1c0a,earn,Admin Adjustment (+),15,False,,,,2026-02-25 16:52:09,,Manual point grant,admin
fad29d005df6ca7a2a9f405d60241195680902b7dfc8ad86d9b2f0ed811e5efd,40f24b2d0ca1cb8fd46e6d33f43dda4fdc0db00236d1aaf36c83118ad27f0700,earn,Admin Adjustment (+),10,False,,,,2026-02-25 19:33:20,,Manual point grant,admin
bb291a727f83c21cf57eeebd27270517abb4a02888581e72e77a8d9fb61bdfef,9f21a94829ef027ac0a2034b95d633140f069bf83dd7b64316283343eecd0d88,earn,Welcome Bonus,10,False,,,,2026-02-26 00:02:00,2026-08-25 00:02:00,Welcome to Raw Smith Circle!,customer
f782b520f228244a4380d8829de17b455305c271b6a61644670b5c59a929c9fc,717023e64628bfa50667d42670d426b7b1475cee28e5bff20c7a9b5b0dfd126d,earn,Admin Adjustment (+),15,False,,,,2026-02-26 10:29:25,,Manual point grant,admin
4e6c7278d93a5089305be85eda185916a83bbd3fd3d2cbb94c20a19e4716a6a7,653fe1fc46ebbf17b5f3f8f8e3db7a01f33d401a21f9eebb57c3eb645aa20d7b,earn,Admin Adjustment (+),75,False,,,,2026-02-26 13:39:03,,Manual point grant,admin
732412e3396d2d1cd29e4906f00012751fc9357e47a0c588c1800880ac60cc6e,f01b52ebb7c94bef7ebcd01c064f3196c99fceda251c71f3fdb357f4225f22f1,earn,Admin Adjustment (+),10,False,,,,2026-02-26 13:49:11,,Manual point grant,admin
1eaf0635378c097ad0bc2ebde43e4ca2810744a2524e00a2963fc82ea46302b3,be1aad7c39153d80b4dd75798707b71b580047835c21a489c0a0126ebfb55be9,earn,Drink Purchase,6,True,milk,2.75,,2026-02-26 13:54:27,2026-08-25 13:54:27,Drink purchase points,customer
5d05ac3711f45d52fb67011bb8c355b876c3c1bafd31d8850349d496c6de11d4,cbe0cc2e3c71af739591c458f36d5c2a2bda23b5721a0dcaee07fe735823b2a6,earn,Admin Adjustment (+),10,False,,,,2026-02-26 15:22:58,,Manual point grant,admin
c20aaed8f2d44633aae1b7776a7c4f65786450fb5beed2a1c9bd37887b6aef0c,7702f6059a627113cde3f3ceae8b7655a5a2d2d03b3495de3f637e55532c1a10,earn,Welcome Bonus,10,False,,,,2026-02-27 00:39:00,2026-08-26 00:39:00,Welcome to Raw Smith Circle!,customer
540876c760dfaa827e512e91e5aa7368b6a205e8244d223e3a71675a8b5fb2fc,a7289bd8b1618463665127e90d6a93a0833404d4ff535505af69a36320ab4d66,earn,Admin Adjustment (+),10,False,,,,2026-02-27 00:49:43,,Manual point grant,admin
a10cf3f2f1fa1e4cb0c564398e280a6a4072d790aa174b07c7c86d24b70fc9d1,b3eb552de0a0f67f0a71865949650c93e78c8e5a147159e68ea59876a4d0f51b,earn,Admin Adjustment (+),20,False,,,,2026-02-27 07:51:40,2026-08-26 07:51:40,Manual point grant,admin
5025c28052d617b622687c68a99d1ef7f6c0a1c1514e25be37727a9b5c553b25,40f24b2d0ca1cb8fd46e6d33f43dda4fdc0db00236d1aaf36c83118ad27f0700,earn,Admin Adjustment (+),25,False,,,,2026-02-27 14:22:53,,Manual point grant,admin
b5ba196cc177d7da6d2a849f41b8db2008de5410f7c7259313a45ceb357ea26c,653fe1fc46ebbf17b5f3f8f8e3db7a01f33d401a21f9eebb57c3eb645aa20d7b,earn,Admin Adjustment (+),5,False,,,,2026-02-27 14:29:08,,Manual point grant,admin
62a56527af4d88e8d25c562c4ad9d6254595c7a47f0477c21fe1abe3327db043,f9ff7c7e27af59b96c83183989918180009bd55e71cd170745412d047e1d4572,earn,Admin Adjustment (+),5,False,,,,2026-02-28 06:26:57,,Manual point grant,admin
918fe9a0a1b52d431e6610e16831a6171de671d464393c9515e80664ab5a4751,308c7ac0094cc2b1137bc1aa0a796f5e144026ab28fef033092f468dbed0479a,earn,Admin Adjustment (+),10,False,,,,2026-02-28 09:01:36,,Manual point grant,admin
6d13b081f50031202fa9e1410ac748dfc03eec75622e47a80f6bfe5166f19944,dc6c6ed3352b9e3131a29fbc4a0de86324d4d853fd7f3075c7c85cb287a757af,earn,Admin Adjustment (+),15,False,,,,2026-02-28 09:23:10,,Manual point grant,admin
af0b57786117488cf56db2b2fa2d6bf11720ca1066dcc41d979d45d96134ce07,99464bc01aa23b70b8852bce183f82600a9ba496baa75ec28f0f3cf506b6b565,earn,Admin Adjustment (+),20,False,,,,2026-02-28 12:21:29,,Manual point grant,admin
0bb7224786d976a411863693bacd308ac73cfba03e4bfb2b87e356a223874d18,16228fddcff0f24423896b57abc14d55b7b3e5487eefd5983a569d60f8a2e20b,earn,Admin Adjustment (+),10,False,,,,2026-03-01 06:48:00,,Manual point grant,admin
c88a7ef8618b758a3cc5712ca4e7f835122c24f26b20265bed86cf32a7bed2b7,51119a3455dc32a4bad89096840853f1f847e76e80d0b2744adb54305f3310a5,earn,Admin Adjustment (+),10,False,,,,2026-03-01 08:23:59,,Manual point grant,admin
673700f6bd211deab46c1c198a72708e6466690607d72507db396093c5f0e7d5,c234f4a55eb264722cb6de6e74e84f7fd0c43d832542ff18b54c256b5bd9366e,earn,Admin Adjustment (+),200,False,,,,2026-03-01 08:46:12,,Manual point grant,admin
eccf6f99f21866d8a0052e1d25b9959be87a985f79153940df8fe504251029f4,a7289bd8b1618463665127e90d6a93a0833404d4ff535505af69a36320ab4d66,earn,Admin Adjustment (+),20,False,,,,2026-03-01 21:06:59,,Manual point grant,admin
ec737d27c8deb97d3dcb6357ed7f63459466ff42b07acb6e569737fb96075d9f,0c32258e3c936c2eaf222d8868d1d9ec998081e7dfa117e9876902dfed47d3d3,earn,Admin Adjustment (+),10,False,,,,2026-03-02 07:33:50,2026-08-29 07:33:50,Manual point grant,admin
9d894be84a5a63a01eb4d395652ce5cd4dcd7395d4bbc3c6df2fca7e60024727,2d662ad03bcb6c818ea8cff3a82baf6d6208981b53b710e1eedf824b354f3251,earn,Admin Adjustment (+),10,False,,,,2026-03-02 12:28:29,,Manual point grant,admin
26c1ad5c845af677ef346b900b8840db84e5604752ef7fa9f0a7f9a39f250344,18faf257ba6922a03804d8b32bc48b9e8d8dc3529f3c98c32e8461e6ea1333f9,earn,Admin Adjustment (+),5,False,,,,2026-03-02 14:04:22,,Manual point grant,admin
c2c9500e2cc1b75f92e5c94a33692d451d5a3131b087c1414786a08bbf5531fa,99464bc01aa23b70b8852bce183f82600a9ba496baa75ec28f0f3cf506b6b565,earn,Admin Adjustment (+),10,False,,,,2026-03-02 19:28:03,,Manual point grant,admin
3cc0a72148f7b273a8755586d4991fd2d1a1ea713a2def4dd45b4e69033d6a00,eacacd00ff11f46719d582facbc7cbe4875e41b9ddd4b81a1838ac3b859ab353,earn,Admin Adjustment (+),30,False,,,,2026-03-03 13:34:39,,Manual point grant,admin
8ee0b6022b450c5b3cc7e63d208ee1c58aa6d7a1c0d5b3e80a9b5f305c812e80,d986d685e1d3a09594b16db3eebf2daef9add0f9ce2a271f39eca9a3970931d7,earn,Admin Adjustment (+),10,False,,,,2026-03-03 20:23:25,,Manual point grant,admin
a463ee77178789d7eaad7d28bffba432351daf6dc0606f9b36e1f7c73170cd9c,18faf257ba6922a03804d8b32bc48b9e8d8dc3529f3c98c32e8461e6ea1333f9,earn,Admin Adjustment (+),75,False,,,,2026-03-04 07:49:30,,Manual point grant,admin
28ae42530b9a3da9cfd7baa1dc828fd02b74abf102b217c17e4ebf90ccd06586,d0d2247cdf00c6beeb2f658e7d1141d9319f85a4e57acd15ecfa6aa0f1d14b31,earn,Admin Adjustment (+),10,False,,,,2026-03-04 08:01:48,,Manual point grant,admin
6118af57fb714abca6400ab7fdff51c0d621f0a7d25d4bcc5a72b30f983fce75,18faf257ba6922a03804d8b32bc48b9e8d8dc3529f3c98c32e8461e6ea1333f9,earn,Admin Adjustment (+),15,False,,,,2026-03-04 08:10:28,,Manual point grant,admin
af739b2b6332c31cbf843b9dc9c6b42af2b93858111e806eba129e755c3ae75c,56c2f8cce00fd45a61a60543335abb2cb666f70f6db54c3d3722d1b86c6379b2,earn,Admin Adjustment (+),5,False,,,,2026-03-04 08:48:50,,Manual point grant,admin
2bdc3576dbd345c3561171eab5919b2ded6f8e9d1344b62c507ca1faa96bec2d,d2358ef73786472dd117291391a151f5a4db970e99b1f3cd23874d25f912037c,earn,Admin Adjustment (+),10,False,,,,2026-03-04 08:59:08,,Manual point grant,admin
3c95f629869e60b6c8123a2ea350c47b05081875c2c5892c292a20ae7c184f90,2291349a28cfeb08cfc82c4b6dadf009426b7440f1c9fd833e824cf7955f7bcf,earn,Admin Adjustment (+),20,False,,,,2026-03-04 09:15:26,,Manual point grant,admin
f760f2d914ce02dcbbe19219ef762bb7189b4086dacbd6952ab845a1486355d6,3f6c972319dbbe576cad2270b2237c43289f21ea736d29e0b1f2050d97b129f5,earn,Admin Adjustment (+),25,False,,,,2026-03-04 09:22:24,,Manual point grant,admin
ac2206706bfe4692e2ec986c62a91bdc962fd2fdf561a72e32f853f9cfd64aa2,74d79fa48fb9c592ff3cc398610deb3c025465430736e1c628150ea027c3bdf0,earn,Admin Adjustment (+),10,False,,,,2026-03-04 10:50:06,,Manual point grant,admin
711e6730652b5b8c0226bd6772eae248b0a3b6939c1a7bba82229db94643692d,18faf257ba6922a03804d8b32bc48b9e8d8dc3529f3c98c32e8461e6ea1333f9,earn,Admin Adjustment (+),10,False,,,,2026-03-04 11:02:15,,Manual point grant,admin
91c08e11327f60a6e5d3554fa6813b5f4a497a2c718c7a446b8c5c59d024ee53,0ff90bc0bbcd2b800a55694239163c64632fef53a7f77980481e8563aec9c938,earn,Admin Adjustment (+),15,False,,,,2026-03-04 17:56:02,2026-08-31 17:56:02,Manual point grant,admin
d7b1b1fa44d003ae79d2138acf0e5311d651f25d49d5eb3b17181db68362030f,308c7ac0094cc2b1137bc1aa0a796f5e144026ab28fef033092f468dbed0479a,earn,Admin Adjustment (+),75,False,,,,2026-03-04 23:04:48,,Manual point grant,admin
4eb98e50f1dc3658b8aee4ba2c620986e4b1b876a60c74e3abf6399c127bbe58,28fdcf56c3efb71adde36a9b085827c2a86594042e2cbf7bd17867f7897e2e1f,earn,Welcome Bonus,10,False,,,,2026-03-05 00:33:00,2026-09-01 00:33:00,Welcome to Raw Smith Circle!,customer
f54d30c1a359b6a67c87bca6ca6425c2d59afa6ade71a4e2b83446bbc7f0700c,a7289bd8b1618463665127e90d6a93a0833404d4ff535505af69a36320ab4d66,earn,Admin Adjustment (+),10,False,,,,2026-03-05 09:01:37,,Manual point grant,admin
b3054fff74f300e7cd6750326697d4d8156be2c2fba3dc3d396b8991ce50c3e9,d700ea1d09479e0c5c125481375ae85f31c8de99a0ad054f8005b5e6c0fac837,earn,Admin Adjustment (+),20,False,,,,2026-03-05 10:39:06,,Manual point grant,admin
750f734209fa9ff4de1393ad40ddd470214cb895d55922dd700ccfbbe13e674f,7d05a042bca1664d46ffb3e0cc7e61805072a66609f037e5716bd9acef69babd,earn,Admin Adjustment (+),10,False,,,,2026-03-05 11:30:34,2026-09-01 11:30:34,Manual point grant,admin
15725eb7147af67e8aac03ba620d8cb3c6535fc6a112c6eaacef1a99da3c5c36,0c32258e3c936c2eaf222d8868d1d9ec998081e7dfa117e9876902dfed47d3d3,earn,Admin Adjustment (+),15,False,,,,2026-03-05 12:11:36,,Manual point grant,admin
b26916e237e12dc530b869c0c04fecb13a299d20fd4c2dc516a6dab7bb02d18b,050f2b8c6f0d503728dd5adf1a68e2a72d4b74b90e8d5d854c53df0eb44408e8,earn,Admin Adjustment (+),5,False,,,,2026-03-05 15:54:05,,Manual point grant,admin
85271403220291fee8ef5ef9eb897e867dc53dce126e9acc67d679322ec0b2e0,d93fbc85257c4367a197bfa2585ef581a41b8ac58589f0e5d49ddca1f29ae30d,earn,Admin Adjustment (+),20,False,,,,2026-03-06 12:22:33,,Manual point grant,admin
2c043e30a62f6c54a2317cd101314fe6e51f1660fb57c75c84feab4cbdf8f925,d986d685e1d3a09594b16db3eebf2daef9add0f9ce2a271f39eca9a3970931d7,earn,Admin Adjustment (+),10,False,,,,2026-03-06 16:57:32,2026-09-02 16:57:32,Manual point grant,admin
6f18b491636904de3e950eb23758c18e1735efcc3de212b7d5cd6eb2d8aa14cd,de9e8dc68138654cadf078b09d7e41c1636e36acb67588623256eb403dc550b3,earn,Admin Adjustment (+),25,False,,,,2026-03-06 18:40:45,,Manual point grant,admin
9140df7ed293867cea6b8188c54072a6c6704ad34b6b20ebe7a55c1aa04f7330,0c32258e3c936c2eaf222d8868d1d9ec998081e7dfa117e9876902dfed47d3d3,earn,Admin Adjustment (+),10,False,,,,2026-03-06 22:39:52,,Manual point grant,admin
0532776fe803f8aed0954157557db4ea4e9f256369effebc558c182fbcdb80e4,022ed022d58340abfb9e11fe980e1c419717bd640236544827edbb73995f6c7c,earn,Admin Adjustment (+),20,False,,,,2026-03-07 08:21:15,,Manual point grant,admin
1c0f9eb92ffb183373c2bf6464472e91c81c38c9c30c09b3726ba215eed88d62,fb812e987eeb88cda1a9d54159fa441826c866053835948a5ba9682e1999413e,earn,Admin Adjustment (+),40,False,,,,2026-03-07 11:52:00,,Manual point grant,admin
aa6d664b6a671c0b07f5cb69d6e6609d650e57348a6b754cd294ac912e8a5786,9f21a94829ef027ac0a2034b95d633140f069bf83dd7b64316283343eecd0d88,earn,Admin Adjustment (+),10,False,,,,2026-03-07 12:32:07,,Manual point grant,admin
dc305c12f3028e5161ecee56c79085c0764cc6dd8283c6d68074e531b1ec361c,c16d69c03bf20932e60535de01303a169e4464bb000a79431ceb098d1522524f,earn,Admin Adjustment (+),10,False,,,,2026-03-07 15:02:22,,Manual point grant,admin
8b47032bfa8930bcab24f234df80c8e7d9e10ce6654bae02f3893fc4b3e769a2,2cb88112fa7ad53e58327912695ffccac99701b4b668913b7cc20291fea7490b,earn,Admin Adjustment (+),20,False,,,,2026-03-08 02:00:09,,Manual point grant,admin
aa27be80afbdf035b0115f006dd33552fa59224c77060385cf62e5607c5aec6f,51119a3455dc32a4bad89096840853f1f847e76e80d0b2744adb54305f3310a5,earn,Admin Adjustment (+),15,False,,,,2026-03-08 06:23:14,2026-09-04 06:23:14,Manual point grant,admin
446e90f34140e0864586a261cb643155a255c25429fb91c0125b76fa64823a51,be287fb17832e81f0f23dbd9b2504d14d2d56668ff67fb29792c72ff254e49b8,earn,Admin Adjustment (+),10,False,,,,2026-03-08 08:05:43,,Manual point grant,admin
dd00b511acb70d5fa27520e9ef746f2d9d69eec14413aa0be9f5c3afa2bb74e5,579da5019dd74d0aaef5b375021936697054dc4c4698d8b5969f3c53ac3cc368,earn,Admin Adjustment (+),5,False,,,,2026-03-08 12:04:06,,Manual point grant,admin
0cbd92486f72d18dca71b7ba45ffddcdc057fbb6169148c80df294acc746bfe2,2291349a28cfeb08cfc82c4b6dadf009426b7440f1c9fd833e824cf7955f7bcf,earn,Admin Adjustment (+),10,False,,,,2026-03-08 14:14:51,,Manual point grant,admin
3899c8c0ffd5c79413c1832f4e908ddda2f984a749701ff4318e2d1bf7d28f62,7ec6fb1835b771b8b73e8514527baa91b0fa1d870c1339c011f74930e9a5d037,earn,Admin Adjustment (+),10,False,,,,2026-03-09 11:19:29,,Manual point grant,admin
20fd97cfa2747c7186c8511e31b2fe4dd90680cb1f27824246e29ff2c69a561b,642bad0b05be35764601abff87218350023d8b72a07b7c1ba32e3b4abd1e9474,earn,Admin Adjustment (+),5,False,,,,2026-03-09 11:34:36,,Manual point grant,admin
7b7c2552f1f935aba498bf721778c700a8677dfc14d4724180f73731798dc245,7c3ed7730f0ca83a853404ec99d01be8ce4f75980f76d47d2b76d6bc1b87549e,earn,Admin Adjustment (+),5,False,,,,2026-03-09 16:11:01,,Manual point grant,admin
433e6624e11effc68d8d4f11d0385ebdffb7ec52d0f413649a6aca1fbe759a94,ac735306a8aa503c7380285f162117b2991cfb026895d51c483d4ce6be2d39ba,earn,Admin Adjustment (+),5,False,,,,2026-03-10 08:08:05,,Manual point grant,admin
ba767034943fdef73a9d0e19911eaad704cc6b7afbf27ff052161c861ca485f5,ac735306a8aa503c7380285f162117b2991cfb026895d51c483d4ce6be2d39ba,earn,Admin Adjustment (+),25,False,,,,2026-03-10 10:01:36,,Manual point grant,admin
b24f10cf09aa52e62a212a4ff0cfd59f67bfba844a8324bca820916b8edb698d,653fe1fc46ebbf17b5f3f8f8e3db7a01f33d401a21f9eebb57c3eb645aa20d7b,earn,Admin Adjustment (+),25,False,,,,2026-03-10 13:07:41,,Manual point grant,admin
fb0dc8621728469b47d215b899b1d61484b70c80c3d3065fd55ec0f9747ab329,9a7112834a9a5f55b6a98974a27226f1072a02576b624f726cff1b55f0d64a05,earn,Admin Adjustment (+),10,False,,,,2026-03-10 14:09:53,2026-09-06 14:09:53,Manual point grant,admin
dca48e10b84b9e88da5468a7416f6c85caf18b7c7e1662316fd28e9d1046f255,d747f3147243b1b63899c9a5b0d1853ae4cb9e03f2a86a62241d6363ec4bf033,earn,Admin Adjustment (+),10,False,,,,2026-03-10 17:33:27,,Manual point grant,admin
04e689c4fb955ea6ed747120e1e9050ee74571c56810de9c616f419546e4e924,c16d69c03bf20932e60535de01303a169e4464bb000a79431ceb098d1522524f,earn,Admin Adjustment (+),10,False,,,,2026-03-11 11:06:09,,Manual point grant,admin
147f3f700d464f507cbb07ec42a55f2252d3e45f693b0210a51ea46559cd72e1,022ed022d58340abfb9e11fe980e1c419717bd640236544827edbb73995f6c7c,earn,Admin Adjustment (+),10,False,,,,2026-03-11 11:10:16,,Manual point grant,admin
adc834b634f76d29385f175db122517aedca7b38ff80707eae8f32bc3000e7f3,dc32e655c2abd3b8221175d18034d3be52f2142319021c4950ee84d4de1ae8eb,earn,Admin Adjustment (+),30,False,,,,2026-03-11 11:24:52,2026-09-07 11:24:52,Manual point grant,admin
95fc59c5bf7c9680b002a12def0a96a27ee4bd5e4a525141e3cd76e4ccb4e6b5,2cb88112fa7ad53e58327912695ffccac99701b4b668913b7cc20291fea7490b,earn,Admin Adjustment (+),10,False,,,,2026-03-11 12:11:33,2026-09-07 12:11:33,Manual point grant,admin
c9392626d25e46f571395c29739855edce533cf48aaad609cea2a38af0f23260,d300865f64e1c69f6165fbebcfdd3e8f919c34f6db2d412ac381dec1589a843a,earn,Admin Adjustment (+),25,False,,,,2026-03-11 12:44:44,,Manual point grant,admin
b33c54fed209590157cfa369c8fa94e3d803b39d5e150e672da7314373fb96e8,99cfc4f3a317d79c15d51bb16746f35a8cbe4520ec185b5d959a39ca27000e27,earn,Admin Adjustment (+),20,False,,,,2026-03-12 07:49:30,,Manual point grant,admin
d08616ed096f337a11e75f34827a698517ec931629b7e618359d3f3b8a88090e,d747f3147243b1b63899c9a5b0d1853ae4cb9e03f2a86a62241d6363ec4bf033,earn,Admin Adjustment (+),10,False,,,,2026-03-12 09:18:16,,Manual point grant,admin
79b8a675c55350a98492209f84c3f82fefbb172dde23267eeb8121030271300a,01ce66bda34d8522fd5b741f0c5f0b877dbd89826e89c99d6d41947db2e53bcd,earn,Admin Adjustment (+),5,False,,,,2026-03-12 13:15:32,,Manual point grant,admin
637a1d4edcd63cbb3d568f0542443693acd3edce17e6ad734d11351be27493f0,c16d69c03bf20932e60535de01303a169e4464bb000a79431ceb098d1522524f,earn,Admin Adjustment (+),5,False,,,,2026-03-12 14:25:37,,Manual point grant,admin
c2de297a36f77a81e4f16e5761b336faf4cecbeca5694f3ebfd567309f3d424a,0220f9d60e2ad771878c31761d837751815766ad45871aebd6c4275a613e03da,earn,Admin Adjustment (+),5,False,,,,2026-03-12 15:07:06,,Manual point grant,admin
8e46150201697e0d2fb2259ad7d1a91a882a0f4808b95c97591386d4c06359c5,ac4dd5c873d610b7ef11984a7fd205b868e0091d5dff6dc7c7fa8d3099290f87,earn,Admin Adjustment (+),500,False,,,,2026-03-12 20:36:09,,Manual point grant,admin
fecd5131554974aa6aaf1719f29bca408237adf4d443d9119959242040e31dd4,8cf1b970c0ee0e57cb5cd48ed5658dd84380d6d76272d8ba4d5ac1e954741d71,earn,Admin Adjustment (+),10,False,,,,2026-03-13 11:34:13,,Manual point grant,admin
016f123863c0f6258939e10a615190c2ee766210843f3660c2402ace9b04b111,d700ea1d09479e0c5c125481375ae85f31c8de99a0ad054f8005b5e6c0fac837,earn,Admin Adjustment (+),15,False,,,,2026-03-13 12:09:33,,Manual point grant,admin
a88747f6d613ec7c92ba69f5cea5b3c45337157c0a9ca54288213c211cf39c1e,7ec6fb1835b771b8b73e8514527baa91b0fa1d870c1339c011f74930e9a5d037,redeem,Redemption,-100,False,,,2300562cdbefd09dc81a88309109acdf348b126d4815761a1d9bfada8fd9e1c3,2026-03-13 13:34:50,,Redeemed: Free Pastry with Drink,customer
9894e1722871d58e8db78b128c22e252fccaa3d5a9ff50fb22f9f726a46b17a9,a1cdac58029cf6218fe5b23cf198576b9086cb60ab708be06f8a374ff3f918d0,earn,Admin Adjustment (+),10,False,,,,2026-03-13 20:52:37,,Manual point grant,admin
e6d39c75704882d4e49413381c832da84d6dd893e79d7616e82b75c00e8ca5da,9b33e3d0c4ff628e166b7efb8fd55c09cba3e063f6495d33fbca3ad8ee2c6d1e,earn,Admin Adjustment (+),15,False,,,,2026-03-13 20:53:43,,Manual point grant,admin
94bf9cdace55ceab41942fd464a3ff128bd84b1898fb211692f9a4a139395a49,717023e64628bfa50667d42670d426b7b1475cee28e5bff20c7a9b5b0dfd126d,earn,Admin Adjustment (+),10,False,,,,2026-03-14 10:09:27,,Manual point grant,admin
a672849037c2d2d7d78d100b9435b76e35b21d3e47dd5b8630fa359d0d96932d,305a12e7f6ec0efc4c5de1d8b3b835cdc641401ac6f3f9a116415a104f8e02ed,earn,Admin Adjustment (+),10,False,,,,2026-03-14 11:51:18,,Manual point grant,admin
0b782e0b009ba7feb54b44bdfe966e62c50382fd03959dd91537fb714a5d2845,6a778f53e276b2e56dd531c6bca9a51c7cc4921ba36b011e76d67052f353b9d8,earn,Admin Adjustment (+),5,False,,,,2026-03-14 14:04:47,,Manual point grant,admin
60d779106089069c771beedea094ffc52df8bc6ae9c9d291d75cc676e1aefdf2,60f820ba362cdf9c342011859ceed333e5a1ae423a96d94e86be35cd376f153e,earn,Admin Adjustment (+),10,False,,,,2026-03-14 15:15:42,,Manual point grant,admin
2eb3a5e067286a1959f5889abb49223dc36c2ae43d9ec09c1b0d05c8ec9669ba,99464bc01aa23b70b8852bce183f82600a9ba496baa75ec28f0f3cf506b6b565,earn,Admin Adjustment (+),10,False,,,,2026-03-15 10:00:09,,Manual point grant,admin
17263914bc27f9470047f8ddb2cec82964f4641ea93f516074f46f709f71cd6b,c16d69c03bf20932e60535de01303a169e4464bb000a79431ceb098d1522524f,earn,Admin Adjustment (+),15,False,,,,2026-03-15 10:11:07,,Manual point grant,admin
e884551ed5e9be0dbfefc263852ccd024a2938052c831bc21ce783f5802a9b86,eacacd00ff11f46719d582facbc7cbe4875e41b9ddd4b81a1838ac3b859ab353,earn,Admin Adjustment (+),25,False,,,,2026-03-15 10:42:20,,Manual point grant,admin
8fd4e0e1e0223cfc803d4f3fe22ddbd9386897aad969b1c0dcb7a650473c7f71,be287fb17832e81f0f23dbd9b2504d14d2d56668ff67fb29792c72ff254e49b8,earn,Admin Adjustment (+),5,False,,,,2026-03-15 12:37:12,,Manual point grant,admin
762d96efa581a9a1aaf730f7942684a0fc2d8a840495ce5feb80abd37dddf520,00facca840129191d923ccec896fb5384a007e008cb3b14c573fac8b7374c92b,earn,Admin Adjustment (+),10,False,,,,2026-03-15 13:08:33,,Manual point grant,admin
b99dee0b0e1507c7a92de42aef0bcdf9db9b999e11e3a11c52527d2648e6cc2d,a7ba72bd68a4caa4afda5f062409afde37657f402fed81d6466b62612a2f068d,earn,Admin Adjustment (+),25,False,,,,2026-03-15 21:30:01,,Manual point grant,admin
de0177338b18221ff13ba64f6f33d4b46737d310d7df4680aaf0bb566ad5ef19,050f2b8c6f0d503728dd5adf1a68e2a72d4b74b90e8d5d854c53df0eb44408e8,earn,Admin Adjustment (+),5,False,,,,2026-03-16 06:17:40,,Manual point grant,admin
7b5dad7838f823d94280f3569610285df61eb70b98cb5045736f562f43297547,b25ed1750aae5ef9500d96b7397194edd2a695e75a3cc7ee271f2117a10ed547,earn,Admin Adjustment (+),15,False,,,,2026-03-16 09:33:55,2026-09-12 09:33:55,Manual point grant,admin
052d05e4bb3aae022010493eb9ee6b28827a9a354e22d12fa69093ed2792113a,5aa8946ed0ff7a5ff3eabfb04fe8cbe66df66a7d449363e6f5b4ab201f2373bf,earn,Admin Adjustment (+),5,False,,,,2026-03-16 12:07:54,,Manual point grant,admin
cb578dd7af48fbe3601a4404e346ac69817eaabc76fcb04db659c4ca5287fa59,60f820ba362cdf9c342011859ceed333e5a1ae423a96d94e86be35cd376f153e,earn,Admin Adjustment (+),30,False,,,,2026-03-16 12:37:25,,Manual point grant,admin
c7c0ddb595324208d37d43d628fc39470f3abf13a67e8e926b4cbc7ae216115d,40f24b2d0ca1cb8fd46e6d33f43dda4fdc0db00236d1aaf36c83118ad27f0700,earn,Admin Adjustment (+),10,False,,,,2026-03-16 15:28:56,2026-09-12 15:28:56,Manual point grant,admin
8f3a006475706f8a8d2c200ca503554a7dc4620b98911488e4613b6388ffcb92,7161db4f68d71ca261982b752ef99ffd76824da1be1d41e264037e79e551a93c,earn,Admin Adjustment (+),20,False,,,,2026-03-16 22:06:45,,Manual point grant,admin
c609f453fe0dc6b2094ca2e30b5464bd694969531a119082913a0325814c5d62,4e0f8b1aedb70f7c1b9bc8ef162199f195cce055b59e934a47f60fa222d5bc4a,earn,Admin Adjustment (+),75,False,,,,2026-03-17 03:27:48,,Manual point grant,admin
df00fe8784304f97cc3faa97bea39dd05b84ce212f47afa6d638076373762651,c097c34b1b28826e60f005af382b66c8c1d0c83dd812669ce00dea7ec79b33ff,earn,Admin Adjustment (+),25,False,,,,2026-03-17 03:33:25,,Manual point grant,admin
7257f51b7e788a5e005e273455c05edb9e5981c16c8cbd14c7a98b4ffbb64dc0,a7ba72bd68a4caa4afda5f062409afde37657f402fed81d6466b62612a2f068d,earn,Admin Adjustment (+),30,False,,,,2026-03-17 09:12:18,,Manual point grant,admin
ffb8206142f256c6d44d0eb14dcf3d3c1bfcd7e29e0f69b23d45b31cdb9915fd,dc6c6ed3352b9e3131a29fbc4a0de86324d4d853fd7f3075c7c85cb287a757af,earn,Admin Adjustment (+),10,False,,,,2026-03-17 10:10:53,,Manual point grant,admin
9a6db266f785e0ea2149f0b1ce0a4891a7507d8713e77b83c119da3d7ddd5b28,99cfc4f3a317d79c15d51bb16746f35a8cbe4520ec185b5d959a39ca27000e27,earn,Admin Adjustment (+),5,False,,,,2026-03-17 11:11:56,2026-09-13 11:11:56,Manual point grant,admin
7f3d6147519677b9290ee1d175abfc6c2023547576dec960cdf359c440ea3d5c,050f2b8c6f0d503728dd5adf1a68e2a72d4b74b90e8d5d854c53df0eb44408e8,earn,Admin Adjustment (+),5,False,,,,2026-03-17 12:14:39,,Manual point grant,admin
6e8d0c1ec490268b433e8ec277eca6a927af843e475118b5a0c524ccee238037,00facca840129191d923ccec896fb5384a007e008cb3b14c573fac8b7374c92b,earn,Admin Adjustment (+),5,False,,,,2026-03-17 12:35:52,,Manual point grant,admin
5d53c8076d1727d8deea736d773b4558b2520885177c2fc2415c421d21be1e6d,6a778f53e276b2e56dd531c6bca9a51c7cc4921ba36b011e76d67052f353b9d8,earn,Admin Adjustment (+),5,False,,,,2026-03-17 13:33:51,,Manual point grant,admin
7f376df5b4c9d3bc40064290b1b4f76ddfbf579bc1b35201327d2a4519d39ae2,c16d69c03bf20932e60535de01303a169e4464bb000a79431ceb098d1522524f,earn,Admin Adjustment (+),20,False,,,,2026-03-17 15:05:06,,Manual point grant,admin
ef7419ea8461cd97e071444c2e75a18ffba7b4f26695db8dd8b721500182ccf0,c097c34b1b28826e60f005af382b66c8c1d0c83dd812669ce00dea7ec79b33ff,earn,Admin Adjustment (+),10,False,,,,2026-03-17 17:01:11,,Manual point grant,admin
acaf100264566bacc909404a6ad9ac7dcc16a7ae9a79d2027e70d2652e8c4347,2cb88112fa7ad53e58327912695ffccac99701b4b668913b7cc20291fea7490b,earn,Admin Adjustment (+),10,False,,,,2026-03-17 17:28:29,,Manual point grant,admin
0a1041dbfd6641af164beaace975d15ab8eb25d36583abf68742654f78d1492c,579da5019dd74d0aaef5b375021936697054dc4c4698d8b5969f3c53ac3cc368,earn,Admin Adjustment (+),10,False,,,,2026-03-17 18:27:58,,Manual point grant,admin
444e48838b74b8e7d4713ca970bcdba4ccfe29c747d44f08733f452dacea4cf3,579da5019dd74d0aaef5b375021936697054dc4c4698d8b5969f3c53ac3cc368,earn,Admin Adjustment (+),20,False,,,,2026-03-18 00:46:39,2026-09-14 00:46:39,Manual point grant,admin
462503461e077185b114965e4e7764c94de076af4bc41cfacf95b174f8bbb427,572e7bcdc164f282bc44cdcdd67fc5350bcdbc045623a217dcd546578bc6a1fe,earn,Admin Adjustment (+),10,False,,,,2026-03-18 12:13:36,,Manual point grant,admin
f02402d9c40bc22db6b9f2ebcffc736c506a42a990b890a8336659f68881b6ae,7b5e61c777116995d83eb42349aabe84ed03b8215146d823d96578d2fe61b244,earn,Admin Adjustment (+),10,False,,,,2026-03-18 15:15:09,2026-09-14 15:15:09,Manual point grant,admin
c24311b5bd69c7c06ded9bf6572e14948bce8b6083d83404bd3e15656e690dc2,8c46df8646b7b4acc556a362e4c74cd36cf157cf5effb3868952c22adacdeb57,earn,Admin Adjustment (+),5,False,,,,2026-03-18 15:29:44,2026-09-14 15:29:44,Manual point grant,admin
4ebbdb8b2b4f722e1fe6f6c0585682819bf6a64c9b2561219b58d889d5c27ac2,a7289bd8b1618463665127e90d6a93a0833404d4ff535505af69a36320ab4d66,earn,Admin Adjustment (+),5,False,,,,2026-03-19 03:38:20,,Manual point grant,admin
d1e1175cdd0d75448e21ad209d47f99ec6600c63452088aa7c99e8f93dee0776,7c144b48c34b5be9b0353ecf7d80d6c511438672ffb9c2eda096f89cc2d315ca,earn,Admin Adjustment (+),25,False,,,,2026-03-19 07:08:40,,Manual point grant,admin
16bf686d022df52c438472c789f7c0974d9cea3cce56cb2ff656e1d196c68814,2e8f0e76c882f5903f22ccf95aa653083fffbe09cb425883ad0cb59769e08f3a,earn,Admin Adjustment (+),30,False,,,,2026-03-19 11:29:44,,Manual point grant,admin
a040e9c53523f1b06e61830339a83157f8783cd4412d6f5bd40c377fa63900aa,99cfc4f3a317d79c15d51bb16746f35a8cbe4520ec185b5d959a39ca27000e27,earn,Admin Adjustment (+),10,False,,,,2026-03-19 14:51:36,,Manual point grant,admin
ccafa856a707137e85ace2f6ee67df332cbc19762d05bd02751184861dfa90c2,579da5019dd74d0aaef5b375021936697054dc4c4698d8b5969f3c53ac3cc368,earn,Admin Adjustment (+),20,False,,,,2026-03-20 08:08:32,,Manual point grant,admin
d64a766b9c6bce17cba728a9ed44339a294053b315ed895619d779c1a829fbd4,05dd121f492dde883117a525c1df359dd94346399e1e5dc7b69ef0dcb8e00a16,earn,Admin Adjustment (+),5,False,,,,2026-03-20 09:12:52,,Manual point grant,admin
d283bedd96d919f3d0f1fa7b17452d380b4c420e7cf9e4aec74ea046e980ae73,0c32258e3c936c2eaf222d8868d1d9ec998081e7dfa117e9876902dfed47d3d3,earn,Referral,25,False,,,,2026-03-20 10:32:44,,Referral bonus,customer
683a8ea285b8eae37099c66a2d07415aa0c203cd7b4c9e8ef93381086f257716,a5371be890f7605dad814a294a1aa6c890f61a4356f08d30ec0ab9ccf20da0f0,earn,Admin Adjustment (+),10,False,,,,2026-03-20 11:21:52,,Manual point grant,admin
d8c4281fcf8d8db52a8a5bda19e9b8666b2cac831cd5e4a661eceb560c675c05,c16d69c03bf20932e60535de01303a169e4464bb000a79431ceb098d1522524f,earn,Admin Adjustment (+),15,False,,,,2026-03-20 15:24:46,,Manual point grant,admin
bde4c9302a49893f45c98e99f2025a433615d936422704d5851322ac2bd67a40,99cfc4f3a317d79c15d51bb16746f35a8cbe4520ec185b5d959a39ca27000e27,earn,Admin Adjustment (+),5,False,,,,2026-03-20 17:33:20,,Manual point grant,admin
339065e62e23130e17e719df5aae5822e1339d7349aef716f49ae2f3d46dcb0c,cfe3f41fc069725a0fb1b207ad08a68e9d3719c6e4f6a8e62d6eb49ccda99f8f,earn,Admin Adjustment (+),20,False,,,,2026-03-21 03:14:57,,Manual point grant,admin
10356c505a3b8de614042dca51f78da1e8733dd9c74c15745259f275af4dc8f2,a734429f3fcdeb38381762d96a077a27f7c318985c7ada699c45410650ff13c1,earn,Admin Adjustment (+),10,False,,,,2026-03-21 11:53:23,,Manual point grant,admin
64cc0dbcc44ba32c5b20301513ac10f4f6d6cb31dd978f3b61e1ad30785dbf7a,42684987372e043ce2ef6fe8153facba96b2fc87da58eb8ee534cfa812400cdd,earn,Admin Adjustment (+),50,False,,,,2026-03-21 14:44:03,,Manual point grant,admin
fddac6c28a8687342d2bc55861a2cdaea51c97cd9b25d33bf8bd86a678e80e40,dd821bb8c29de15afe7e2e73810f8e9b72bb1852e57faa3746e8b00411a09f89,earn,Admin Adjustment (+),10,False,,,,2026-03-22 07:42:22,,Manual point grant,admin
89b464909d343780e23d8e81b8c33f120924490f54ea4284d9f4e352ce82ebc0,d700ea1d09479e0c5c125481375ae85f31c8de99a0ad054f8005b5e6c0fac837,earn,Admin Adjustment (+),10,False,,,,2026-03-22 09:24:45,,Manual point grant,admin
ef9f49e1b87405ac364af5d3a3e2b5621f9660f458df10359a8e8bf5544830c1,51119a3455dc32a4bad89096840853f1f847e76e80d0b2744adb54305f3310a5,earn,Admin Adjustment (+),10,False,,,,2026-03-22 10:35:03,2026-09-18 10:35:03,Manual point grant,admin
dec4ee2bac947e655585d3ef6e3d9b0c68316db409b74a1143f599aa868f0471,18e0783433151e660326d8275aee7875e5ca604f77102896bb9cc94e9e47d4ef,earn,Admin Adjustment (+),5,False,,,,2026-03-22 12:50:30,,Manual point grant,admin
32494267442173e49d13352f456c76b1a3eb5f06c90caf335c625b24e7c467b6,fce25078c347b266cc2e7e7ef0da120edc4ef324fb5da918f43d4e419893270c,earn,Admin Adjustment (+),10,False,,,,2026-03-22 12:51:11,,Manual point grant,admin
3be92b3a746c8270c3709afdd1c0338f5bfac1b3dfc2ed421e77bbf4b0744289,c234f4a55eb264722cb6de6e74e84f7fd0c43d832542ff18b54c256b5bd9366e,earn,Admin Adjustment (+),10,False,,,,2026-03-22 12:55:46,,Manual point grant,admin
ce849f3aa09aefb7e92d112b12953832a63c61afbaab93113c01ebb66d76cb55,b88d8f57cbf74f97c48bf8e3a7ba52cab430ded920a6bed56278cd278f6b9c69,earn,Admin Adjustment (+),40,False,,,,2026-03-22 15:07:00,,Manual point grant,admin
e7f9eb90fdae8a4a80b299a3d1aeefb792dfdd8af2a7227d196302163e59cd27,60f820ba362cdf9c342011859ceed333e5a1ae423a96d94e86be35cd376f153e,earn,Admin Adjustment (+),40,False,,,,2026-03-22 21:28:14,,Manual point grant,admin
3ddf3bf06b601f0890b55d7456ba07b91e73eec8209b49037b16187279174e70,7d05a042bca1664d46ffb3e0cc7e61805072a66609f037e5716bd9acef69babd,earn,Admin Adjustment (+),75,False,,,,2026-03-23 05:28:51,,Manual point grant,admin
c5e9c1ed150f808cbdbde59c647386871d9458f5eebc4fd349b9231f3c8e157c,050f2b8c6f0d503728dd5adf1a68e2a72d4b74b90e8d5d854c53df0eb44408e8,earn,Admin Adjustment (+),5,False,,,,2026-03-23 11:04:58,,Manual point grant,admin
980d0f5f35154751a4ce4979a12f49af89147032f6984b7b9898a1de05a24ad0,2291349a28cfeb08cfc82c4b6dadf009426b7440f1c9fd833e824cf7955f7bcf,earn,Admin Adjustment (+),50,False,,,,2026-03-23 14:11:32,,Manual point grant,admin
eaf2da8c0b4ba1c9bb46cc0d28284cbd76c1d04594221753d3afedbff52bef3a,7d05a042bca1664d46ffb3e0cc7e61805072a66609f037e5716bd9acef69babd,earn,Admin Adjustment (+),10,False,,,,2026-03-23 14:51:19,2026-09-19 14:51:19,Manual point grant,admin
f45dde0ae283d5a42365b6c4d5656bdcb341d97d73c337a39828fe3b6b40b48c,572e7bcdc164f282bc44cdcdd67fc5350bcdbc045623a217dcd546578bc6a1fe,earn,Admin Adjustment (+),10,False,,,,2026-03-23 15:13:08,,Manual point grant,admin
06ec6ba412b2c719cb797567dd340d50edc8163121831f65c94d632ac7a9065f,11ae86aba7f28445816f46815e200899c986babd632684da1494df16240af3d8,earn,Admin Adjustment (+),60,False,,,,2026-03-23 16:04:05,,Manual point grant,admin
d2b7073ac7a528ec09bd902f27c82db74aea27f7e1491d854073b15c91eecf01,c16d69c03bf20932e60535de01303a169e4464bb000a79431ceb098d1522524f,earn,Admin Adjustment (+),5,False,,,,2026-03-23 19:23:29,,Manual point grant,admin
a312ca14c242f5cde30db23a78fa58b4d809f6a83c7bf8df934f9ff75476d038,b555f79fe8fa80ebedb33445d9cfd14bb6b4f4f1a4a4766cd9f444f7f88ebbf4,earn,Admin Adjustment (+),20,False,,,,2026-03-24 00:05:09,2026-09-20 00:05:09,Manual point grant,admin
c40fb6f27fa77cfefc95546f0fd0a8a73725b791033d642ee6be1c1ca5befb84,b555f79fe8fa80ebedb33445d9cfd14bb6b4f4f1a4a4766cd9f444f7f88ebbf4,earn,Admin Adjustment (+),5,False,,,,2026-03-24 10:43:37,,Manual point grant,admin
0fb43ec65703fcc8f1a0d72df0b46d17bf60952d78066faa9780fbdf74991a15,e1e94359f6c372cc51698dc8090790cc62bffa2d3e602b1003c3d819a9c94bcc,earn,Admin Adjustment (+),10,False,,,,2026-03-24 11:32:07,,Manual point grant,admin
bf54dc11c421806792e1da12d5983b6f57f5881ae0c39ff7e42f569ef10571a8,eacacd00ff11f46719d582facbc7cbe4875e41b9ddd4b81a1838ac3b859ab353,earn,Admin Adjustment (+),25,False,,,,2026-03-24 17:33:34,,Manual point grant,admin
249e64f54b24d3352448db5efc1bc7acfa5d6d2fcbb1d5a6ded16647d5ef1411,2e8f0e76c882f5903f22ccf95aa653083fffbe09cb425883ad0cb59769e08f3a,earn,Admin Adjustment (+),10,False,,,,2026-03-24 18:58:31,,Manual point grant,admin
bddeb72b1a239bae7a6cac234b9e4615ff8eb824b73f7062eac89efa527a9fc4,18faf257ba6922a03804d8b32bc48b9e8d8dc3529f3c98c32e8461e6ea1333f9,earn,Admin Adjustment (+),10,False,,,,2026-03-25 10:26:26,,Manual point grant,admin
fc49160428ddb32d838bb210ea7c3a422ea6158e5ef12bfddde2d6ab9a364362,e1e94359f6c372cc51698dc8090790cc62bffa2d3e602b1003c3d819a9c94bcc,earn,Admin Adjustment (+),10,False,,,,2026-03-25 12:46:55,2026-09-21 12:46:55,Manual point grant,admin
ac787c27fa7412952704a2273b1d57319f323d4ce543715e60e2e80ecd15827e,0c32258e3c936c2eaf222d8868d1d9ec998081e7dfa117e9876902dfed47d3d3,earn,Admin Adjustment (+),10,False,,,,2026-03-25 12:52:29,,Manual point grant,admin
47b5867bd770bd8512dac57e9d39bfe03cee6fcf9d4466ab53df209ebbd44bca,08e79d8d15491b3daa13f49786087a0d2cbc82161b48a7a07d87b80ff819edd2,earn,Admin Adjustment (+),40,False,,,,2026-03-25 17:36:06,,Manual point grant,admin
beb0e86886bdf3708db0134fe6085b4cef6547a7417c9dba9f09d41bb84a0479,a5371be890f7605dad814a294a1aa6c890f61a4356f08d30ec0ab9ccf20da0f0,earn,Admin Adjustment (+),5,False,,,,2026-03-25 17:46:55,2026-09-21 17:46:55,Manual point grant,admin
d9d5134289f7b0113b8a6a5181b9ab078d53eb472cc277827b665374f04f7a06,9b33e3d0c4ff628e166b7efb8fd55c09cba3e063f6495d33fbca3ad8ee2c6d1e,earn,Admin Adjustment (+),25,False,,,,2026-03-25 23:14:36,,Manual point grant,admin
c045b20a8e1e97aa580d3c39e8f5123c80390b0b147e26debfcd081dd102b382,a4fbc9f143f6ee8eb80376a4effb15d38007085da39db72ce12ab61755d05dde,earn,Admin Adjustment (+),5,False,,,,2026-03-26 02:55:57,2026-09-22 02:55:57,Manual point grant,admin
fde390de410f557f9714a2c6e5b07aa646a662e0754f02146b2aa2843565ff1b,368e45f7fdfd6ac42dd3eb08b3767325bd3f9190c8ffdce31e99c57801aff781,earn,Admin Adjustment (+),10,False,,,,2026-03-26 07:31:14,,Manual point grant,admin
8e4cceb753e2271c87676ad8c21e61f7ebc02b91d1324096e0fae48017259b3a,5aa8946ed0ff7a5ff3eabfb04fe8cbe66df66a7d449363e6f5b4ab201f2373bf,earn,Admin Adjustment (+),75,False,,,,2026-03-26 08:38:13,,Manual point grant,admin
cd4f0ec901c950f57afe3700b1bebf11b96c20654d5de4ec5e9e71aac32dc9d0,5f44c132f8640bfe6c97267e5bb2b6e0b7243a8c7eb05a3b61f4feefa92103a9,earn,Admin Adjustment (+),20,False,,,,2026-03-26 12:42:39,2026-09-22 12:42:39,Manual point grant,admin
e08bd8b9b8a5372c6ca552d5ad0438726c4b75b4f9fd9711ae42f88c80bbc43a,559248929aa6e8251c834ed1db41ff37f7ef7b784370f2d4554115fefa90b428,earn,Admin Adjustment (+),25,False,,,,2026-03-26 12:59:48,,Manual point grant,admin
005192564885801a094367ed4cd624d4a1226dd3a9d340273fbde51d786cecb7,9a7112834a9a5f55b6a98974a27226f1072a02576b624f726cff1b55f0d64a05,earn,Admin Adjustment (+),10,False,,,,2026-03-26 15:15:59,,Manual point grant,admin
757b1a95d4f69e02c34215361863ceaae8ac3b914e12e62f5ea27360dc08db91,00facca840129191d923ccec896fb5384a007e008cb3b14c573fac8b7374c92b,earn,Admin Adjustment (+),15,False,,,,2026-03-26 16:34:14,2026-09-22 16:34:14,Manual point grant,admin
9b2b2100df6e76c362ee05207295591343634539327a43c124f5f0b149d14726,0ff90bc0bbcd2b800a55694239163c64632fef53a7f77980481e8563aec9c938,earn,Admin Adjustment (+),10,False,,,,2026-03-26 20:31:24,,Manual point grant,admin
aaa244e72a2899c0bac34ff9cb71b94c442662ad6b020ebed0cb9ea4cae4f45f,a7289bd8b1618463665127e90d6a93a0833404d4ff535505af69a36320ab4d66,earn,Admin Adjustment (+),10,False,,,,2026-03-27 06:26:06,,Manual point grant,admin
20393bd08e3dbe8877a24a974947fae9ff8479b4a88a7bb16a61ba08a6b186ea,fb812e987eeb88cda1a9d54159fa441826c866053835948a5ba9682e1999413e,earn,Admin Adjustment (+),10,False,,,,2026-03-27 08:55:27,,Manual point grant,admin
78d98e1a898539924ff4c1c44297141706316d53cd0f62879673047ab190c816,7d05a042bca1664d46ffb3e0cc7e61805072a66609f037e5716bd9acef69babd,earn,Admin Adjustment (+),25,False,,,,2026-03-27 11:12:31,,Manual point grant,admin
b4fa5d48f40415d08c86c34ba4b43efe220e64cddbd63f8263261bf25257c196,f0d16cd473be8fb9ea54491cdffea34070e84b4f082f8112ace8ffaf4497db30,earn,Admin Adjustment (+),10,False,,,,2026-03-27 17:14:45,2026-09-23 17:14:45,Manual point grant,admin
9cb98b4f9b530706a912b51e0191f2d4b75d7983d6920dc8e5501e8a7798160c,28ad6ca3fb0e2f5d50e7e1c1b3e1c6a4279f9c58c0aaeaa1b6f2a6a24d4c1c0a,earn,Admin Adjustment (+),10,False,,,,2026-03-27 18:59:47,,Manual point grant,admin
c2384f8f0a9bb4da3017fcadeaa8ccb84c46e8c17ad00a82ff49e644913cf16d,fbc0fbaf9f7c1db7e8d8e0635efdb459cb2101912aced06504fa8b084dacdbdf,earn,Welcome Bonus,10,False,,,,2026-03-28 00:15:00,2026-09-24 00:15:00,Welcome to Raw Smith Circle!,customer
5a3d69ade352e3ed4f58fb6d552a1d025c63eb16d955be23e2bbb15c0fee3c1d,ca2e6dcd996ce770aa74ad3bd0272d9d3994fb6b7c5946a3f612592cba3777cc,earn,Admin Adjustment (+),5,False,,,,2026-03-28 10:31:40,,Manual point grant,admin
5b6ffd95a380b41eeb38784b1ff36b7e03e28bb5adc81e56a902865dd175dba0,a7289bd8b1618463665127e90d6a93a0833404d4ff535505af69a36320ab4d66,earn,Admin Adjustment (+),75,False,,,,2026-03-28 10:47:20,,Manual point grant,admin
2be47c0af0d123a97851ce4cf1efc4a97e41275bf869179253d13ce594ba5357,b3eb552de0a0f67f0a71865949650c93e78c8e5a147159e68ea59876a4d0f51b,earn,Admin Adjustment (+),10,False,,,,2026-03-28 10:47:59,,Manual point grant,admin
069711b1905436c338d718b8906074fb80bbc4db2ce3477148852797581aa2e9,6a4579783621b55ff9a27b1dcb5d8247ab21e53fc5d407a9765944089e86255a,earn,Admin Adjustment (+),150,False,,,,2026-03-28 12:47:37,,Manual point grant,admin
51d619d6abe00b01afae433b288389159a99caff543a7b852a619db143c0d79c,dc6c6ed3352b9e3131a29fbc4a0de86324d4d853fd7f3075c7c85cb287a757af,earn,Admin Adjustment (+),15,False,,,,2026-03-29 05:24:23,,Manual point grant,admin
420b9591e86829b4aef6447e384604b499debd9dd073d297a54f383eba44c1c8,b88d8f57cbf74f97c48bf8e3a7ba52cab430ded920a6bed56278cd278f6b9c69,earn,Admin Adjustment (+),5,False,,,,2026-03-29 07:44:19,,Manual point grant,admin
4f603e2a2e0371ec58ff5e20137474b8e583e7425413a0949150e24500f4a48d,7edb25ef492ac294827760a4fc1a5c66010b5cd8b76e0f30642dec26f58522b1,earn,Admin Adjustment (+),10,False,,,,2026-03-29 10:02:34,,Manual point grant,admin
0a5467504717aa8d333be803c7fb15111bc094319296bb5388cd8d6ab7ee5c03,cbe0cc2e3c71af739591c458f36d5c2a2bda23b5721a0dcaee07fe735823b2a6,earn,Admin Adjustment (+),10,False,,,,2026-03-29 12:28:22,,Manual point grant,admin
ba36a4a74ae32c9ab513ac0e7f8e53ea42eb536388566c6bcc889a3e3cae991d,c097c34b1b28826e60f005af382b66c8c1d0c83dd812669ce00dea7ec79b33ff,earn,Welcome Bonus,10,False,,,,2026-03-30 00:14:00,2026-09-26 00:14:00,Welcome to Raw Smith Circle!,customer
00d732100f547800e8f017f990a1fb21144a069949790400efb613159772af93,b3eb552de0a0f67f0a71865949650c93e78c8e5a147159e68ea59876a4d0f51b,earn,Drink Purchase,6,True,milk,3.0,,2026-03-30 09:07:36,2026-09-26 09:07:36,Drink purchase points,customer
7bc22381d1b315925d7731aece451cd0cd59bc7da5d60cbfe59282a49b989508,f01b52ebb7c94bef7ebcd01c064f3196c99fceda251c71f3fdb357f4225f22f1,earn,Admin Adjustment (+),10,False,,,,2026-03-30 09:37:11,,Manual point grant,admin
9c034fbd5a4751692d6654b60964cd114c9ce2a53dba3982d4d6ded1c5e24148,8d810342d3c885aeeb246681e10a8848e4dbd13c9aa1156e30b3888429a7da1c,earn,Admin Adjustment (+),15,False,,,,2026-03-30 10:43:38,,Manual point grant,admin
42ea3fa1b65f2895873e9450a2d04fdf2e500ce3164ef4c31bfa2fdd0bb2fd7a,60f820ba362cdf9c342011859ceed333e5a1ae423a96d94e86be35cd376f153e,earn,Admin Adjustment (+),20,False,,,,2026-03-30 11:43:28,,Manual point grant,admin
8cad42e7037a292cbf40592a212615e04add6f1a8cfe6b30250aeda096329a83,51119a3455dc32a4bad89096840853f1f847e76e80d0b2744adb54305f3310a5,earn,Admin Adjustment (+),60,False,,,,2026-03-30 13:22:14,,Manual point grant,admin
df1f26e068c208bb465c3288cc1dacf4ffcced5d3314dce537da1334ce0a8836,dffedc0fbf486a8edadc0acf3efff1fde41025d2995bc9a1207f6cc1030e413c,earn,Admin Adjustment (+),10,False,,,,2026-03-30 15:23:28,,Manual point grant,admin
bd24800841a0a9dbdfbf10af45419adda67d5e1de42363a8c1cfd7d02f54c38c,dd821bb8c29de15afe7e2e73810f8e9b72bb1852e57faa3746e8b00411a09f89,earn,Admin Adjustment (+),5,False,,,,2026-03-30 16:55:20,2026-09-26 16:55:20,Manual point grant,admin
0d18dd5c20154d8da9b409b00c84244f5c24d9330a9c1ec1c82f3751849f66cf,5ff297505eb54e620fc7c62f3a353e5a08864a3f2d8cdd8fdd76cf13f7f7e175,earn,Admin Adjustment (+),30,False,,,,2026-03-30 19:27:45,,Manual point grant,admin
cb554bd66c2f299d350f41f5c4b705e1e33822ae029907969a9b463e70906ec0,653bd4e27a0e2bcecc93867f9ae54547557991ed52efca77f6212455cedf81ae,earn,Welcome Bonus,10,False,,,,2026-03-31 00:06:00,2026-09-27 00:06:00,Welcome to Raw Smith Circle!,customer
30c79b0cb188b4faac66cfd5f8c2e0b1513281011f59b9b97410c48cf33259c3,2291349a28cfeb08cfc82c4b6dadf009426b7440f1c9fd833e824cf7955f7bcf,earn,Admin Adjustment (+),10,False,,,,2026-03-31 11:37:33,,Manual point grant,admin
7fdfcfc1435153412f92467838bddfac795daaa6804d533678c08145061395e1,74d79fa48fb9c592ff3cc398610deb3c025465430736e1c628150ea027c3bdf0,earn,Admin Adjustment (+),10,False,,,,2026-03-31 13:58:07,,Manual point grant,admin
bf64af812697cddfd7d30aaf5c10733bb2c315738c05841930a399dc79fa0054,653fe1fc46ebbf17b5f3f8f8e3db7a01f33d401a21f9eebb57c3eb645aa20d7b,earn,Admin Adjustment (+),15,False,,,,2026-03-31 14:36:25,,Manual point grant,admin
b908257055068aff277acdf56da34cd9ec2f240cc41a3075bb07235e695d8eea,d0d2247cdf00c6beeb2f658e7d1141d9319f85a4e57acd15ecfa6aa0f1d14b31,earn,Admin Adjustment (+),5,False,,,,2026-03-31 17:06:26,,Manual point grant,admin
30dcf4aefd5824ecad34067d5a82f29280303aac49ab2e45b923a06f3cca96d5,88335f2b1fde41da84a59a25f840bd94d4cefcbf99349229e6ad88b821772bd2,earn,Welcome Bonus,10,False,,,,2026-04-01 00:02:00,2026-09-28 00:02:00,Welcome to Raw Smith Circle!,customer
cb3b28820fd9c764065af688f031f1e04b4223d266a7d8991d66dfb25b929aea,eacacd00ff11f46719d582facbc7cbe4875e41b9ddd4b81a1838ac3b859ab353,earn,Admin Adjustment (+),10,False,,,,2026-04-01 07:49:44,,Manual point grant,admin
75b7f3aec647f40fa638a9a0157026ad5ea1c7ce23f1a1952700fd658ec09eb1,6721da032907a59aaed29f5d51f8533e84421989cc78a29cc0de7de9feed4b30,earn,Admin Adjustment (+),150,False,,,,2026-04-01 11:45:59,,Manual point grant,admin
a7af79eb6fa06024d1a96d58c6d01240aabd778d05a6bef059a0870924478658,b88d8f57cbf74f97c48bf8e3a7ba52cab430ded920a6bed56278cd278f6b9c69,earn,Admin Adjustment (+),5,False,,,,2026-04-01 11:50:19,,Manual point grant,admin
a8ea3d375339cbda1935ee024b78db3ad2008eada6fa096f7c3d0034fa3a9d02,2291349a28cfeb08cfc82c4b6dadf009426b7440f1c9fd833e824cf7955f7bcf,earn,Admin Adjustment (+),15,False,,,,2026-04-01 15:38:11,,Manual point grant,admin
2091d3bab8de5ffc95be7d795ca269513572d748d784181176d5ef65ad5d2754,51119a3455dc32a4bad89096840853f1f847e76e80d0b2744adb54305f3310a5,earn,Admin Adjustment (+),15,False,,,,2026-04-01 16:39:37,,Manual point grant,admin
aa22cf563ea49a258a18184fd3f67e2f408b4207a88df56041d1b3453b06901f,dc6c6ed3352b9e3131a29fbc4a0de86324d4d853fd7f3075c7c85cb287a757af,earn,Admin Adjustment (+),10,False,,,,2026-04-01 17:42:56,,Manual point grant,admin
eafc2dbc16984260d5fbf6e541edb390e4a18f0a82bbd74873142436c512416c,7702f6059a627113cde3f3ceae8b7655a5a2d2d03b3495de3f637e55532c1a10,earn,Admin Adjustment (+),5,False,,,,2026-04-01 19:41:43,,Manual point grant,admin
d9edf37d1d79a7382d5642db01922d15512ffe215a1d81dbb4cfe02de8995dd6,a7289bd8b1618463665127e90d6a93a0833404d4ff535505af69a36320ab4d66,earn,Admin Adjustment (+),10,False,,,,2026-04-02 10:41:08,2026-09-29 10:41:08,Manual point grant,admin
95acdb6b9a4f1513b3508b421a29351a5a75a8b85807fbe10d0011c178f26b1c,022ed022d58340abfb9e11fe980e1c419717bd640236544827edbb73995f6c7c,earn,Admin Adjustment (+),10,False,,,,2026-04-02 12:23:44,,Manual point grant,admin
a2135f3c0fd127948836a6bbdee66b72b0da5ed7c7ab37096e3907f5b7d27ffe,7b5e61c777116995d83eb42349aabe84ed03b8215146d823d96578d2fe61b244,earn,Admin Adjustment (+),20,False,,,,2026-04-02 17:23:39,,Manual point grant,admin
200de9e08c199e656be6812593a0557a8b7bba92bee1e9513608bc5f7d1c7fae,d747f3147243b1b63899c9a5b0d1853ae4cb9e03f2a86a62241d6363ec4bf033,earn,Admin Adjustment (+),5,False,,,,2026-04-02 21:20:06,,Manual point grant,admin
f4b28aef9e97913ee20a7fd7ab7c624f7a18b8523890675f76f7d79c05afc7bd,4e8f08b7cb2e67109b6dcdd38c09a91c31fe5dd67d7f0a71c6875f57ec3246d7,earn,Admin Adjustment (+),15,False,,,,2026-04-03 08:14:20,,Manual point grant,admin
de2bcd2e19e5e799132940139275a6dbde75a2e0c5716ffb15d4f195ff17406c,2291349a28cfeb08cfc82c4b6dadf009426b7440f1c9fd833e824cf7955f7bcf,earn,Admin Adjustment (+),5,False,,,,2026-04-03 09:56:28,,Manual point grant,admin
c4daa6cd8cc6932fd97f646348255123b051dfd2ae89756d24e6b1d83a05761a,42684987372e043ce2ef6fe8153facba96b2fc87da58eb8ee534cfa812400cdd,earn,Admin Adjustment (+),20,False,,,,2026-04-03 11:42:25,,Manual point grant,admin
46579f57e45d1bcd24f52d48f161b26330fa76b93d5cac8e823a99a90093e662,01ce66bda34d8522fd5b741f0c5f0b877dbd89826e89c99d6d41947db2e53bcd,earn,Admin Adjustment (+),15,False,,,,2026-04-03 16:06:07,,Manual point grant,admin
00956301522b55d01384acb81399f44e881719cab783a06f766d5cea6f95af7b,aeefb81c6584d4bfd9694a7ddd1defe10a5895a46d0ecc5b646067494f6cbf6a,earn,Admin Adjustment (+),10,False,,,,2026-04-04 05:15:48,,Manual point grant,admin
112e016c34c7d1fd8f7e81e090539638e3b8c57275a1b2c833a8fa2aff14ba8d,cffe157722e96ff5b189a894d08326c3ace0f2d79c90daa012e141b17fb264f2,earn,Admin Adjustment (+),20,False,,,,2026-04-04 15:28:50,,Manual point grant,admin
a3959fd0187736c8cb961db4859107877773a36fd896fa7833b6cc99c8542f41,dc6c6ed3352b9e3131a29fbc4a0de86324d4d853fd7f3075c7c85cb287a757af,earn,Admin Adjustment (+),75,False,,,,2026-04-04 16:02:32,,Manual point grant,admin
6b4b5124049abd1a6186a4265d7bd27e285a3a52bddafbb2d99da46876bac1dd,c16d69c03bf20932e60535de01303a169e4464bb000a79431ceb098d1522524f,earn,Admin Adjustment (+),15,False,,,,2026-04-04 17:14:47,,Manual point grant,admin
bf8ed538a641aa955c2e45d62e7c06d1b8e433bdb7ae727ec57d1bd1e903e0a4,16228fddcff0f24423896b57abc14d55b7b3e5487eefd5983a569d60f8a2e20b,earn,Admin Adjustment (+),25,False,,,,2026-04-04 21:50:39,,Manual point grant,admin
c96f16064406e8af2468169909774925ad3af8ce56ff24cb95715fdacc015d37,d700ea1d09479e0c5c125481375ae85f31c8de99a0ad054f8005b5e6c0fac837,earn,Admin Adjustment (+),30,False,,,,2026-04-05 08:03:53,,Manual point grant,admin
de6e82d17dd493c5d5000d62a5376d247ecb48116ef2e20ba6a583fe34958c7d,bf4b607c8335801c9337eeb434891608aa61266b18764b77dd87a6c4771325ad,earn,Admin Adjustment (+),5,False,,,,2026-04-05 10:43:37,,Manual point grant,admin
9eee4006f06927ec3db7ef6f1e6dadd8c89a737e6d397ec75aea39fae9435964,7702f6059a627113cde3f3ceae8b7655a5a2d2d03b3495de3f637e55532c1a10,earn,Admin Adjustment (+),10,False,,,,2026-04-05 11:53:36,,Manual point grant,admin
9ff2fc380b4fff95940627abfff3e06359dabff0c58825df7b56c55e5143c77d,308c7ac0094cc2b1137bc1aa0a796f5e144026ab28fef033092f468dbed0479a,earn,Admin Adjustment (+),5,False,,,,2026-04-05 14:00:59,2026-10-02 14:00:59,Manual point grant,admin
53c67b3876b353bf9767b50f04233540f264c0919369f569696e91354a6e1e29,dd821bb8c29de15afe7e2e73810f8e9b72bb1852e57faa3746e8b00411a09f89,earn,Admin Adjustment (+),15,False,,,,2026-04-05 16:26:03,,Manual point grant,admin
2cc68f51d88a4fb5ca11625510af44f08f03f3003f12fb4b759add8b0b213af0,f9ff7c7e27af59b96c83183989918180009bd55e71cd170745412d047e1d4572,earn,Admin Adjustment (+),15,False,,,,2026-04-05 17:19:27,,Manual point grant,admin
735584f6930735ff08a79acc6b59a5d108a0ee54f2890ac8d82f3ba62e0dfbb5,050f2b8c6f0d503728dd5adf1a68e2a72d4b74b90e8d5d854c53df0eb44408e8,earn,Admin Adjustment (+),10,False,,,,2026-04-05 18:12:16,,Manual point grant,admin
a74414e268f60bbe5cf9cc2cd691519bdd67d95d79223a11c7ec88c111bf2ee3,7d0b62c3a1ff147bf8df871d63bc1ba74c525eaa78e0bcb1bac46b882a79ebf4,earn,Admin Adjustment (+),10,False,,,,2026-04-05 21:21:36,,Manual point grant,admin
14b1ba2d65265b4ca87cd0c0f3f1125ea651aa531c68180831ec9473d6a068b6,18faf257ba6922a03804d8b32bc48b9e8d8dc3529f3c98c32e8461e6ea1333f9,earn,Admin Adjustment (+),10,False,,,,2026-04-06 05:21:13,,Manual point grant,admin
71d05d51e2152631a95fddf4bbcfa7d2139e41cbe421c6de2ba4d7db646ac0ce,f9ff7c7e27af59b96c83183989918180009bd55e71cd170745412d047e1d4572,earn,Admin Adjustment (+),5,False,,,,2026-04-06 09:47:11,,Manual point grant,admin
de9817a9d3fd7380dc9e8e2f0b644894bb4a81a5a03ea39f27e0fbc9938839f6,dc6c6ed3352b9e3131a29fbc4a0de86324d4d853fd7f3075c7c85cb287a757af,earn,Admin Adjustment (+),10,False,,,,2026-04-06 12:31:59,,Manual point grant,admin
be1d021b938097f6bd1594df7cf152cc16bd307a7aae50668753e8e6dd5aa320,8d810342d3c885aeeb246681e10a8848e4dbd13c9aa1156e30b3888429a7da1c,earn,Admin Adjustment (+),10,False,,,,2026-04-06 16:35:25,,Manual point grant,admin
f876694966fbcf947488a539e6498c35379728abd557bd38fcb1a929a682da12,b555f79fe8fa80ebedb33445d9cfd14bb6b4f4f1a4a4766cd9f444f7f88ebbf4,earn,Admin Adjustment (+),10,False,,,,2026-04-06 20:17:50,,Manual point grant,admin
6e31fc2db86a0f5703e306e259e90682954f864da29bc10b62bf77bc11b952ab,18e0783433151e660326d8275aee7875e5ca604f77102896bb9cc94e9e47d4ef,earn,Welcome Bonus,10,False,,,,2026-04-07 00:03:00,2026-10-04 00:03:00,Welcome to Raw Smith Circle!,customer
b1a3bf984732b48b33ccba8f783703905d454b9fc70f97463dd1294f5c73faf8,99464bc01aa23b70b8852bce183f82600a9ba496baa75ec28f0f3cf506b6b565,earn,Admin Adjustment (+),10,False,,,,2026-04-07 01:00:40,,Manual point grant,admin
b3def5990ff7f6c556b777cabb463e81bb4b3f8dc393668a7c4c7bc5cc90e815,cbe0cc2e3c71af739591c458f36d5c2a2bda23b5721a0dcaee07fe735823b2a6,earn,Admin Adjustment (+),5,False,,,,2026-04-07 05:09:03,,Manual point grant,admin
734e970d6384b8399e3251c2ffe6e3b3d2880d3a9ca79ac8b542a7f042858e39,ac735306a8aa503c7380285f162117b2991cfb026895d51c483d4ce6be2d39ba,earn,Admin Adjustment (+),10,False,,,,2026-04-07 07:23:11,,Manual point grant,admin
aab56b4669957d523250f7152e4324639ce4435e710c34e63dc3c62cf054c282,5f44c132f8640bfe6c97267e5bb2b6e0b7243a8c7eb05a3b61f4feefa92103a9,earn,Admin Adjustment (+),10,False,,,,2026-04-07 08:08:01,,Manual point grant,admin
942f856c3c2cf751704e89ce2180a8f15ae1c175a65e3d33db05bbc635f1fe15,00facca840129191d923ccec896fb5384a007e008cb3b14c573fac8b7374c92b,earn,Admin Adjustment (+),5,False,,,,2026-04-07 09:05:27,,Manual point grant,admin
067f695f06ad506480a8cbb6d4a49f38a4818d941ebe51efb003d976fbcd5391,050f2b8c6f0d503728dd5adf1a68e2a72d4b74b90e8d5d854c53df0eb44408e8,earn,Admin Adjustment (+),10,False,,,,2026-04-07 09:24:18,,Manual point grant,admin
ce78fc482fad2ceef8c6d1a397f91ef911d88371ab7129277da85c5e242ce0ec,dd821bb8c29de15afe7e2e73810f8e9b72bb1852e57faa3746e8b00411a09f89,earn,Admin Adjustment (+),5,False,,,,2026-04-07 12:09:41,,Manual point grant,admin
2aaaa4ed65fa03b09953f2a3442585b9017b22b34d6cbf49bdfef9bb0766de7d,01ce66bda34d8522fd5b741f0c5f0b877dbd89826e89c99d6d41947db2e53bcd,redeem,Redemption,-75,False,,,1263198b51f764cce09198f6bb60bfc1cd9cdcb55b9fc1e769a6d26aeb435a08,2026-04-07 15:00:23,,Redeemed: Free Drip Coffee,customer
e2be15032b6896528e88077a37321232f598e313aa0b268805c21a20180b0f61,fb812e987eeb88cda1a9d54159fa441826c866053835948a5ba9682e1999413e,earn,Admin Adjustment (+),20,False,,,,2026-04-08 06:12:27,,Manual point grant,admin
c6840b3f248222757444bf510937042367e0762d192c396dcd9886a41e49bf00,305a12e7f6ec0efc4c5de1d8b3b835cdc641401ac6f3f9a116415a104f8e02ed,earn,Admin Adjustment (+),10,False,,,,2026-04-08 11:37:25,,Manual point grant,admin
454b74bce99ae72e30992ea2813d2f5908456c7ec18be891cd5e5dabda9521f0,653fe1fc46ebbf17b5f3f8f8e3db7a01f33d401a21f9eebb57c3eb645aa20d7b,earn,Admin Adjustment (+),10,False,,,,2026-04-09 09:08:47,,Manual point grant,admin
e33e92cd6de2ef71b7cc9be7f3c4dac90bdab6760ee391034b990f1f1c5d4407,a5371be890f7605dad814a294a1aa6c890f61a4356f08d30ec0ab9ccf20da0f0,earn,Admin Adjustment (+),25,False,,,,2026-04-09 13:22:07,2026-10-06 13:22:07,Manual point grant,admin
73cbb6bac6f856fa94f9ce184da090796525b142be08087dd8843e228882d437,559248929aa6e8251c834ed1db41ff37f7ef7b784370f2d4554115fefa90b428,earn,Admin Adjustment (+),10,False,,,,2026-04-09 15:44:05,,Manual point grant,admin
26ad81c52b61a8a60b4597c074caf41dfec9fb2d6795866957c0e2973ab1ad18,2cb88112fa7ad53e58327912695ffccac99701b4b668913b7cc20291fea7490b,earn,Admin Adjustment (+),10,False,,,,2026-04-09 16:41:10,,Manual point grant,admin
13a0cc455ab7968ad104e52dba4a047d658d3a37a0994b00004ca76144a67e8e,37912de43d9f18b3701a95ddfd0a015a3541651913eeb1d0c84b01637ea6ea4c,earn,Admin Adjustment (+),10,False,,,,2026-04-09 20:48:52,,Manual point grant,admin
e9518a19ebc441bc5437cfc377b1e97aec9d8befd429c8139ac4645fad8bb124,fb812e987eeb88cda1a9d54159fa441826c866053835948a5ba9682e1999413e,earn,Admin Adjustment (+),10,False,,,,2026-04-10 10:46:29,,Manual point grant,admin
df705030014fe5961f2960b40778a6d9dac3290d5d136c2574e07b108ffe0f1b,b88d8f57cbf74f97c48bf8e3a7ba52cab430ded920a6bed56278cd278f6b9c69,earn,Admin Adjustment (+),5,False,,,,2026-04-10 12:35:27,,Manual point grant,admin
60dd81fadaf7e97d5aec99ddadec8be7a03fb516432e6a6bc4d4ca985c8b2176,4e8f08b7cb2e67109b6dcdd38c09a91c31fe5dd67d7f0a71c6875f57ec3246d7,earn,Admin Adjustment (+),10,False,,,,2026-04-10 12:36:35,,Manual point grant,admin
8567629d63a6710f8da40856455b363d9407f615c6af6b5157f89761ff7ef438,a1cdac58029cf6218fe5b23cf198576b9086cb60ab708be06f8a374ff3f918d0,earn,Admin Adjustment (+),15,False,,,,2026-04-11 09:00:42,2026-10-08 09:00:42,Manual point grant,admin
3f270df9ff432538fdd1f86b5b96008105c810a428c44795c34491f90982232a,ff22ad5a83e32595594b8d9221d109d7f9bec6519d772860d8222301e54ddf94,earn,Admin Adjustment (+),300,False,,,,2026-04-11 10:01:11,,Manual point grant,admin
8116bed8c5db3d0fc3ce09d8742e1ccbf8a21b811e7f94cff0b05c4e5a04f9b7,18faf257ba6922a03804d8b32bc48b9e8d8dc3529f3c98c32e8461e6ea1333f9,earn,Admin Adjustment (+),20,False,,,,2026-04-11 11:39:36,,Manual point grant,admin
83553c26418383f8f4b25a493bdc77b29beb27b86c4f0f772ab9a22b73fea3cb,0c32258e3c936c2eaf222d8868d1d9ec998081e7dfa117e9876902dfed47d3d3,earn,Admin Adjustment (+),10,False,,,,2026-04-11 12:08:13,,Manual point grant,admin
00f5f8ba629107f7f8971a2303403f5ab326a4a29600b193c43bb029ffb960d4,5ab5af6760cc81a45e5fb460f87628ec681c0f692d2db63c9831f2f018c8d301,earn,Admin Adjustment (+),30,False,,,,2026-04-11 12:33:13,,Manual point grant,admin
a34b8c42473812c4db37966b8601bd6adecf8d59e5b097f7f86c4cf73b90e097,b88d8f57cbf74f97c48bf8e3a7ba52cab430ded920a6bed56278cd278f6b9c69,earn,Admin Adjustment (+),10,False,,,,2026-04-11 13:36:34,,Manual point grant,admin
157577d342be1fce121ae4b2cd6ecc27710ff291d5f9a986198ccf1e8a292d71,bf4b607c8335801c9337eeb434891608aa61266b18764b77dd87a6c4771325ad,earn,Admin Adjustment (+),10,False,,,,2026-04-11 14:46:30,,Manual point grant,admin
22e8ed6ce9e512533121e3be55791f6147ae5be42466d7d576fe01d5a10ac07f,642bad0b05be35764601abff87218350023d8b72a07b7c1ba32e3b4abd1e9474,earn,Admin Adjustment (+),10,False,,,,2026-04-11 15:56:58,,Manual point grant,admin
80c080b83eb4762241b8f5161d922754f4ba6b463792604aad3d2980b1d38cab,0357267802707d2da53af5c73d2d8f9f671436927ea2eb5b01631f9c418cefe5,earn,Admin Adjustment (+),10,False,,,,2026-04-12 10:18:29,,Manual point grant,admin
08c0cb398f484d43db7ac0e3586e8296ea097a456f695d92b7ea6aad5b2e6484,05dd121f492dde883117a525c1df359dd94346399e1e5dc7b69ef0dcb8e00a16,earn,Admin Adjustment (+),20,False,,,,2026-04-12 11:45:54,,Manual point grant,admin
d9ab0a9c3f0d1daa6a71e0018183bddba0e5d584e1596764044b91add22db0b4,c097c34b1b28826e60f005af382b66c8c1d0c83dd812669ce00dea7ec79b33ff,earn,Admin Adjustment (+),50,False,,,,2026-04-12 12:09:45,,Manual point grant,admin
5d662857c5df4345fa0e048c1cf1555f1803a90387ff2f542027946eb69f7339,70d6064fce0f3b2ef339b21edf9a549ee76c9bd381c9d6acce710131c03c921e,earn,Admin Adjustment (+),10,False,,,,2026-04-12 12:23:52,,Manual point grant,admin
350545b5849f34b37fab0a8d7a1d8899e58723e2585dacefeb5ba42d7b59e5a3,dc32e655c2abd3b8221175d18034d3be52f2142319021c4950ee84d4de1ae8eb,earn,Admin Adjustment (+),10,False,,,,2026-04-12 14:24:39,2026-10-09 14:24:39,Manual point grant,admin
45bb67e2415612dbe437eff0d0c50e92bef4464e523841c04efc3f5143c0d6f4,b3eb552de0a0f67f0a71865949650c93e78c8e5a147159e68ea59876a4d0f51b,earn,Admin Adjustment (+),20,False,,,,2026-04-12 17:01:18,,Manual point grant,admin
dc643c351a88a236f43735a4e05ac48d5966c24d97589903223b56d0d94971c4,d700ea1d09479e0c5c125481375ae85f31c8de99a0ad054f8005b5e6c0fac837,earn,Admin Adjustment (+),10,False,,,,2026-04-12 19:54:11,,Manual point grant,admin
bf5700cf48ba1c86cf5d794ecf30cf90d70f7cce48e77b162463b5bd96460be4,a5371be890f7605dad814a294a1aa6c890f61a4356f08d30ec0ab9ccf20da0f0,earn,Admin Adjustment (+),10,False,,,,2026-04-13 07:48:26,,Manual point grant,admin
b873a15f4a32b437e189689cae0fd6393b114a63c61db09af31b54f4d781a748,1805cd18b610d4f0e9dd4aeac99d83d76551e1ac8e5495dcafe14397d94cb774,earn,Admin Adjustment (+),20,False,,,,2026-04-13 08:53:27,,Manual point grant,admin
7929a1d8a24921fbc2868ab32347550b4b0a0afbe690f91b8627f7d1c38e3025,11ae86aba7f28445816f46815e200899c986babd632684da1494df16240af3d8,earn,Admin Adjustment (+),10,False,,,,2026-04-13 09:27:56,,Manual point grant,admin
78f664cd1b003f12bfb1f7c52c5d2fb6418815efbd8cc19311683dcb2a9aa84d,6a778f53e276b2e56dd531c6bca9a51c7cc4921ba36b011e76d67052f353b9d8,earn,Admin Adjustment (+),5,False,,,,2026-04-13 10:44:18,,Manual point grant,admin
38deecb8188dbb1d842ec1927d59afc9dd1f567da07cbdf7d171f70a27923541,ca2e6dcd996ce770aa74ad3bd0272d9d3994fb6b7c5946a3f612592cba3777cc,earn,Admin Adjustment (+),10,False,,,,2026-04-13 11:42:01,,Manual point grant,admin
908ded3c372dfb2a772dd69995ca7daeb021aa645c9022ff89d80750b28b0d64,a5371be890f7605dad814a294a1aa6c890f61a4356f08d30ec0ab9ccf20da0f0,earn,Admin Adjustment (+),10,False,,,,2026-04-13 11:42:38,,Manual point grant,admin
661521d99c2798fe6d678d22940903a826cfc3215615dbb4c94c775d15dc0fe2,a4fbc9f143f6ee8eb80376a4effb15d38007085da39db72ce12ab61755d05dde,earn,Admin Adjustment (+),10,False,,,,2026-04-13 13:00:32,,Manual point grant,admin
67c46d2dfe11d6a6c15f1bd570c16e0325a3e34ceb46e3cb4940da8b196b104f,d986d685e1d3a09594b16db3eebf2daef9add0f9ce2a271f39eca9a3970931d7,earn,Admin Adjustment (+),5,False,,,,2026-04-13 14:43:08,,Manual point grant,admin
3e1aaa34fffe2cb9c9f7c5d52a261daad1923dbb7486c8ae6755fa86ca0b405b,51119a3455dc32a4bad89096840853f1f847e76e80d0b2744adb54305f3310a5,earn,Admin Adjustment (+),10,False,,,,2026-04-13 18:04:30,,Manual point grant,admin
85a07bec6da4b93eb434a02a962341078e47b7f6624bf4ae8e82d41f0490dbae,dc32e655c2abd3b8221175d18034d3be52f2142319021c4950ee84d4de1ae8eb,earn,Admin Adjustment (+),20,False,,,,2026-04-14 09:20:15,,Manual point grant,admin
64ff03c998c034ce6498bb26616f29e498cc9f10684c1ac4eb18b9e723aef4e3,a5371be890f7605dad814a294a1aa6c890f61a4356f08d30ec0ab9ccf20da0f0,earn,Admin Adjustment (+),25,False,,,,2026-04-14 09:29:45,,Manual point grant,admin
62188f1fdcdc1fe1e395abe23eca993bd9c793d83b2237a9480dfebfc7930615,9653cb15d827e7dc146a46287914dc88a793e63354a0e5f311b41ef714df0ed3,earn,Admin Adjustment (+),60,False,,,,2026-04-14 09:58:44,,Manual point grant,admin
07544d1c2a682650491ace18583de8ab621a791645dbcb12eed172b5934f67a4,88335f2b1fde41da84a59a25f840bd94d4cefcbf99349229e6ad88b821772bd2,earn,Admin Adjustment (+),25,False,,,,2026-04-14 10:00:45,,Manual point grant,admin
cbcc9967320d5e171fbb7e387efc55757103f792a0b6a2ebade15d90c6f3149f,653fe1fc46ebbf17b5f3f8f8e3db7a01f33d401a21f9eebb57c3eb645aa20d7b,earn,Admin Adjustment (+),10,False,,,,2026-04-14 11:10:45,,Manual point grant,admin
ec8bf2011e6faa7211a1435042156408a8f9a2f5af26dec4d8749613b763a1a0,99cfc4f3a317d79c15d51bb16746f35a8cbe4520ec185b5d959a39ca27000e27,earn,Admin Adjustment (+),25,False,,,,2026-04-14 12:04:07,,Manual point grant,admin
1ce04db38d2b183d4887a6d7ccea1ef1b77a2a96818ef852389cd9b16391396d,c16d69c03bf20932e60535de01303a169e4464bb000a79431ceb098d1522524f,earn,Admin Adjustment (+),25,False,,,,2026-04-14 21:43:55,,Manual point grant,admin
98bc3c6e22df0050a64d15e69f32d25d432206003330b589e09192a647ff6062,716508881a407b64153e43cb1ab1746ea81e187da69e3bc769c9cb11232d19d3,earn,Admin Adjustment (+),10,False,,,,2026-04-14 21:58:44,,Manual point grant,admin
ea98be224e48c60fd4f12436ff69bf3e5465c18c55453decff1752ddd4096ef2,dc6c6ed3352b9e3131a29fbc4a0de86324d4d853fd7f3075c7c85cb287a757af,earn,Admin Adjustment (+),5,False,,,,2026-04-15 07:32:07,,Manual point grant,admin
720454664001bcd4592dc5e445e23eabacb46c5ad1e375b68995b6595b18966b,74d79fa48fb9c592ff3cc398610deb3c025465430736e1c628150ea027c3bdf0,earn,Admin Adjustment (+),10,False,,,,2026-04-15 10:29:19,,Manual point grant,admin
42afe778aff89d410281c30919e2b943991b35bf100c832b6e51ae9da6555ced,dc32e655c2abd3b8221175d18034d3be52f2142319021c4950ee84d4de1ae8eb,earn,Admin Adjustment (+),10,False,,,,2026-04-15 12:02:47,2026-10-12 12:02:47,Manual point grant,admin
01b799c4a9714bbba2ae6576b9ce1e7e4471c6127cac0ab8e99f07cff2ff360f,2291349a28cfeb08cfc82c4b6dadf009426b7440f1c9fd833e824cf7955f7bcf,earn,Admin Adjustment (+),5,False,,,,2026-04-16 08:45:13,,Manual point grant,admin
b4119dc89bd2d5e778ce7138d6b345ea5b44a91739ae6610b7dd9a1e39688538,a7ba72bd68a4caa4afda5f062409afde37657f402fed81d6466b62612a2f068d,earn,Admin Adjustment (+),10,False,,,,2026-04-16 10:13:57,,Manual point grant,admin
e1c9da1ce4c42ade095d3262645bc0b830e4dcb0cdfeac4cdfa6bd53ca66d2fa,7d05a042bca1664d46ffb3e0cc7e61805072a66609f037e5716bd9acef69babd,earn,Referral,25,False,,,,2026-04-16 10:24:03,,Referral bonus,customer
c4cff9fe17ae92199b95bcda97c090c9f08e0fa288745a514e136f7f11c62f96,9b33e3d0c4ff628e166b7efb8fd55c09cba3e063f6495d33fbca3ad8ee2c6d1e,earn,Admin Adjustment (+),20,False,,,,2026-04-16 11:44:23,,Manual point grant,admin
fb7e7388d24ac1ef1d51947b660815fb43d5b19fc5c9d3c514f8f75eaed28181,99cfc4f3a317d79c15d51bb16746f35a8cbe4520ec185b5d959a39ca27000e27,earn,Admin Adjustment (+),15,False,,,,2026-04-16 12:51:05,,Manual point grant,admin
e9ce33d338759cca36b2f2af53ffa468cd8b19df9a3f6f37cc3d5a75c613a158,ac735306a8aa503c7380285f162117b2991cfb026895d51c483d4ce6be2d39ba,earn,Referral,25,False,,,,2026-04-16 14:09:38,,Referral bonus,customer
e8278bd1eb3fd3651134099e96398d7f912d0da9ec1b3cfa02258c3f48e7b21e,0d3408992aa5cde329676d42510ce925946ad6241a2ea928fb54547f83f443c7,earn,Admin Adjustment (+),25,False,,,,2026-04-16 14:11:45,,Manual point grant,admin
0d634c6aa861351d1d332df1aa080043916f809f8134e4020aee502a94c9b719,ac735306a8aa503c7380285f162117b2991cfb026895d51c483d4ce6be2d39ba,earn,Admin Adjustment (+),10,False,,,,2026-04-16 14:13:09,,Manual point grant,admin
5f599253e2706dea8e54bba3b63f1faa22e52a0dbd01dbc7b1e2c0775c677a96,b3eb552de0a0f67f0a71865949650c93e78c8e5a147159e68ea59876a4d0f51b,earn,Admin Adjustment (+),25,False,,,,2026-04-16 14:23:11,,Manual point grant,admin
3aed7bafb41b4387aa9d1e6d0a0c4fb2bfa25413d4ef263dcd4ca8fd88477ac1,7d0b62c3a1ff147bf8df871d63bc1ba74c525eaa78e0bcb1bac46b882a79ebf4,earn,Admin Adjustment (+),10,False,,,,2026-04-16 16:24:22,,Manual point grant,admin
265a9fb542a2d59b573eaf41cc16b9f25d6edf1f509d1e5e63b76eb3e938c136,ff22ad5a83e32595594b8d9221d109d7f9bec6519d772860d8222301e54ddf94,earn,Admin Adjustment (+),20,False,,,,2026-04-16 19:07:56,,Manual point grant,admin
f3ec80c8bbb12ca145b0b5a972a8ad925ecec3bca14a9179ba5fa7faac8da2bc,642bad0b05be35764601abff87218350023d8b72a07b7c1ba32e3b4abd1e9474,earn,Welcome Bonus,10,False,,,,2026-04-17 00:28:00,2026-10-14 00:28:00,Welcome to Raw Smith Circle!,customer
55c9e9b61f44c15c3b6d7ca331c0691df67d740c3c4e8fe9617b1d2f5204a402,d93fbc85257c4367a197bfa2585ef581a41b8ac58589f0e5d49ddca1f29ae30d,earn,Welcome Bonus,10,False,,,,2026-04-17 00:38:00,2026-10-14 00:38:00,Welcome to Raw Smith Circle!,customer
998beff6ae46e3f60d18cc279dd16d8f54984d33f058a9f5119a6ce190816135,8cf1b970c0ee0e57cb5cd48ed5658dd84380d6d76272d8ba4d5ac1e954741d71,earn,Admin Adjustment (+),25,False,,,,2026-04-17 08:43:24,,Manual point grant,admin
30b7989ebe398eca3bec5eafb1770810dd75fa98e3b42f8544f9b467cdb4707b,56c2f8cce00fd45a61a60543335abb2cb666f70f6db54c3d3722d1b86c6379b2,earn,Admin Adjustment (+),5,False,,,,2026-04-17 10:17:11,2026-10-14 10:17:11,Manual point grant,admin
63948c6802deb21adc66d90bdda7da70bf69dd614a078792e21921450e8feb72,2d662ad03bcb6c818ea8cff3a82baf6d6208981b53b710e1eedf824b354f3251,earn,Admin Adjustment (+),5,False,,,,2026-04-17 10:58:14,,Manual point grant,admin
a5d7ae7003a55121e4a25170e3eb48fe199220c1c0efd77ca563c605a1fc8713,d986d685e1d3a09594b16db3eebf2daef9add0f9ce2a271f39eca9a3970931d7,earn,Admin Adjustment (+),300,False,,,,2026-04-17 11:57:23,,Manual point grant,admin
7217a5d5b91a6a673f201cb4e7413182dfeb51a5c70301147c6ecd88e11cde0e,2291349a28cfeb08cfc82c4b6dadf009426b7440f1c9fd833e824cf7955f7bcf,earn,Admin Adjustment (+),30,False,,,,2026-04-17 13:33:05,,Manual point grant,admin
e9880676cc4d338d6bd6743680a4a4ab4bde4d2fcde234e219f868e27fd94ad3,de9e8dc68138654cadf078b09d7e41c1636e36acb67588623256eb403dc550b3,earn,Admin Adjustment (+),10,False,,,,2026-04-17 17:45:35,,Manual point grant,admin
07a50c2992eb132f68c0a2b708e9cb2161de9156d02871f413a5678f0dd8254d,2e8f0e76c882f5903f22ccf95aa653083fffbe09cb425883ad0cb59769e08f3a,earn,Admin Adjustment (+),10,False,,,,2026-04-17 20:38:36,,Manual point grant,admin
74e8a671f452445c9bd9f1aa5b0e6c67c9c901856132749b53d53a5112ccb4cd,0b967561b4dbe706e7b417df39203cdc52fbd9bd2d83dbf54ddec980282fb3b8,earn,Welcome Bonus,10,False,,,,2026-04-18 00:06:00,2026-10-15 00:06:00,Welcome to Raw Smith Circle!,customer
1965c84a1cff0bceffa30658d103f4bc95f693634658efd5529c8bd9cbaca32a,18faf257ba6922a03804d8b32bc48b9e8d8dc3529f3c98c32e8461e6ea1333f9,earn,Admin Adjustment (+),10,False,,,,2026-04-18 06:52:14,,Manual point grant,admin
78603a11dce9f6047cfb148cc1b567b64bd8b723a2e7d2d11f2281bf1136a7fb,18faf257ba6922a03804d8b32bc48b9e8d8dc3529f3c98c32e8461e6ea1333f9,redeem,Redemption,-75,False,,,1263198b51f764cce09198f6bb60bfc1cd9cdcb55b9fc1e769a6d26aeb435a08,2026-04-18 14:50:41,,Redeemed: Free Drip Coffee,customer
b35a1cac924adde929da5ee51cdc3242f25461f39f7728bc19dbb6845bc630cc,99cfc4f3a317d79c15d51bb16746f35a8cbe4520ec185b5d959a39ca27000e27,earn,Admin Adjustment (+),10,False,,,,2026-04-18 15:15:06,,Manual point grant,admin
c3d6b9b39cb0f922d079da20016f80f5d86e1f579477f5efa4177a7f03d27dd1,70d6064fce0f3b2ef339b21edf9a549ee76c9bd381c9d6acce710131c03c921e,earn,Admin Adjustment (+),15,False,,,,2026-04-18 16:38:56,,Manual point grant,admin
7d870f0477fd52041521ed6cf6448239e9bc10776ecf256729ea51c4ebfd2d8a,74721417059728ab56643221bf8e92feb4a74cd869f0aa9e5f41f99dca27b9ef,earn,Admin Adjustment (+),25,False,,,,2026-04-19 02:57:40,,Manual point grant,admin
5978da306c2f20bae65fce7bb37c568b0aa19f97d4962c09940f1fcb1c9e568b,bb7f9ee8f1fe2a813527d65e461a94e3464130acb90db65a1ca9c29a0fdac23f,earn,Admin Adjustment (+),5,False,,,,2026-04-19 08:50:15,2026-10-16 08:50:15,Manual point grant,admin
c8fb67c5ec5b8142afa2bc534687ee307582d9e863f41f7738cc12a0c8e76883,b88d8f57cbf74f97c48bf8e3a7ba52cab430ded920a6bed56278cd278f6b9c69,earn,Admin Adjustment (+),25,False,,,,2026-04-19 08:57:28,,Manual point grant,admin
d4127065933c0aa3a4c0bb195077df232664243b0bb789619201fa44682b1bea,a5371be890f7605dad814a294a1aa6c890f61a4356f08d30ec0ab9ccf20da0f0,earn,Admin Adjustment (+),20,False,,,,2026-04-19 11:32:43,,Manual point grant,admin
2436ca34e71833dea855f47ff4552da47339415c7daeb15b61df28e1ecb6b8a9,2cb88112fa7ad53e58327912695ffccac99701b4b668913b7cc20291fea7490b,earn,Admin Adjustment (+),10,False,,,,2026-04-19 17:07:37,,Manual point grant,admin
72b323783a2bfec9be099f77fe2e15333a03ce6da95a707e1f830fa1cb88a578,c234f4a55eb264722cb6de6e74e84f7fd0c43d832542ff18b54c256b5bd9366e,earn,Admin Adjustment (+),5,False,,,,2026-04-19 17:55:09,,Manual point grant,admin
5236cf627448e29cb4b233ef7671216f746fcb5cbc47b7713e2a92452a51b2bf,2d662ad03bcb6c818ea8cff3a82baf6d6208981b53b710e1eedf824b354f3251,earn,Welcome Bonus,10,False,,,,2026-04-20 00:35:00,2026-10-17 00:35:00,Welcome to Raw Smith Circle!,customer
7f5145d4a18d2045fbbd5ae981c44827473dba81eedb40382d9d3fbfaf84c614,de9e8dc68138654cadf078b09d7e41c1636e36acb67588623256eb403dc550b3,earn,Admin Adjustment (+),5,False,,,,2026-04-20 09:40:27,2026-10-17 09:40:27,Manual point grant,admin
7f4a34837952d0ab02a87a36c149b06d3e0de066ec69fb1d542528bdf87ca69b,0c32258e3c936c2eaf222d8868d1d9ec998081e7dfa117e9876902dfed47d3d3,earn,Admin Adjustment (+),10,False,,,,2026-04-20 12:57:00,,Manual point grant,admin
49d711c1c0b0ea5d3d6dd5a355c55cc33435c4dc67db487d9b6567895b2ff3e7,d747f3147243b1b63899c9a5b0d1853ae4cb9e03f2a86a62241d6363ec4bf033,earn,Admin Adjustment (+),10,False,,,,2026-04-20 16:33:21,,Manual point grant,admin
0da0ac58805abb681a5c468ae0d4447e066c1205596ef45d0ff622cc6a803623,579da5019dd74d0aaef5b375021936697054dc4c4698d8b5969f3c53ac3cc368,earn,Admin Adjustment (+),10,False,,,,2026-04-20 18:35:10,2026-10-17 18:35:10,Manual point grant,admin
8fee0a81dbc64f08164a971dd44db9f7ae630d976b1fd14cb46eb84660373022,cbe0cc2e3c71af739591c458f36d5c2a2bda23b5721a0dcaee07fe735823b2a6,redeem,Redemption,-200,False,,,43b50b09854a2f536862716ce9c04e3b0c3c7815c478d869c1e8ad1264fd5f6a,2026-04-21 11:40:41,,Redeemed: Raw Smith Merch Tote,customer
96b9f486442d7fd32c9abf3f1db07206b43735e765dba85a18421b693c417069,ca2e6dcd996ce770aa74ad3bd0272d9d3994fb6b7c5946a3f612592cba3777cc,earn,Admin Adjustment (+),10,False,,,,2026-04-21 12:17:49,,Manual point grant,admin
e7bc207f0aa4185a88dceae2649e172a3d0aac701e139b2946f85e7b25b2cb69,d0d2247cdf00c6beeb2f658e7d1141d9319f85a4e57acd15ecfa6aa0f1d14b31,earn,Admin Adjustment (+),5,False,,,,2026-04-21 13:14:58,2026-10-18 13:14:58,Manual point grant,admin
20037fb0a181e6666242924403dae49715cd6bb85a383fce58469926afc69d05,d300865f64e1c69f6165fbebcfdd3e8f919c34f6db2d412ac381dec1589a843a,earn,Admin Adjustment (+),5,False,,,,2026-04-21 16:03:12,,Manual point grant,admin
8a2b268a78239eed538ec533a404c1f67611c835c2f337c01cdd70faf60bc827,7c3ed7730f0ca83a853404ec99d01be8ce4f75980f76d47d2b76d6bc1b87549e,earn,Admin Adjustment (+),5,False,,,,2026-04-21 18:10:07,,Manual point grant,admin
2bc0c291b47f3565da9928d06ed82cd171d45b4ab12c663b94b7eb2854bb54f8,fb812e987eeb88cda1a9d54159fa441826c866053835948a5ba9682e1999413e,earn,Admin Adjustment (+),25,False,,,,2026-04-21 23:09:04,,Manual point grant,admin
9df25c5900eb49d53d3f21ee2aa985d1e8657f4bf8d47d56a18e95320a715140,022ed022d58340abfb9e11fe980e1c419717bd640236544827edbb73995f6c7c,earn,Admin Adjustment (+),10,False,,,,2026-04-22 09:51:21,,Manual point grant,admin
efb815a88519f5a160609d43d858e164d70cda9d72b841a0c2965e10c9c3cd51,f4e24a75f2e8c69ab9a3c08bcc3a6fa0ed93ff4b986afede1010ca8dd46eec45,earn,Admin Adjustment (+),15,False,,,,2026-04-22 11:00:43,,Manual point grant,admin
3a0a1da08c4eb3228c0371793056ce8ff6edabb79251d6762c2b497afc071568,99464bc01aa23b70b8852bce183f82600a9ba496baa75ec28f0f3cf506b6b565,earn,Admin Adjustment (+),40,False,,,,2026-04-22 11:23:18,,Manual point grant,admin
b274573edb767c647a7b083ceee06a4f9e95ebf58d8a35ea98aba86ff31ce5a6,c16d69c03bf20932e60535de01303a169e4464bb000a79431ceb098d1522524f,earn,Admin Adjustment (+),5,False,,,,2026-04-22 12:07:22,,Manual point grant,admin
5aea529c1e7c004343407cb31a8aef3f4d0471a6ddf374dc805c435d5c839292,0b967561b4dbe706e7b417df39203cdc52fbd9bd2d83dbf54ddec980282fb3b8,earn,Admin Adjustment (+),10,False,,,,2026-04-22 12:38:14,,Manual point grant,admin
1f7f0396490349fbff67b73b2aa788b6f9662423bf77abefa5b4454198c3ff9a,dc6c6ed3352b9e3131a29fbc4a0de86324d4d853fd7f3075c7c85cb287a757af,earn,Admin Adjustment (+),25,False,,,,2026-04-22 13:24:14,,Manual point grant,admin
d445d9d4076078dc0f9fe60d77ff7b30a46026b65c0625bcd08eb842a0ec8160,653fe1fc46ebbf17b5f3f8f8e3db7a01f33d401a21f9eebb57c3eb645aa20d7b,earn,Admin Adjustment (+),5,False,,,,2026-04-22 13:41:54,2026-10-19 13:41:54,Manual point grant,admin
3ffce4f264892c65bc3ab6c4e81249890a33d88461f50773a8e22494a4f578b7,653fe1fc46ebbf17b5f3f8f8e3db7a01f33d401a21f9eebb57c3eb645aa20d7b,earn,Admin Adjustment (+),10,False,,,,2026-04-22 20:31:39,2026-10-19 20:31:39,Manual point grant,admin
6661c29454c752a80b933a8d41befad15fa5ce6a2ece9f6943b515b2efcc9dfe,1805cd18b610d4f0e9dd4aeac99d83d76551e1ac8e5495dcafe14397d94cb774,earn,Welcome Bonus,10,False,,,,2026-04-23 00:48:00,2026-10-20 00:48:00,Welcome to Raw Smith Circle!,customer
3d5044a3b8a04aae064bde313515465890d31d841c092e659b5705d8c7f47c4e,37912de43d9f18b3701a95ddfd0a015a3541651913eeb1d0c84b01637ea6ea4c,earn,Welcome Bonus,10,False,,,,2026-04-23 00:58:00,2026-10-20 00:58:00,Welcome to Raw Smith Circle!,customer
4ef6c49f4e9c42f49f5f75a18f73334a0ab917d24c36160d29e03352c61fe42f,579da5019dd74d0aaef5b375021936697054dc4c4698d8b5969f3c53ac3cc368,earn,Admin Adjustment (+),10,False,,,,2026-04-23 03:26:05,,Manual point grant,admin
e29e0c7b9f02a965922ccdbdbc834c1012042d0b0844fe5e7a22d6ca5dc7f4bf,a7289bd8b1618463665127e90d6a93a0833404d4ff535505af69a36320ab4d66,earn,Admin Adjustment (+),10,False,,,,2026-04-23 09:47:30,,Manual point grant,admin
be1706ff88901d6e2c919139df0d81d1db0573502af7accc62cc038568651742,cffe157722e96ff5b189a894d08326c3ace0f2d79c90daa012e141b17fb264f2,earn,Admin Adjustment (+),10,False,,,,2026-04-23 10:04:22,,Manual point grant,admin
d5bc592d8eb4e4b50d35b274b3818e39f50967906640a03ec7df619ef11c8127,8c14f6f19e902454ca59e6b18d6c8a2d5340805a65a05dcb237c6f70007011b9,earn,Admin Adjustment (+),75,False,,,,2026-04-23 13:13:53,,Manual point grant,admin
91d70d0f39fa3efe1e2b7255636cf2e9784848f9810ba477d86582276f811c32,9a7112834a9a5f55b6a98974a27226f1072a02576b624f726cff1b55f0d64a05,earn,Admin Adjustment (+),10,False,,,,2026-04-23 14:52:58,2026-10-20 14:52:58,Manual point grant,admin
4d444898a27737f701437cc0117da6d3c7f398c104372959aeba1bd0726b2872,cbe0cc2e3c71af739591c458f36d5c2a2bda23b5721a0dcaee07fe735823b2a6,earn,Admin Adjustment (+),10,False,,,,2026-04-24 10:30:02,,Manual point grant,admin
c197722e414bb2fc1944358d9ddccb8d016e407865d546b19e052af6b5ee1cd2,c16d69c03bf20932e60535de01303a169e4464bb000a79431ceb098d1522524f,earn,Admin Adjustment (+),10,False,,,,2026-04-24 11:24:58,,Manual point grant,admin
11d3efcf21f45b87e7abe50845c9656155b564b8976c7ddc18d725ccacea54e5,c234f4a55eb264722cb6de6e74e84f7fd0c43d832542ff18b54c256b5bd9366e,earn,Admin Adjustment (+),10,False,,,,2026-04-24 11:38:12,,Manual point grant,admin
64e0e59143d0aac10dbc12fca6af74d21f40c7927194e7b99d6016003db5694a,2cb88112fa7ad53e58327912695ffccac99701b4b668913b7cc20291fea7490b,earn,Admin Adjustment (+),10,False,,,,2026-04-24 13:46:35,,Manual point grant,admin
084d3c6a6496cf4a8224634fd30b7b3656a1580f3828430ddae9f425a18b7fda,f5b20136157c0cff8c5ea61346789079efb90608cc2ec788e421a96b8c3ce866,earn,Admin Adjustment (+),10,False,,,,2026-04-24 14:00:35,,Manual point grant,admin
0a709f6857e9939cbee8ee00c8f1fb121cfb2af44e87ee57a288ce1302ae8f49,d700ea1d09479e0c5c125481375ae85f31c8de99a0ad054f8005b5e6c0fac837,earn,Admin Adjustment (+),40,False,,,,2026-04-24 14:18:05,,Manual point grant,admin
b6f5ff342f76d43ac895aee9707c70666cf4263969fecb97296661f31827b566,8cf1b970c0ee0e57cb5cd48ed5658dd84380d6d76272d8ba4d5ac1e954741d71,earn,Admin Adjustment (+),5,False,,,,2026-04-24 14:20:07,,Manual point grant,admin
6ee1c070e11d39f1129bf7c991a1029cec4bac7f6297118cf89a87996c48fd8e,9653cb15d827e7dc146a46287914dc88a793e63354a0e5f311b41ef714df0ed3,earn,Admin Adjustment (+),5,False,,,,2026-04-24 15:06:16,,Manual point grant,admin
25aa6b289b1d7da57684aea382db7d8b5a54b69ec13b959ed9d70c8b155f21dc,08e79d8d15491b3daa13f49786087a0d2cbc82161b48a7a07d87b80ff819edd2,earn,Welcome Bonus,10,False,,,,2026-04-25 00:44:00,2026-10-22 00:44:00,Welcome to Raw Smith Circle!,customer
02b7245bde0b521b3630029b0229426db030a380e34ee9b90754dc912ef48668,579da5019dd74d0aaef5b375021936697054dc4c4698d8b5969f3c53ac3cc368,earn,Drink Purchase,5,True,filter,2.5,,2026-04-25 10:46:16,2026-10-22 10:46:16,Drink purchase points,customer
304b0c0a6adfaadecefafb0d572bceeaeb78a752323739d8b76c7ae6de11dbe8,2291349a28cfeb08cfc82c4b6dadf009426b7440f1c9fd833e824cf7955f7bcf,earn,Admin Adjustment (+),20,False,,,,2026-04-25 12:00:49,,Manual point grant,admin
4dfefc84cae3a7e61dd0b8e885d10a93519c902fddd3849bff76cedc32e41f97,9b33e3d0c4ff628e166b7efb8fd55c09cba3e063f6495d33fbca3ad8ee2c6d1e,earn,Admin Adjustment (+),5,False,,,,2026-04-25 13:03:22,,Manual point grant,admin
2dba844779c36f5a1abac1e29962c30c57730f60019f3d4bd7abedc1160ae221,d700ea1d09479e0c5c125481375ae85f31c8de99a0ad054f8005b5e6c0fac837,earn,Admin Adjustment (+),10,False,,,,2026-04-25 13:20:46,2026-10-22 13:20:46,Manual point grant,admin
a9300ff1c20dd9da22bdfcb27b2fcb4910767bc9fb2bb6d3077f1db14edeacc5,cf673c3606a87b545a21752650d3688ce2bdf6193f2c23c12349e0aa23c95a04,earn,Admin Adjustment (+),10,False,,,,2026-04-25 14:30:58,,Manual point grant,admin
846d32c9a89c5ee2e21e6ab7c8df80818c7f50b583adac2bb3d472e79aee9500,9b33e3d0c4ff628e166b7efb8fd55c09cba3e063f6495d33fbca3ad8ee2c6d1e,earn,Admin Adjustment (+),5,False,,,,2026-04-25 15:16:10,,Manual point grant,admin
a0ae88418453ec27eb7379abb974ff634ac5a20b895b9e126a46f6fd04937f59,1805cd18b610d4f0e9dd4aeac99d83d76551e1ac8e5495dcafe14397d94cb774,earn,Admin Adjustment (+),5,False,,,,2026-04-25 18:43:57,,Manual point grant,admin
8c41275314e93de1f1df5cba94e5a728154dad00cd915d88fa958afe070f3d37,e1e94359f6c372cc51698dc8090790cc62bffa2d3e602b1003c3d819a9c94bcc,earn,Admin Adjustment (+),20,False,,,,2026-04-25 19:16:31,,Manual point grant,admin
2a1617d403b674c7275976c90e8ef038f252457d0cc5c990ce156026ac914ac6,d747f3147243b1b63899c9a5b0d1853ae4cb9e03f2a86a62241d6363ec4bf033,earn,Admin Adjustment (+),15,False,,,,2026-04-26 10:47:31,,Manual point grant,admin
592c3a0511ab68deeb1fe4682f48960567a768a119ccd3898ad9f070bc192ba3,0c32258e3c936c2eaf222d8868d1d9ec998081e7dfa117e9876902dfed47d3d3,earn,Admin Adjustment (+),10,False,,,,2026-04-26 11:43:48,2026-10-23 11:43:48,Manual point grant,admin
00db5b3a3025253568bf27ab15add8f4d1ac29fcef7d1a7ee9af72ad02c6f888,7c3ed7730f0ca83a853404ec99d01be8ce4f75980f76d47d2b76d6bc1b87549e,earn,Admin Adjustment (+),60,False,,,,2026-04-26 12:48:24,,Manual point grant,admin
f5214c8fa62faafd5ca3614216f004acde3d62b5f56960e000a0483f3591f4ef,de9e8dc68138654cadf078b09d7e41c1636e36acb67588623256eb403dc550b3,earn,Admin Adjustment (+),10,False,,,,2026-04-26 17:42:10,,Manual point grant,admin
807ae328dcf8f97cf782a5586e09dc92fac9856122a0768ab44d9cfe0082e0b4,305a12e7f6ec0efc4c5de1d8b3b835cdc641401ac6f3f9a116415a104f8e02ed,earn,Admin Adjustment (+),25,False,,,,2026-04-27 06:02:29,2026-10-24 06:02:29,Manual point grant,admin
7f9aa0ffafd044d26cca05852d52b04dc2523d141152352be7f2cf2f6657140d,ca2e6dcd996ce770aa74ad3bd0272d9d3994fb6b7c5946a3f612592cba3777cc,earn,Admin Adjustment (+),10,False,,,,2026-04-27 07:31:15,2026-10-24 07:31:15,Manual point grant,admin
08a63bcd9dea7dd8954f99598a758ee2597490870f6366b78b0463a6e9399ea8,9a7112834a9a5f55b6a98974a27226f1072a02576b624f726cff1b55f0d64a05,earn,Admin Adjustment (+),10,False,,,,2026-04-27 13:09:49,,Manual point grant,admin
d0914b9d4ee89692aa0260c3e3e0cb69a6810a336f51c52a240f431e42b6ee6d,22ca65df880594d9b4e5c80774fe8afe6707bd21ba75ee4049d50951e92a2012,earn,Admin Adjustment (+),10,False,,,,2026-04-27 15:31:30,,Manual point grant,admin
4a3d0ea8bf714b31917107ec263dd8e14cbf4b36a5c223796a4e5c06d9c0c8c5,a4fbc9f143f6ee8eb80376a4effb15d38007085da39db72ce12ab61755d05dde,earn,Admin Adjustment (+),10,False,,,,2026-04-27 16:07:02,,Manual point grant,admin
397ced421cc0a21ee8128f15794fa0a41d8c4267846e618385e9c454eab0807f,01ce66bda34d8522fd5b741f0c5f0b877dbd89826e89c99d6d41947db2e53bcd,earn,Admin Adjustment (+),20,False,,,,2026-04-27 18:28:05,,Manual point grant,admin
2e1086bdf56b7f94ce914b27b17779a0c3f7e04c828bc990f3902e583024a29e,7d05a042bca1664d46ffb3e0cc7e61805072a66609f037e5716bd9acef69babd,earn,Admin Adjustment (+),10,False,,,,2026-04-28 10:51:43,,Manual point grant,admin
b0ced0ef5496022ab8b686d87d550bb2184d79f05c8b4e53288171216b962eeb,308c7ac0094cc2b1137bc1aa0a796f5e144026ab28fef033092f468dbed0479a,earn,Admin Adjustment (+),5,False,,,,2026-04-28 12:37:56,,Manual point grant,admin
01c6f1d3895461f5c1a866257d202257bedda57378aa7993e174af89c56ab16c,eacacd00ff11f46719d582facbc7cbe4875e41b9ddd4b81a1838ac3b859ab353,earn,Admin Adjustment (+),5,False,,,,2026-04-28 14:06:55,,Manual point grant,admin
d19ce04754048be85e861ad87d858540e4537fe0bcde99bb223b1743561b41ab,37912de43d9f18b3701a95ddfd0a015a3541651913eeb1d0c84b01637ea6ea4c,earn,Admin Adjustment (+),10,False,,,,2026-04-28 16:12:05,,Manual point grant,admin
23e224fdbdd11fd67bfd302a50e009417a5d23b06181a70390e5141f990e2a6f,6dac106c43be786560dae9ffa4fec30a00275f8c3649e643a67745a6f526de90,earn,Admin Adjustment (+),50,False,,,,2026-04-29 00:02:02,,Manual point grant,admin
5c13bd818641a7b7d94bfd10303e9df51f8e68acb984f73e4de1941b37550c5c,dc32e655c2abd3b8221175d18034d3be52f2142319021c4950ee84d4de1ae8eb,earn,Admin Adjustment (+),10,False,,,,2026-04-29 10:39:23,,Manual point grant,admin
f7dd49d57e730728ce97b0a79318de04dc8f4b6c793a86363ed47714bcd09963,a5371be890f7605dad814a294a1aa6c890f61a4356f08d30ec0ab9ccf20da0f0,earn,Admin Adjustment (+),10,False,,,,2026-04-29 11:53:27,,Manual point grant,admin
b27453dfaa7ae64ae54b9cad6dca5ded8ac2f3c4270e938133e78754ea88aa07,9b33e3d0c4ff628e166b7efb8fd55c09cba3e063f6495d33fbca3ad8ee2c6d1e,earn,Admin Adjustment (+),75,False,,,,2026-04-29 13:45:18,,Manual point grant,admin
a3d80c94d58dcab4abea34ab54ce23d604ab0170fee36d300de0cf3e24dfb578,70d6064fce0f3b2ef339b21edf9a549ee76c9bd381c9d6acce710131c03c921e,earn,Admin Adjustment (+),25,False,,,,2026-04-29 13:54:45,,Manual point grant,admin
7cc71272ed12e1aa73b82324c304d4feb3a5cc4c39b305fede5fa799173908f7,3f6c972319dbbe576cad2270b2237c43289f21ea736d29e0b1f2050d97b129f5,earn,Admin Adjustment (+),10,False,,,,2026-04-29 14:10:55,,Manual point grant,admin
add8d9741cdf6e7922d228b274dc4d415f579613b8715760e4147feaed5c58b2,579da5019dd74d0aaef5b375021936697054dc4c4698d8b5969f3c53ac3cc368,earn,Admin Adjustment (+),20,False,,,,2026-04-29 14:21:40,,Manual point grant,admin
b82180a0442b8751041558866505ce27212615d799fb7452c0d3dd8e75b7f1d5,7d05a042bca1664d46ffb3e0cc7e61805072a66609f037e5716bd9acef69babd,earn,Admin Adjustment (+),10,False,,,,2026-04-29 15:51:00,,Manual point grant,admin
e94a6157dcaeb2a759a264bea78fce34fd005250045a52d6439d062c439787ff,0b967561b4dbe706e7b417df39203cdc52fbd9bd2d83dbf54ddec980282fb3b8,earn,Admin Adjustment (+),25,False,,,,2026-04-29 16:04:09,,Manual point grant,admin
7c478b9b93f96bbce2b31dc24be1eb3e8139b68a59ac5c2b33137137ea5b8369,9f21a94829ef027ac0a2034b95d633140f069bf83dd7b64316283343eecd0d88,earn,Admin Adjustment (+),5,False,,,,2026-04-29 18:55:17,,Manual point grant,admin
b6b9d63dd5b757d4bafcc60aa677da203d60198e629d57021979af486792fa05,d0d2247cdf00c6beeb2f658e7d1141d9319f85a4e57acd15ecfa6aa0f1d14b31,earn,Admin Adjustment (+),10,False,,,,2026-04-30 13:22:52,,Manual point grant,admin
e8cce9a0d31f9614a5604df213404edd0a55aaa340be44742d85842f5c05c548,7725c475d921457bf4697659afd55bc6ab1b8370e203066a9b80e8b0ecc976f6,earn,Referral,25,False,,,,2026-04-30 16:44:47,,Referral bonus,customer
0b189089b12d7dfd44959e9fc5d94a648517ce02d9190adeb36dda742c8671fb,050f2b8c6f0d503728dd5adf1a68e2a72d4b74b90e8d5d854c53df0eb44408e8,earn,Admin Adjustment (+),10,False,,,,2026-05-01 09:06:18,,Manual point grant,admin
f10cea6b7f943cc04a15a4728f607fae4f220ef830d69648f25c5ec499263757,653fe1fc46ebbf17b5f3f8f8e3db7a01f33d401a21f9eebb57c3eb645aa20d7b,earn,Admin Adjustment (+),10,False,,,,2026-05-01 10:51:30,,Manual point grant,admin
2274c95ee53909d918683fe553ed5584a251e339eb6bd3928a011c07038e416d,18faf257ba6922a03804d8b32bc48b9e8d8dc3529f3c98c32e8461e6ea1333f9,earn,Admin Adjustment (+),10,False,,,,2026-05-01 13:16:00,,Manual point grant,admin
b5bf9b7766455bc84d3c5b2d388f2747e2e066f4e3e49c43d584e53689aff3e8,51119a3455dc32a4bad89096840853f1f847e76e80d0b2744adb54305f3310a5,earn,Admin Adjustment (+),15,False,,,,2026-05-02 10:33:40,,Manual point grant,admin
a3e1fd43338c7cf2caeb6e4e3a1fb9d32c3bc834504ed7fe06aac15bfa8f72c3,5ab5af6760cc81a45e5fb460f87628ec681c0f692d2db63c9831f2f018c8d301,earn,Admin Adjustment (+),10,False,,,,2026-05-02 11:21:50,,Manual point grant,admin
2e114ca31fa006624391d1ca20c0f8f3cb7f77959292e0e8ef5de0eb4e394ad1,0c32258e3c936c2eaf222d8868d1d9ec998081e7dfa117e9876902dfed47d3d3,earn,Admin Adjustment (+),50,False,,,,2026-05-02 13:58:45,,Manual point grant,admin
c04784a1856b34ee3edf991e65ad3c0fbf78781a7671febc5294863ea08d10f4,dffedc0fbf486a8edadc0acf3efff1fde41025d2995bc9a1207f6cc1030e413c,earn,Welcome Bonus,10,False,,,,2026-05-03 00:07:00,2026-10-30 00:07:00,Welcome to Raw Smith Circle!,customer
24ab0bed863e156434c71c8b0194abcbbccbb10dba50269615997c62f2aa09d5,050f2b8c6f0d503728dd5adf1a68e2a72d4b74b90e8d5d854c53df0eb44408e8,earn,Admin Adjustment (+),10,False,,,,2026-05-03 08:46:33,,Manual point grant,admin
1803bdb0a71475c120fbc844b0b82d4e8e9ee7c0be3ee71c03b1d93feb63398b,56c2f8cce00fd45a61a60543335abb2cb666f70f6db54c3d3722d1b86c6379b2,earn,Admin Adjustment (+),10,False,,,,2026-05-03 09:56:29,2026-10-30 09:56:29,Manual point grant,admin
7ec64fa2ee5f6cd1c2e1f11fb62a962ae95e0de7cd73f3f3497bb4599a4cc4c3,cfe3f41fc069725a0fb1b207ad08a68e9d3719c6e4f6a8e62d6eb49ccda99f8f,earn,Admin Adjustment (+),5,False,,,,2026-05-03 11:12:21,,Manual point grant,admin
07ba4e2c317c7436d8eb818555a6e5cb465676313acea00b441b16914aebf34b,18faf257ba6922a03804d8b32bc48b9e8d8dc3529f3c98c32e8461e6ea1333f9,earn,Admin Adjustment (+),10,False,,,,2026-05-03 17:34:13,,Manual point grant,admin
a4164fef40941e5cfc63b7ffb7aa5917e094e5b6a755dfd2ac0de887fea52d33,7c3ed7730f0ca83a853404ec99d01be8ce4f75980f76d47d2b76d6bc1b87549e,earn,Welcome Bonus,10,False,,,,2026-05-04 00:48:00,2026-10-31 00:48:00,Welcome to Raw Smith Circle!,customer
a2da5622d8d9d720b0eed884b9e083de8c70345dff8cda6948cbc5678b7ab460,a7ba72bd68a4caa4afda5f062409afde37657f402fed81d6466b62612a2f068d,earn,Admin Adjustment (+),40,False,,,,2026-05-04 11:36:10,,Manual point grant,admin
a0eb393d4798c10d379b8bde154f7f312c9da6ce9441a9a356731729e4b9aa12,7d05a042bca1664d46ffb3e0cc7e61805072a66609f037e5716bd9acef69babd,earn,Admin Adjustment (+),5,False,,,,2026-05-04 11:46:36,2026-10-31 11:46:36,Manual point grant,admin
68d6f1a38404ccea127ed13ac42ca19a9c1d9cf222ce22975f537e7e54c747aa,63f9ca8eecff6cf8bae22e99fc1baf7bad5ef05deeef50040eaed5d8b8dd14f5,earn,Admin Adjustment (+),20,False,,,,2026-05-04 14:16:18,,Manual point grant,admin
e508c4b3717d62a7a7c6faeb210b67bfe41f956afe8e18d9d8d005399851f0cb,f8bf4184ac4772f1e5b1619f281e19c104eb941ea082c23e1a12a4356e87a6bf,earn,Drink Purchase,5,True,filter,2.5,,2026-05-04 14:59:34,2026-10-31 14:59:34,Drink purchase points,customer
8e1b0f96cc7d5b379f5173098ba230b6901d77304427608be820ad6b676fe291,579da5019dd74d0aaef5b375021936697054dc4c4698d8b5969f3c53ac3cc368,earn,Admin Adjustment (+),10,False,,,,2026-05-04 19:36:49,,Manual point grant,admin
0434b99f00b7cc2f12c4d153e080f78fe365653e5d0e7f660fdb677a5d8c9f3d,57a16dd38a34440b086de09867b479499e5917de5eddbb837fdd1152bd0b6bef,earn,Admin Adjustment (+),10,False,,,,2026-05-05 07:41:51,,Manual point grant,admin
b4034be1fea9a44f7d17fe5dd70bb18fbd9010e1c313348c36f5b7f00f2f0b1f,5f44c132f8640bfe6c97267e5bb2b6e0b7243a8c7eb05a3b61f4feefa92103a9,earn,Admin Adjustment (+),150,False,,,,2026-05-05 08:48:28,,Manual point grant,admin
9b433cb326b3d7f8885427099a4e6d49878fe4b46a42da87f9451fab907d98fe,c16d69c03bf20932e60535de01303a169e4464bb000a79431ceb098d1522524f,redeem,Redemption,-150,False,,,efb97d5834959df9244650f15eb648a0700f4b38db57a9b969b71f3255e2378d,2026-05-05 11:27:43,,Redeemed: Free Espresso Drink,customer
b04ad5e649508cd22908ef4d1851ede568631974d0d2025db9f6416903162967,a734429f3fcdeb38381762d96a077a27f7c318985c7ada699c45410650ff13c1,earn,Admin Adjustment (+),15,False,,,,2026-05-05 11:34:10,,Manual point grant,admin
db8e857b20b77d860a75da5222841a741da5a977932ca26be82c0a52ad572dfe,a4fbc9f143f6ee8eb80376a4effb15d38007085da39db72ce12ab61755d05dde,earn,Admin Adjustment (+),30,False,,,,2026-05-05 13:52:09,,Manual point grant,admin
21b7ac7fc1b1fea32d617e3ff15739d437a188c4219415ff0b8e2b0226326210,0c32258e3c936c2eaf222d8868d1d9ec998081e7dfa117e9876902dfed47d3d3,earn,Admin Adjustment (+),10,False,,,,2026-05-05 17:39:16,,Manual point grant,admin
889e98951b6510a9292a22a7b2ed118800336862ac0eeca02a1aaebe76372a39,2e8f0e76c882f5903f22ccf95aa653083fffbe09cb425883ad0cb59769e08f3a,earn,Admin Adjustment (+),15,False,,,,2026-05-06 09:53:21,,Manual point grant,admin
5128a385331c3c2e972d9e121db424f5bf990cc0e48f211b3584b29ca1e9ec5a,ca2e6dcd996ce770aa74ad3bd0272d9d3994fb6b7c5946a3f612592cba3777cc,earn,Admin Adjustment (+),10,False,,,,2026-05-07 08:11:37,,Manual point grant,admin
10090baf680bd4ca03d58e5ad328a287a1e7f822177a6cf96d16297e087ab45c,f8bf4184ac4772f1e5b1619f281e19c104eb941ea082c23e1a12a4356e87a6bf,earn,Admin Adjustment (+),15,False,,,,2026-05-07 16:08:02,,Manual point grant,admin
25b6151aaf0ff87a5295281c7ed00131c6b07557209b7175c0c877dd6899d5e5,7fa9eb2ec3e00b5dc8b54be4d43f2f2298fef33ec1652b514a90f8b56b71a24c,earn,Admin Adjustment (+),20,False,,,,2026-05-07 18:28:51,,Manual point grant,admin
a526f52dcc6878f50175a10b8981ff8a55142d5ab00421982e23c3b92f947ece,9653cb15d827e7dc146a46287914dc88a793e63354a0e5f311b41ef714df0ed3,earn,Admin Adjustment (+),25,False,,,,2026-05-08 11:28:15,,Manual point grant,admin
47a393b14e6f9ae4951924e4f6de9ae44e149c41c2e9e48a47c184f7e2cfbb85,022ed022d58340abfb9e11fe980e1c419717bd640236544827edbb73995f6c7c,earn,Admin Adjustment (+),10,False,,,,2026-05-08 13:06:59,,Manual point grant,admin
e6ac49c659c1369ac059eb7593705c91fc4dde2b6b0eacf803094578bcc9b70e,be287fb17832e81f0f23dbd9b2504d14d2d56668ff67fb29792c72ff254e49b8,earn,Admin Adjustment (+),10,False,,,,2026-05-09 09:21:57,,Manual point grant,admin
c0a5f238535ff1435289a5535ba96a5044d2c67add80ccbb514db3baba6b8d4b,36541d3088d1da623542db32f95508753393c9eedddf79e697d99f973c7a6869,earn,Admin Adjustment (+),10,False,,,,2026-05-09 12:05:33,,Manual point grant,admin
5804a57299d717d404d8feb30fd67c9da78d6bcb915d70b4167a00b44573e46a,cfe3f41fc069725a0fb1b207ad08a68e9d3719c6e4f6a8e62d6eb49ccda99f8f,earn,Admin Adjustment (+),30,False,,,,2026-05-09 20:14:47,,Manual point grant,admin
ca3fa112468c5c6bfa8b21cfbc22f9016310f0cb5abbdb7132ac9cca8deb9674,60f820ba362cdf9c342011859ceed333e5a1ae423a96d94e86be35cd376f153e,earn,Admin Adjustment (+),60,False,,,,2026-05-10 09:47:57,,Manual point grant,admin
198f7a89574197260f56c95cf382be6cde7f138a5f60f5bb2936874a91ff548a,d0d2247cdf00c6beeb2f658e7d1141d9319f85a4e57acd15ecfa6aa0f1d14b31,earn,Admin Adjustment (+),10,False,,,,2026-05-10 10:03:06,,Manual point grant,admin
e75e24cc709ce50cb49e66a9379b88d3384e1bcee06d2efc7e63c5515e3a1767,2458d43561e06ebe7f72979d78479f90916ab342444a8f9c3ec6e27469b90e45,earn,Welcome Bonus,10,False,,,,2026-05-11 00:09:00,2026-11-07 00:09:00,Welcome to Raw Smith Circle!,customer
ed6fa352b0fbaba58a9dd72e732f8adc02737ba715f95545349fb6bf29577348,d0d2247cdf00c6beeb2f658e7d1141d9319f85a4e57acd15ecfa6aa0f1d14b31,earn,Admin Adjustment (+),15,False,,,,2026-05-11 08:20:41,,Manual point grant,admin
ce2a885130f41773d7a512b8c051cd8430ccc31d28d4e063d219494191013c04,05dd121f492dde883117a525c1df359dd94346399e1e5dc7b69ef0dcb8e00a16,earn,Referral,25,False,,,,2026-05-11 08:45:13,,Referral bonus,customer
8d0199b736e438eb5beb24785b050c7e39abded91547d318fa69886c481b3cc6,2e8f0e76c882f5903f22ccf95aa653083fffbe09cb425883ad0cb59769e08f3a,earn,Admin Adjustment (+),25,False,,,,2026-05-11 23:31:22,,Manual point grant,admin
139e2703742b34e55c4e1cf0c5c47348c6a5d8d71ead225eb10a9c10593277c6,050f2b8c6f0d503728dd5adf1a68e2a72d4b74b90e8d5d854c53df0eb44408e8,earn,Admin Adjustment (+),10,False,,,,2026-05-12 13:38:38,,Manual point grant,admin
8a7a19c8d4a4d44d7afc2585ce93a178a45f2bfb206326dd280c920a2739f15f,36541d3088d1da623542db32f95508753393c9eedddf79e697d99f973c7a6869,earn,Admin Adjustment (+),25,False,,,,2026-05-13 09:43:31,,Manual point grant,admin
ba68f79ede1cae5d34a8cc174c99b98e319f3b92291c18ec83021e4ed1bb95b4,9b33e3d0c4ff628e166b7efb8fd55c09cba3e063f6495d33fbca3ad8ee2c6d1e,earn,Admin Adjustment (+),50,False,,,,2026-05-14 09:52:40,,Manual point grant,admin
3408f17c8acd4a0d6f31892083e06f01c2d5bfd5eb2913db21a4c09569af2ee1,6dac106c43be786560dae9ffa4fec30a00275f8c3649e643a67745a6f526de90,earn,Admin Adjustment (+),50,False,,,,2026-05-14 13:41:54,,Manual point grant,admin
c5385f96566fe2177e249498c77da95391f1e8ddd9196eb4aec47aeabc45800c,2291349a28cfeb08cfc82c4b6dadf009426b7440f1c9fd833e824cf7955f7bcf,earn,Admin Adjustment (+),10,False,,,,2026-05-15 08:55:45,,Manual point grant,admin
ef573c20bc16e125c3ca7071f6d030cc31ed97bfed3bd1cf7f39d0e89b290fbd,60f820ba362cdf9c342011859ceed333e5a1ae423a96d94e86be35cd376f153e,earn,Admin Adjustment (+),15,False,,,,2026-05-15 09:28:07,,Manual point grant,admin
8779f39022c137e2fef725bd9e14abaacdde96b55f4c7356a83a4968f8aed935,dd821bb8c29de15afe7e2e73810f8e9b72bb1852e57faa3746e8b00411a09f89,earn,Admin Adjustment (+),75,False,,,,2026-05-16 08:34:59,,Manual point grant,admin
98fddc22739fcd20a56537e750a732ccb08c984d78c1489fcb4216645771d8e4,16228fddcff0f24423896b57abc14d55b7b3e5487eefd5983a569d60f8a2e20b,earn,Admin Adjustment (+),10,False,,,,2026-05-16 14:27:41,,Manual point grant,admin
c5dc232fa759098fd4f4384760f03ad0b23b607bfbeb892e8760219a92a53be6,6a4579783621b55ff9a27b1dcb5d8247ab21e53fc5d407a9765944089e86255a,earn,Admin Adjustment (+),5,False,,,,2026-05-17 10:14:48,,Manual point grant,admin
871b3834f6c224d837a2249d4b951a1573b6656e8fda0924bcb319f118efe9a9,8c46df8646b7b4acc556a362e4c74cd36cf157cf5effb3868952c22adacdeb57,earn,Admin Adjustment (+),10,False,,,,2026-05-17 10:49:29,,Manual point grant,admin
82fe74e2f5ef764e995d359140d5b5ae56445a4a4d8a31d379704e098c1d39f2,40f1624a0c78a36a80451f1c5cd5483d62c3b60f486f1614d1bfbb9deb45ba37,earn,Admin Adjustment (+),10,False,,,,2026-05-17 11:37:14,,Manual point grant,admin
3612d4bdb3334fd4862ee2b79a70e7f021f92437dacdfbcf2954866759df54cb,716508881a407b64153e43cb1ab1746ea81e187da69e3bc769c9cb11232d19d3,earn,Admin Adjustment (+),10,False,,,,2026-05-17 12:44:53,,Manual point grant,admin
a3f2dd270c1a7f5ec9be11e6e58809f408917851efb07491c35797a9da7dd18e,88335f2b1fde41da84a59a25f840bd94d4cefcbf99349229e6ad88b821772bd2,earn,Admin Adjustment (+),10,False,,,,2026-05-17 16:23:01,,Manual point grant,admin
981259ad44f085b82f24cd95bac249f85f47e10fb65f56b3d3f34b38ffed61cf,dd821bb8c29de15afe7e2e73810f8e9b72bb1852e57faa3746e8b00411a09f89,redeem,Redemption,-100,False,,,2300562cdbefd09dc81a88309109acdf348b126d4815761a1d9bfada8fd9e1c3,2026-05-17 18:18:42,,Redeemed: Free Pastry with Drink,customer
a6b88f1648900f0c66262f9f67666e7b71b60ed08af14dc08c65c099e8ebd696,2d662ad03bcb6c818ea8cff3a82baf6d6208981b53b710e1eedf824b354f3251,earn,Admin Adjustment (+),10,False,,,,2026-05-17 20:56:34,,Manual point grant,admin
d5c44c13caa9b3732974de226d57859ec494343e191e859e22664b0ec8c1390e,5ab5af6760cc81a45e5fb460f87628ec681c0f692d2db63c9831f2f018c8d301,earn,Admin Adjustment (+),75,False,,,,2026-05-17 21:26:25,,Manual point grant,admin
4e975e64960eaa58c128ad0a2cbdf9918497713bd0d15626809047b6bc1ba6fb,653fe1fc46ebbf17b5f3f8f8e3db7a01f33d401a21f9eebb57c3eb645aa20d7b,earn,Admin Adjustment (+),25,False,,,,2026-05-18 09:38:29,,Manual point grant,admin
d506a708d4ba7e7396bd0645eab6f2538c527f687ab065bc31a4d99bad94ebf2,28ad6ca3fb0e2f5d50e7e1c1b3e1c6a4279f9c58c0aaeaa1b6f2a6a24d4c1c0a,earn,Admin Adjustment (+),5,False,,,,2026-05-18 13:13:50,,Manual point grant,admin
b355db99117d915e606d11ca8e4aae907d4779d620083a382a7714a01e200b44,b25ed1750aae5ef9500d96b7397194edd2a695e75a3cc7ee271f2117a10ed547,earn,Admin Adjustment (+),5,False,,,,2026-05-18 19:01:02,,Manual point grant,admin
f3ffe61787c46dbe266f47f3ab03d48306b5743b97910660f70a2c607daf0a0f,308c7ac0094cc2b1137bc1aa0a796f5e144026ab28fef033092f468dbed0479a,earn,Admin Adjustment (+),25,False,,,,2026-05-19 08:55:03,,Manual point grant,admin
89612395b8b868dfc69d7b92da89be7716cc6c11dfb3dc5b2383a03a4e96b0ed,c16d69c03bf20932e60535de01303a169e4464bb000a79431ceb098d1522524f,earn,Admin Adjustment (+),10,False,,,,2026-05-19 09:06:38,,Manual point grant,admin
c6535fb5a27151c5c123ee22559806dc85ef0d1900458082a3bb1158e693ac95,aa67e8edc3ea2d76eb3a365d66a98091c2b42488f3287aa89253db78111d0d16,earn,Admin Adjustment (+),10,False,,,,2026-05-19 11:10:54,,Manual point grant,admin
d71379b936879503b76b13cc518d45c95013b011515b93340d20864caaec6e83,18faf257ba6922a03804d8b32bc48b9e8d8dc3529f3c98c32e8461e6ea1333f9,earn,Admin Adjustment (+),40,False,,,,2026-05-19 12:23:07,,Manual point grant,admin
adff69347bdd05bcccfd6b48ac70492d869e7eb35efe6a3abfed62ca46695b53,3f6c972319dbbe576cad2270b2237c43289f21ea736d29e0b1f2050d97b129f5,earn,Admin Adjustment (+),10,False,,,,2026-05-20 02:31:05,,Manual point grant,admin
